SchoolName,EmployedBarPassageRequiredFTLT,EmployedBarPassageRequiredFTST,EmployedBarPassageRequiredPTLT,EmployedBarPassageRequiredPTST,EmployedBarPassageRequiredNumber,EmployedJDAdvantageFTLT,EmployedJDAdvantageFTST,EmployedJDAdvantagePTLT,EmployedJDAdvantagePTST,EmployedJDAdvantageNumber,EmployedProfessionPositionFTLT,EmployedProfessionPositionFTST,EmployedProfessionPositionPTLT,EmployedProfessionPositionPTST,EmployedProfessionPositionNumber,EmployedNonProfessionPositionFTLT,EmployedNonProfessionPositionFTST,EmployedNonProfessionPositionPTLT,EmployedNonProfessionPositionPTST,EmployedNonProfessionPositionNumber,EmployedLawSchoolFTLT,EmployedLawSchoolFTST,EmployedLawSchoolPTLT,EmployedLawSchoolPTST,EmployedLawSchoolNumber,EmployedUndeterminableFTLT,EmployedUndeterminableFTST,EmployedUndeterminablePTLT,EmployedUndeterminablePTST,EmployedUndeterminableNumber,EmployedPursuingGraduateDegreeNumber,UnEmployedStartDateDeferredNumber,UnEmployedNotSeekingNumber,UnEmployedSeekingNumber,EmploymentStatusUnknownNumber,TotalGraduatesNumber,Funded_BarPassgeFullTimeLongTerm,Funded_BarPassgeFullTimeShortTerm,Funded_BarPassgePartTimeLongTerm,Funded_BarPassgePartTimeShortTerm,Funded_BarPassgeTotalEmployed,Funded_JDAdvantageFullTimeLongTerm,Funded_JDAdvantageFullTimeShortTerm,Funded_JDAdvantagePartTimeLongTerm,Funded_JDAdvantagePartTimeShortTerm,Funded_JDAdvantageTotalEmployed,Funded_ProfessionFullTimeLongTerm,Funded_ProfessionFullTimeShortTerm,Funded_ProfessionPartTimeLongTerm,Funded_ProfessionPartTimeShortTerm,Funded_ProfessionTotalEmployed,Funded_NonProfessionFullTimeLongTerm,Funded_NonProfessionFullTimeShortTerm,Funded_NonProfessionPartTimeLongTerm,Funded_NonProfessionPartTimeShortTerm,Funded_NonProfessionTotalEmployed,Funded_TotFullTimeLongTerm,Funded_TotFullTimeShortTerm,Funded_TotPartTimeLongTerm,Funded_TotPartTimeShortTerm,Funded_TotTotalEmployed,Solo-FTLT,Solo-FTST,Solo-PTLT,Solo-PTST,Solo,2-10-FTLT,2-10-FTST,2-10-PTLT,2-10-PTST,10-Feb,11-25-FTLT,11-25-FTST,11-25-PTLT,11-25-PTST,25-Nov,26-50-FTLT,26-50-FTST,26-50-PTLT,26-50-PTST,26-50,51-100-FTLT,51-100-FTST,51-100-PTLT,51-100-PTST,51-100,101-250-FTLT,101-250-FTST,101-250-PTLT,101-250-PTST,101-250,251-500-FTLT,251-500-FTST,251-500-PTLT,251-500-PTST,251-500,501-FTLT,501-FTST,501-PTLT,501-PTST,501-PLUS,Unknown-FTLT,Unknown-FTST,Unknown-PTLT,Unknown-PTST,Unknown,BusinessIndustry-FTLT,BusinessIndustry-FTST,BusinessIndustry-PTLT,BusinessIndustry-PTST,BusinessIndustry,Government-FTLT,Government-FTST,Government-PTLT,Government-PTST,Government,PublicInterest-FTLT,PublicInterest-FTST,PublicInterest-PTLT,PublicInterest-PTST,PublicInterest,Federal-FTLT,Federal-FTST,Federal-PTLT,Federal-PTST,Federal,StateLocal-FTLT,StateLocal-FTST,StateLocal-PTLT,StateLocal-PTST,StateLocal,Other-FTLT,Other-FTST,Other-PTLT,Other-PTST,Other,Academia-FTLT,Academia-FTST,Academia-PTLT,Academia-PTST,Academia,UnknownEmployerType-FTLT,UnknownEmployerType-FTST,UnknownEmployerType-PTLT,UnknownEmployerType-PTST,UnknownEmployerType,Total-FTLT,Total-FTST,Total-PTLT,Total-PTST,Total,FirstLargestEmployment,FirstLargestEmploymentNumber,SecondLargestEmployment,SecondLargestEmploymentNumber,ThirdLargestEmployment,ThirdLargestEmploymentNumber,EmployedInForeignCountries
"AKRON, UNIVERSITY OF",58,2,8,2,70,20,0,5,1,26,4,0,1,0,5,4,0,0,0,4,0,0,0,0,0,0,0,0,0,0,1,0,1,9,8,124,0,0,0,0,0,0,0,0,0,0,0,0,0,0,0,0,0,0,0,0,0,0,0,0,0,3,1,2,0,6,18,0,6,0,24,10,0,2,0,12,4,0,1,0,5,3,0,0,0,3,3,0,0,0,3,2,0,0,0,2,1,0,0,0,1,0,0,0,0,0,20,0,2,0,22,16,0,1,2,19,2,0,0,0,2,1,0,0,0,1,1,1,0,1,3,0,0,0,0,0,2,0,0,0,2,0,0,0,0,0,86,2,14,3,105,Ohio,92,Florida,2,New York,2,0
"ALABAMA, UNIVERSITY OF",110,0,0,0,110,16,1,3,0,20,0,0,0,1,1,0,0,1,0,1,0,0,0,1,1,0,0,0,0,0,1,0,3,8,0,145,0,0,0,0,0,0,0,0,1,1,0,0,0,0,0,0,0,0,0,0,0,0,0,1,1,4,0,0,0,4,26,0,1,0,27,8,0,0,0,8,7,0,0,0,7,7,0,0,0,7,7,0,0,0,7,5,0,0,0,5,7,0,0,0,7,0,0,0,0,0,10,0,3,1,14,18,1,0,0,19,3,0,0,0,3,15,0,0,0,15,6,0,0,0,6,0,0,0,0,0,3,0,0,1,4,0,0,0,0,0,126,1,4,2,133,Alabama,66,Georgia,10,Texas,9,1
ALBANY LAW SCHOOL OF UNION UNIVERSITY,106,0,1,0,107,17,7,2,1,27,1,0,0,0,1,1,0,0,0,1,1,0,0,0,1,0,0,0,0,0,2,0,0,12,0,151,1,0,0,0,1,0,0,0,0,0,0,0,0,0,0,0,0,0,0,0,1,0,0,0,1,0,0,0,0,0,38,1,1,1,41,16,0,0,0,16,4,0,0,0,4,4,0,0,0,4,2,0,0,0,2,3,0,0,0,3,2,0,0,0,2,0,0,0,0,0,14,0,1,0,15,24,6,1,0,31,12,0,0,0,12,2,0,0,0,2,5,0,0,0,5,0,0,0,0,0,0,0,0,0,0,0,0,0,0,0,126,7,3,1,137,New York,126,New Jersey,3,District of Columbia,2,0
AMERICAN JUSTICE,0,0,0,0,0,0,0,0,0,0,0,0,0,0,0,0,0,0,0,0,0,0,0,0,0,0,0,0,0,0,0,0,0,0,0,0,0,0,0,0,0,0,0,0,0,0,0,0,0,0,0,0,0,0,0,0,0,0,0,0,0,0,0,0,0,0,0,0,0,0,0,0,0,0,0,0,0,0,0,0,0,0,0,0,0,0,0,0,0,0,0,0,0,0,0,0,0,0,0,0,0,0,0,0,0,0,0,0,0,0,0,0,0,0,0,0,0,0,0,0,0,0,0,0,0,0,0,0,0,0,0,0,0,0,0,0,0,0,0,0,0,0,0,0,0,0,0,0,0,0,0,New York,126,New Jersey,3,District of Columbia,2,0
AMERICAN UNIVERSITY,219,5,1,0,225,56,9,4,4,73,14,1,1,4,20,0,0,0,1,1,0,1,0,0,1,0,0,0,0,0,15,7,3,67,3,415,0,1,0,0,1,0,0,0,0,0,0,0,0,0,0,0,0,0,0,0,0,1,0,0,1,1,0,0,0,1,23,2,2,1,28,8,0,0,0,8,5,0,0,0,5,5,0,0,0,5,8,0,0,0,8,12,0,0,0,12,35,0,0,0,35,0,0,0,0,0,34,3,1,3,41,65,6,1,0,72,28,5,1,1,35,13,0,0,0,13,46,0,0,0,46,1,0,0,1,2,5,0,1,3,9,0,0,0,0,0,289,16,6,9,320,District of Columbia,143,Virginia,39,Maryland,31,11
APPALACHIAN SCHOOL OF LAW,15,0,0,0,15,7,1,2,1,11,0,0,0,0,0,1,0,0,1,2,0,0,0,1,1,0,0,0,0,0,1,2,2,4,4,42,0,0,0,0,0,0,0,0,1,1,0,0,0,0,0,0,0,0,0,0,0,0,0,1,1,1,0,0,0,1,8,1,1,1,11,0,0,0,0,0,0,0,0,0,0,0,0,0,0,0,0,0,0,0,0,0,0,0,0,0,0,0,0,0,0,0,0,0,0,0,5,0,0,0,5,4,0,1,0,5,1,0,0,0,1,0,0,0,0,0,3,0,0,0,3,0,0,0,0,0,1,0,0,2,3,0,0,0,0,0,23,1,2,3,29,Virginia,15,West Virginia,5,Kentucky,3,0
ARIZONA STATE UNIVERSITY,131,1,0,0,132,35,0,3,0,38,0,0,2,0,2,1,0,0,0,1,0,0,0,0,0,0,0,0,0,0,1,0,3,13,0,190,0,0,0,0,0,0,0,0,0,0,0,0,0,0,0,0,0,0,0,0,0,0,0,0,0,6,0,0,0,6,37,0,2,0,39,9,0,0,0,9,6,0,0,0,6,4,0,0,0,4,5,0,0,0,5,4,0,0,0,4,10,0,0,0,10,0,0,0,0,0,31,1,3,0,35,38,0,0,0,38,1,0,0,0,1,2,0,0,0,2,14,0,0,0,14,0,0,0,0,0,0,0,0,0,0,0,0,0,0,0,167,1,5,0,173,Arizona,149,California,7,Utah,3,2
ARIZONA SUMMIT LAW SCHOOL,84,1,4,1,90,20,2,1,0,23,36,2,5,2,45,1,0,2,1,4,0,0,0,10,10,0,0,0,0,0,6,0,6,35,2,221,0,0,0,0,0,0,0,0,10,10,0,0,0,0,0,0,0,0,0,0,0,0,0,10,10,9,0,0,0,9,51,1,6,7,65,3,0,0,0,3,2,0,0,0,2,2,0,0,0,2,1,0,0,0,1,0,0,0,0,0,2,0,0,0,2,0,0,0,0,0,33,3,6,3,45,28,1,0,1,30,4,0,0,2,6,0,0,0,0,0,3,0,0,0,3,0,0,0,0,0,3,0,0,1,4,0,0,0,0,0,141,5,12,14,172,Arizona,120,Texas,11,California,4,0
"ARIZONA, UNIVERSITY OF",85,1,1,1,88,18,1,0,2,21,1,0,0,0,1,0,0,0,1,1,3,0,0,0,3,0,0,0,1,1,3,0,3,2,1,124,1,0,0,0,1,2,0,0,0,2,0,0,0,0,0,0,0,0,0,0,3,0,0,0,3,1,0,1,0,2,12,0,0,3,15,1,0,0,0,1,4,0,0,0,4,3,0,0,0,3,5,0,0,0,5,9,0,0,0,9,7,0,0,0,7,2,0,0,0,2,12,1,0,1,14,20,1,0,0,21,6,0,0,0,6,1,0,0,0,1,20,0,0,0,20,0,0,0,0,0,4,0,0,0,4,0,0,0,1,1,107,2,1,5,115,Arizona,76,California,5,New York,4,11
"ARKANSAS, FAYETTEVILLE, UNIVERSITY OF",69,1,0,0,70,16,1,1,0,18,3,0,0,0,3,0,0,0,0,0,0,0,0,0,0,0,0,0,0,0,7,0,2,5,2,107,0,0,0,0,0,0,0,0,0,0,0,0,0,0,0,0,0,0,0,0,0,0,0,0,0,0,0,0,0,0,28,0,0,0,28,3,0,0,0,3,4,0,0,0,4,1,0,0,0,1,2,0,0,0,2,0,0,0,0,0,3,0,0,0,3,0,0,0,0,0,18,1,1,0,20,16,1,0,0,17,5,0,0,0,5,6,0,0,0,6,2,0,0,0,2,0,0,0,0,0,0,0,0,0,0,0,0,0,0,0,88,2,1,0,91,Arkansas,58,Texas,12,Missouri,8,0
"ARKANSAS, LITTLE ROCK, UNIVERSITY OF",65,2,0,1,68,21,4,3,1,29,9,1,0,1,11,3,1,0,2,6,0,0,0,0,0,0,0,0,0,0,0,1,0,9,5,129,0,0,0,0,0,0,0,0,0,0,0,0,0,0,0,0,0,0,0,0,0,0,0,0,0,2,0,0,0,2,29,4,2,2,37,7,1,0,0,8,1,0,0,0,1,3,0,0,0,3,0,0,0,0,0,0,0,0,0,0,1,0,0,0,1,2,0,0,0,2,20,1,0,2,23,23,1,1,0,25,4,0,0,1,5,3,0,0,0,3,1,0,0,0,1,0,0,0,0,0,0,1,0,0,1,2,0,0,0,2,98,8,3,5,114,Arkansas,94,Tennessee,3,California,2,0
ATLANTA JOHN MARSHALL SAVANNAH,18,0,1,1,20,4,0,4,0,8,1,0,1,0,2,1,0,0,0,1,0,0,0,0,0,0,0,0,0,0,1,0,0,3,1,36,0,0,0,0,0,0,0,0,0,0,0,0,0,0,0,0,0,0,0,0,0,0,0,0,0,3,0,0,0,3,8,0,4,0,12,2,0,0,0,2,0,0,0,0,0,0,0,0,0,0,0,0,0,0,0,0,0,0,0,0,0,0,0,0,0,0,0,0,0,0,2,0,1,0,3,6,0,0,0,6,1,0,0,1,2,1,0,0,0,1,1,0,0,0,1,0,0,0,0,0,0,0,1,0,1,0,0,0,0,0,24,0,6,1,31,Georgia,20,South Carolina,4,Washington,2,0
ATLANTA'S JOHN MARSHALL LAW SHOOL,50,4,4,0,58,33,3,5,5,46,12,0,0,2,14,0,0,0,0,0,0,0,0,0,0,0,0,0,0,0,4,0,7,13,1,143,0,0,0,0,0,0,0,0,0,0,0,0,0,0,0,0,0,0,0,0,0,0,0,0,0,10,0,0,0,10,36,2,7,5,50,4,2,2,0,8,1,0,0,0,1,1,0,0,0,1,1,0,0,0,1,0,0,0,0,0,0,0,0,0,0,0,0,0,0,0,14,3,0,0,17,20,0,0,0,20,4,0,0,0,4,0,0,0,0,0,1,0,0,0,1,0,0,0,0,0,3,0,0,2,5,0,0,0,0,0,95,7,9,7,118,Georgia,112,Illinois,2,Ohio,2,0
AVE MARIA SCHOOL OF LAW,36,1,1,1,39,2,1,1,1,5,2,0,2,0,4,0,0,0,0,0,0,0,0,1,1,0,0,0,0,0,2,1,1,9,1,63,0,0,0,1,1,0,0,0,0,0,0,0,0,0,0,0,0,0,0,0,0,0,0,1,1,1,0,0,0,1,15,0,2,1,18,2,1,0,0,3,0,0,0,0,0,0,0,0,0,0,0,0,0,0,0,0,0,0,0,0,0,0,0,0,0,1,0,0,1,2,4,0,2,0,6,15,0,0,0,15,0,1,0,0,1,1,0,0,0,1,0,0,0,0,0,0,0,0,0,0,0,0,0,1,1,1,0,0,0,1,40,2,4,3,49,Florida,35,Illinois,2,New York,2,0
"BALTIMORE, UNIVERSITY OF",143,2,0,0,145,70,0,8,2,80,14,0,5,0,19,2,0,3,1,6,0,0,0,0,0,0,0,0,0,0,5,3,0,12,7,277,0,0,0,0,0,0,0,0,0,0,0,0,0,0,0,0,0,0,0,0,0,0,0,0,0,4,0,0,0,4,38,0,4,2,44,11,0,0,0,11,6,0,0,0,6,5,0,1,0,6,3,0,0,0,3,0,0,0,0,0,5,0,0,0,5,1,0,0,0,1,30,0,10,1,41,48,0,1,0,49,9,0,0,0,9,1,0,0,0,1,66,2,0,0,68,0,0,0,0,0,2,0,0,0,2,0,0,0,0,0,229,2,16,3,250,Maryland,199,District of Columbia,16,Virginia,6,0
BARRY UNIVERSITY,83,1,2,1,87,40,8,3,2,53,26,1,4,1,32,5,0,2,1,8,0,1,0,0,1,0,0,1,2,3,3,1,2,43,14,247,0,0,0,0,0,0,1,0,0,1,0,0,0,0,0,0,0,0,0,0,0,1,0,0,1,8,1,1,0,10,49,1,4,1,55,5,0,0,0,5,2,0,0,0,2,2,0,0,0,2,1,0,0,0,1,1,0,0,0,1,0,0,0,0,0,1,0,0,1,2,41,7,6,3,57,34,1,0,0,35,5,0,0,0,5,1,0,0,0,1,2,0,0,0,2,0,0,0,0,0,2,1,1,0,4,0,0,0,2,2,154,11,12,7,184,Florida,162,Georgia,4,Texas,4,0
BAYLOR UNIVERSITY,122,0,1,1,124,4,1,2,0,7,2,1,0,0,3,2,0,1,0,3,1,0,0,2,3,0,0,0,0,0,3,3,0,10,2,158,1,0,0,2,3,0,0,0,0,0,0,0,0,0,0,0,0,0,0,0,1,0,0,2,3,1,0,0,0,1,51,0,2,0,53,13,0,1,0,14,5,0,0,0,5,2,0,0,0,2,5,0,0,0,5,7,0,0,0,7,6,0,0,0,6,0,0,0,0,0,5,0,0,0,5,20,2,1,1,24,1,0,0,0,1,11,0,0,0,11,3,0,0,0,3,0,0,0,0,0,1,0,0,2,3,0,0,0,0,0,131,2,4,3,140,Texas,128,New Mexico,2,Virginia,2,1
BELMONT UNIVERSITY,49,3,0,2,54,7,0,2,0,9,2,0,0,0,2,0,0,0,0,0,0,0,0,0,0,0,0,0,0,0,0,0,0,3,1,69,0,0,0,0,0,0,0,0,0,0,0,0,0,0,0,0,0,0,0,0,0,0,0,0,0,2,0,0,0,2,20,0,2,0,22,0,0,0,0,0,1,0,0,0,1,0,0,0,0,0,2,0,0,0,2,3,0,0,0,3,1,0,0,0,1,0,0,0,0,0,6,2,0,2,10,10,1,0,0,11,5,0,0,0,5,1,0,0,0,1,7,0,0,0,7,0,0,0,0,0,0,0,0,0,0,0,0,0,0,0,58,3,2,2,65,Tennessee,55,District of Columbia,2,Kentucky,2,0
BOSTON COLLEGE,183,1,0,0,184,14,6,0,2,22,1,0,0,0,1,0,0,0,1,1,3,0,0,1,4,0,0,0,0,0,2,1,2,7,3,227,3,0,0,0,3,0,0,0,0,0,0,0,0,1,1,0,0,0,0,0,3,0,0,1,4,0,0,0,0,0,14,0,0,1,15,6,1,0,0,7,7,0,0,0,7,9,0,0,0,9,16,0,0,0,16,14,1,0,1,16,57,0,0,0,57,0,0,0,0,0,27,4,0,1,32,26,1,0,0,27,9,0,0,0,9,3,0,0,0,3,13,0,0,0,13,0,0,0,0,0,0,0,0,1,1,0,0,0,0,0,201,7,0,4,212,Massachusetts,134,New York,20,California,7,2
BOSTON UNIVERSITY,157,2,2,3,164,11,0,0,0,11,2,1,0,0,3,1,0,0,0,1,11,0,0,5,16,0,0,0,0,0,7,4,0,15,0,221,11,0,0,3,14,0,0,0,2,2,0,0,0,0,0,0,0,0,0,0,11,0,0,5,16,0,0,0,0,0,13,0,2,1,16,6,0,0,0,6,8,0,0,0,8,4,0,0,0,4,18,0,0,0,18,9,0,0,0,9,51,0,0,0,51,0,0,0,0,0,23,3,0,2,28,23,0,0,2,25,13,0,0,3,16,2,0,0,0,2,12,0,0,0,12,0,0,0,0,0,0,0,0,0,0,0,0,0,0,0,182,3,2,8,195,Massachusetts,95,New York,43,California,9,5
BRIGHAM YOUNG UNIVERSITY,93,2,2,2,99,11,0,3,0,14,4,0,1,0,5,0,0,0,0,0,12,0,0,0,12,0,0,0,0,0,3,2,2,7,0,144,12,0,0,0,12,0,0,0,0,0,0,0,0,0,0,0,0,0,0,0,12,0,0,0,12,1,0,0,0,1,26,0,2,1,29,10,0,0,1,11,8,0,0,0,8,5,0,0,0,5,4,0,0,0,4,3,0,0,0,3,6,0,0,0,6,0,0,0,0,0,11,1,2,0,14,18,0,0,0,18,8,0,2,0,10,6,1,0,0,7,12,0,0,0,12,0,0,0,0,0,2,0,0,0,2,0,0,0,0,0,120,2,6,2,130,Utah,70,California,8,Nevada,8,4
BROOKLYN LAW SCHOOL,247,1,2,1,251,39,4,2,6,51,8,0,1,1,10,1,1,0,0,2,0,0,0,9,9,0,0,0,0,0,3,3,5,28,7,369,0,0,0,3,3,0,0,0,6,6,0,0,0,0,0,0,0,0,0,0,0,0,0,9,9,1,0,0,0,1,52,2,1,6,61,16,0,0,0,16,9,0,0,0,9,13,0,0,0,13,7,0,0,0,7,13,0,0,0,13,37,0,0,0,37,2,0,0,0,2,52,3,3,1,59,48,0,0,3,51,28,0,1,5,34,9,0,0,0,9,7,1,0,1,9,0,0,0,0,0,0,0,0,0,0,1,0,0,1,2,295,6,5,17,323,NEW YORK,295,NEW JERSEY,7,CALIFORNIA,6,2
CALIFORNIA WESTERN SCHOOL OF LAW,82,0,8,0,90,28,0,8,0,36,2,0,0,0,2,0,0,2,0,2,0,0,0,0,0,0,0,0,0,0,2,2,4,24,14,176,0,0,0,0,0,0,0,0,0,0,0,0,0,0,0,0,0,0,0,0,0,0,0,0,0,6,0,1,0,7,41,0,14,0,55,14,0,0,0,14,5,0,0,0,5,4,0,0,0,4,2,0,0,0,2,0,0,0,0,0,0,0,0,0,0,0,0,0,0,0,13,0,3,0,16,16,0,0,0,16,5,0,0,0,5,1,0,0,0,1,2,0,0,0,2,0,0,0,0,0,3,0,0,0,3,0,0,0,0,0,112,0,18,0,130,California,118,Nevada,3,District Of Columbia,2,0
"CALIFORNIA-BERKELEY, UNIVERSITY OF",278,1,0,0,279,11,0,0,0,11,2,0,0,0,2,0,0,0,0,0,23,1,0,0,24,0,0,0,0,0,4,1,2,6,1,330,21,1,0,0,22,2,0,0,0,2,0,0,0,0,0,0,0,0,0,0,23,1,0,0,24,1,0,0,0,1,12,0,0,0,12,1,0,0,0,1,4,0,0,0,4,7,0,0,0,7,9,0,0,0,9,17,0,0,0,17,138,0,0,0,138,0,0,0,0,0,9,0,0,0,9,28,1,0,0,29,37,1,0,0,38,39,0,0,0,39,11,0,0,0,11,0,0,0,0,0,1,0,0,0,1,0,0,0,0,0,314,2,0,0,316,California,203,New York,32,District of Columbia,17,1
"CALIFORNIA-DAVIS, UNIVERSITY OF",87,0,0,0,87,13,0,0,1,14,0,0,1,0,1,0,1,0,0,1,14,0,0,5,19,0,0,0,0,0,1,0,6,7,2,138,11,0,0,0,11,3,0,0,5,8,0,0,0,0,0,0,0,0,0,0,14,0,0,5,19,0,0,0,0,0,18,0,0,0,18,5,0,0,0,5,3,0,0,0,3,6,0,0,0,6,2,0,0,0,2,2,0,0,0,2,14,0,0,0,14,0,0,0,0,0,12,1,1,1,15,29,0,0,0,29,9,0,0,0,9,8,0,0,0,8,4,0,0,0,4,0,0,0,0,0,2,0,0,5,7,0,0,0,0,0,114,1,1,6,122,California,99,District of Columbia,3,Alaska,2,7
"CALIFORNIA-HASTINGS, UNIVERSITY OF",154,7,5,1,167,46,7,2,1,56,1,0,3,0,4,0,0,1,0,1,1,12,0,13,26,0,0,0,0,0,2,1,5,33,5,300,1,10,0,10,21,0,2,0,3,5,0,0,0,0,0,0,0,0,0,0,1,12,0,13,26,3,1,0,0,4,33,2,3,0,38,15,0,0,1,16,6,0,0,0,6,3,0,0,0,3,5,0,0,0,5,3,0,0,0,3,50,0,1,0,51,0,0,0,0,0,35,3,5,1,44,23,11,1,5,40,12,7,1,7,27,7,1,0,1,9,4,0,0,0,4,0,0,0,0,0,3,1,0,0,4,0,0,0,0,0,202,26,11,15,254,California,231,District of Columbia,5,Colorado,3,1
"CALIFORNIA-IRVINE, UNIVERSITY OF",84,2,2,0,88,3,0,0,0,3,0,0,0,0,0,0,0,0,0,0,14,0,0,0,14,0,0,0,0,0,3,2,0,7,1,118,14,0,0,0,14,0,0,0,0,0,0,0,0,0,0,0,0,0,0,0,14,0,0,0,14,0,0,0,0,0,9,0,0,0,9,14,0,2,0,16,4,0,0,0,4,0,0,0,0,0,5,0,0,0,5,3,0,0,0,3,9,0,0,0,9,0,0,0,0,0,4,0,0,0,4,17,2,0,0,19,18,0,0,0,18,16,0,0,0,16,2,0,0,0,2,0,0,0,0,0,0,0,0,0,0,0,0,0,0,0,101,2,2,0,105,CALIFORNIA,77,DISTRICT OF COLUMBIA,4,NEW YORK,4,2
"CALIFORNIA-LOS ANGELES, UNIVERSITY OF",239,0,1,2,242,18,1,1,4,24,0,0,0,0,0,0,0,0,0,0,30,0,0,1,31,0,0,0,0,0,4,2,0,11,2,316,22,0,0,0,22,8,0,0,1,9,0,0,0,0,0,0,0,0,0,0,30,0,0,1,31,0,0,0,0,0,40,0,1,5,46,14,0,0,0,14,10,0,0,0,10,12,0,0,0,12,19,0,0,0,19,11,0,0,0,11,97,0,0,0,97,0,0,0,0,0,17,0,1,2,20,25,1,0,0,26,25,0,0,0,25,8,0,0,0,8,8,0,0,0,8,0,0,0,0,0,1,0,0,0,1,0,0,0,0,0,287,1,2,7,297,California,255,New York,12,Texas,5,2
CAMPBELL UNIVERSITY,51,4,0,0,55,6,6,1,0,13,3,0,0,0,3,1,0,2,1,4,3,0,0,0,3,0,0,0,0,0,2,1,1,19,2,103,3,0,0,0,3,0,0,0,0,0,0,0,0,0,0,0,0,0,0,0,3,0,0,0,3,0,0,0,0,0,32,3,1,0,36,3,0,0,0,3,3,0,0,0,3,2,0,0,0,2,2,0,0,0,2,1,0,0,0,1,0,0,0,0,0,0,0,0,0,0,6,6,1,0,13,8,0,0,0,8,1,0,0,0,1,0,0,0,0,0,3,1,0,0,4,0,0,0,0,0,3,0,1,1,5,0,0,0,0,0,64,10,3,1,78,North Carolina,64,South Carolina,5,District of Columbia,1,0
CAPITAL UNIVERSITY,45,5,1,3,54,14,1,5,3,23,21,0,1,0,22,0,0,0,2,2,0,0,0,0,0,0,0,0,0,0,1,0,5,7,5,119,0,0,0,0,0,0,0,0,0,0,0,0,0,0,0,0,0,0,0,0,0,0,0,0,0,6,1,1,0,8,26,1,1,3,31,2,1,1,0,4,1,0,0,0,1,2,0,0,0,2,3,0,0,0,3,2,0,0,0,2,0,0,0,0,0,0,0,0,0,0,24,1,1,3,29,11,1,3,2,17,3,0,0,0,3,0,1,0,0,1,0,0,0,0,0,0,0,0,0,0,0,0,0,0,0,0,0,0,0,0,80,6,7,8,101,Ohio,84,New York,2,North Carolina,2,0
CARDOZO SCHOOL OF LAW,252,3,4,0,259,26,3,0,2,31,6,0,0,0,6,0,1,0,0,1,1,0,0,0,1,0,0,0,0,0,6,5,3,21,5,338,0,0,0,0,0,1,0,0,0,1,0,0,0,0,0,0,0,0,0,0,1,0,0,0,1,1,0,0,0,1,51,0,4,0,55,21,0,0,0,21,13,0,0,0,13,11,0,0,0,11,9,0,0,0,9,12,0,0,0,12,39,0,0,0,39,0,0,0,0,0,50,3,0,2,55,39,2,0,0,41,23,2,0,0,25,3,0,0,0,3,12,0,0,0,12,0,0,0,0,0,1,0,0,0,1,0,0,0,0,0,285,7,4,2,298,New York,262,New Jersey,15,Colorado,3,2
CASE WESTERN RESERVE UNIVERSITY,56,0,1,3,60,8,1,1,2,12,4,1,0,0,5,0,0,1,1,2,0,8,0,4,12,0,0,0,0,0,0,0,1,6,1,99,0,5,0,3,8,0,3,0,1,4,0,0,0,0,0,0,0,0,0,0,0,8,0,4,12,0,0,0,0,0,9,1,1,3,14,5,0,0,0,5,3,0,0,0,3,4,0,0,0,4,5,0,0,0,5,2,0,0,0,2,8,0,0,0,8,0,0,0,1,1,16,1,2,0,19,8,3,0,2,13,1,3,0,3,7,3,0,0,0,3,4,1,0,0,5,0,0,0,0,0,0,1,0,1,2,0,0,0,0,0,68,10,3,10,91,Ohio,49,New York,9,District of Columbia,4,2
CATHOLIC UNIVERSITY OF AMERICA,53,3,0,0,56,37,7,1,3,48,5,0,1,1,7,0,0,1,0,1,0,0,0,1,1,0,0,0,0,0,6,2,3,11,3,138,0,0,0,0,0,0,0,0,1,1,0,0,0,0,0,0,0,0,0,0,0,0,0,1,1,0,0,0,0,0,6,4,1,1,12,5,0,0,1,6,0,0,0,0,0,2,0,0,0,2,3,0,0,0,3,1,0,0,0,1,11,0,0,0,11,0,0,0,0,0,11,4,2,1,18,30,0,0,1,31,4,1,0,0,5,1,0,0,0,1,18,1,0,0,19,0,0,0,0,0,3,0,0,1,4,0,0,0,0,0,95,10,3,5,113,District of Columbia,52,Maryland,28,Virginia,18,0
CHAPMAN UNIVERSITY,78,2,2,1,83,18,3,4,0,25,3,0,1,1,5,1,0,1,0,2,0,0,0,0,0,0,0,0,0,0,2,2,2,37,0,158,0,0,0,0,0,0,0,0,0,0,0,0,0,0,0,0,0,0,0,0,0,0,0,0,0,0,0,0,0,0,40,0,3,1,44,5,0,0,0,5,5,0,0,0,5,10,0,0,0,10,2,0,0,0,2,0,0,0,0,0,3,0,0,0,3,0,0,0,0,0,24,2,5,0,31,8,3,0,0,11,2,0,0,0,2,1,0,0,0,1,0,0,0,0,0,0,0,0,0,0,0,0,0,1,1,0,0,0,0,0,100,5,8,2,115,California,106,Minnesota,2,Nevada,2,0
CHARLESTON SCHOOL OF LAW,75,5,0,1,81,10,6,1,3,20,11,1,0,0,12,0,1,0,0,1,0,0,0,0,0,0,0,0,0,0,10,1,3,11,2,141,0,0,0,0,0,0,0,0,0,0,0,0,0,0,0,0,0,0,0,0,0,0,0,0,0,3,0,0,0,3,35,2,1,3,41,8,0,0,0,8,6,0,0,0,6,3,0,0,0,3,2,0,0,0,2,2,0,0,0,2,0,0,0,0,0,0,0,0,0,0,11,8,0,0,19,17,2,0,0,19,1,0,0,0,1,0,0,0,0,0,7,1,0,1,9,0,0,0,0,0,1,0,0,0,1,0,0,0,0,0,96,13,1,4,114,South Carolina,85,Virginia,5,Georgia,4,0
CHARLOTTE SCHOOL OF LAW,80,10,0,2,92,14,40,1,8,63,21,6,6,15,48,0,2,0,2,4,0,0,0,0,0,0,0,0,0,0,3,2,14,105,9,340,0,0,0,0,0,0,0,0,0,0,0,0,0,0,0,0,0,0,0,0,0,0,0,0,0,13,0,0,0,13,45,2,1,6,54,4,0,1,1,6,2,1,0,0,3,2,1,0,0,3,1,0,0,0,1,2,0,0,0,2,2,0,0,0,2,0,0,0,0,0,30,50,3,14,97,11,4,1,3,19,2,0,1,1,4,0,0,0,0,0,1,0,0,0,1,0,0,0,0,0,0,0,0,2,2,0,0,0,0,0,115,58,7,27,207,North Carolina,141,South Carolina,11,Pennsylvania,7,1
"CHICAGO, UNIVERSITY OF",201,0,0,0,201,4,0,0,0,4,0,0,0,0,0,0,0,0,0,0,10,0,0,0,10,0,0,0,0,0,0,0,0,0,0,215,10,0,0,0,10,0,0,0,0,0,0,0,0,0,0,0,0,0,0,0,10,0,0,0,10,0,0,0,0,0,1,0,0,0,1,4,0,0,0,4,4,0,0,0,4,3,0,0,0,3,6,0,0,0,6,19,0,0,0,19,107,0,0,0,107,0,0,0,0,0,3,0,0,0,3,12,0,0,0,12,14,0,0,0,14,36,0,0,0,36,5,0,0,0,5,0,0,0,0,0,1,0,0,0,1,0,0,0,0,0,215,0,0,0,215,Illinois,73,New York,48,California,25,1
CHICAGO-KENT COLLEGE OF LAW-IIT,136,3,3,5,147,35,10,4,8,57,10,1,0,0,11,0,0,0,1,1,0,0,0,0,0,0,0,0,0,0,7,3,2,13,1,242,0,0,0,0,0,0,0,0,0,0,0,0,0,0,0,0,0,0,0,0,0,0,0,0,0,3,0,1,0,4,34,4,5,3,46,12,0,0,0,12,3,0,0,1,4,5,0,0,0,5,4,0,0,0,4,6,0,0,0,6,15,0,0,0,15,15,0,1,0,16,35,8,0,9,52,23,2,0,1,26,9,0,0,0,9,4,0,0,0,4,10,0,0,0,10,0,0,0,0,0,3,0,0,0,3,0,0,0,0,0,181,14,7,14,216,Illinois,168,California,4,Pennsylvania,4,6
"CINCINNATI, UNIVERSITY OF",74,2,0,2,78,13,0,0,0,13,2,0,0,0,2,1,0,0,0,1,0,0,0,0,0,0,0,0,0,0,1,1,1,5,2,104,0,0,0,0,0,0,0,0,0,0,0,0,0,0,0,0,0,0,0,0,0,0,0,0,0,0,0,0,0,0,17,1,0,1,19,5,0,0,0,5,2,0,0,0,2,3,0,0,0,3,4,0,0,0,4,2,0,0,0,2,10,0,0,0,10,0,0,0,0,0,16,1,0,1,18,17,0,0,0,17,7,0,0,0,7,1,0,0,0,1,3,0,0,0,3,0,0,0,0,0,3,0,0,0,3,0,0,0,0,0,90,2,0,2,94,Ohio,70,Kentucky,4,Indiana,3,0
CITY UNIVERSITY OF NEW YORK,69,1,1,2,73,3,3,0,0,6,0,0,0,4,4,0,0,0,0,0,0,0,0,2,2,0,0,0,0,0,0,3,6,10,0,104,0,0,0,0,0,0,0,0,2,2,0,0,0,0,0,0,0,0,0,0,0,0,0,2,2,1,0,0,0,1,7,2,1,3,13,1,0,0,0,1,0,0,0,0,0,1,0,0,0,1,0,0,0,0,0,0,0,0,1,1,0,0,0,0,0,0,1,0,0,1,0,1,0,1,2,29,0,0,0,29,18,0,0,2,20,1,0,0,0,1,14,0,0,0,14,0,0,0,0,0,0,0,0,1,1,0,0,0,0,0,72,4,1,8,85,New York,67,New Jersey,12,Connecticut,2,0
CLEVELAND STATE UNIVERSITY,61,1,3,1,66,17,0,4,0,21,8,1,0,1,10,1,0,2,0,3,0,0,0,0,0,0,0,0,0,0,0,1,1,13,2,117,0,0,0,0,0,0,0,0,0,0,0,0,0,0,0,0,0,0,0,0,0,0,0,0,0,2,0,0,0,2,21,1,5,1,28,8,0,1,0,9,6,0,0,0,6,4,0,0,0,4,8,0,0,0,8,1,0,0,0,1,2,0,0,0,2,0,0,0,0,0,20,0,2,0,22,13,1,0,0,14,1,0,0,0,1,0,0,0,0,0,1,0,0,0,1,0,0,0,0,0,0,0,1,0,1,0,0,0,1,1,87,2,9,2,100,Ohio,97,New York,1,North Carolina,1,0
"COLORADO, UNIVERSITY OF",123,3,3,0,129,12,3,0,1,16,0,3,0,0,3,0,0,1,2,3,4,0,0,9,13,0,0,0,0,0,2,5,1,8,4,184,3,0,0,7,10,1,0,0,2,3,0,0,0,0,0,0,0,0,0,0,4,0,0,9,13,1,0,1,0,2,18,1,2,1,22,3,1,0,0,4,8,0,0,0,8,1,0,0,0,1,5,0,0,0,5,6,0,0,0,6,11,1,0,0,12,0,0,0,0,0,19,4,1,2,26,25,1,0,1,27,15,1,0,1,17,3,0,0,0,3,18,0,0,7,25,0,0,0,0,0,6,0,0,0,6,0,0,0,0,0,139,9,4,12,164,Colorado,133,Texas,7,California,3,1
COLUMBIA UNIVERSITY,356,2,0,0,358,8,1,1,0,10,1,0,0,0,1,0,0,0,0,0,12,0,0,0,12,0,1,0,0,1,0,1,1,5,0,389,12,0,0,0,12,0,0,0,0,0,0,0,0,0,0,0,0,0,0,0,12,0,0,0,12,0,0,0,0,0,5,0,0,0,5,2,0,0,0,2,1,0,0,0,1,0,0,0,0,0,6,1,0,0,7,38,0,0,0,38,258,0,0,0,258,0,0,0,0,0,10,1,1,0,12,17,0,0,0,17,18,0,0,0,18,19,0,0,0,19,2,0,0,0,2,1,1,0,0,2,0,0,0,0,0,0,1,0,0,1,377,4,1,0,382,New York,282,California,24,District of Columbia,24,14
CONCORDIA LAW SCHOOL,23,1,0,0,24,5,1,1,1,8,1,0,0,0,1,0,0,0,0,0,0,1,0,0,1,0,0,0,0,0,1,0,1,2,0,38,0,0,0,0,0,0,0,0,0,0,0,1,0,0,1,0,0,0,0,0,0,1,0,0,1,1,0,0,0,1,10,0,0,0,10,0,0,0,0,0,0,0,0,0,0,0,0,0,0,0,0,0,0,0,0,0,0,0,0,0,0,0,0,0,0,2,0,0,0,2,6,0,0,1,7,7,1,1,0,9,1,0,0,0,1,0,0,0,0,0,2,1,0,0,3,0,0,0,0,0,0,1,0,0,1,0,0,0,0,0,29,3,1,1,34,Idaho,31,Utah,2,Oregon,1,0
"CONNECTICUT, UNIVERSITY OF",108,2,0,1,111,14,0,1,1,16,6,0,0,0,6,4,0,0,0,4,0,0,0,0,0,0,0,0,0,0,2,1,0,6,5,151,0,0,0,0,0,0,0,0,0,0,0,0,0,0,0,0,0,0,0,0,0,0,0,0,0,1,0,0,0,1,14,0,0,1,15,13,0,0,0,13,7,0,0,0,7,4,0,0,0,4,11,0,0,0,11,3,0,0,0,3,7,0,0,0,7,0,0,0,0,0,26,2,0,1,29,19,0,0,0,19,5,0,1,0,6,2,0,0,0,2,19,0,0,0,19,1,0,0,0,1,0,0,0,0,0,0,0,0,0,0,132,2,1,2,137,Connecticut,91,Massachusetts,17,New York,12,1
CORNELL UNIVERSITY,166,0,0,0,166,2,0,1,0,3,0,0,0,0,0,1,0,0,0,1,2,5,0,0,7,0,0,0,0,0,1,0,1,3,2,184,2,3,0,0,5,0,2,0,0,2,0,0,0,0,0,0,0,0,0,0,2,5,0,0,7,0,0,0,0,0,1,0,0,0,1,3,0,0,0,3,2,0,0,0,2,5,0,0,0,5,6,0,0,0,6,19,0,0,0,19,102,0,0,0,102,0,0,0,0,0,3,0,0,0,3,9,0,0,0,9,4,3,1,0,8,10,1,0,0,11,7,1,0,0,8,0,0,0,0,0,0,0,0,0,0,0,0,0,0,0,171,5,1,0,177,New York,99,California,17,District Of Columbia,13,9
CREIGHTON UNIVERSITY,73,1,3,2,79,15,1,0,0,16,4,0,1,1,6,2,1,0,0,3,0,0,0,0,0,0,0,0,0,0,4,0,2,17,0,127,0,0,0,0,0,0,0,0,0,0,0,0,0,0,0,0,0,0,0,0,0,0,0,0,0,1,0,0,0,1,25,0,1,0,26,4,0,0,0,4,4,0,0,0,4,5,0,0,1,6,1,0,0,0,1,0,0,0,0,0,0,0,0,0,0,6,0,1,0,7,23,2,0,1,26,12,0,2,0,14,2,0,0,0,2,2,0,0,0,2,8,0,0,0,8,0,0,0,0,0,1,1,0,1,3,0,0,0,0,0,94,3,4,3,104,Nebraska,58,Iowa,8,Colorado,6,0
"DAYTON, UNIVERSITY OF",40,0,1,0,41,19,0,0,0,19,4,2,0,1,7,0,1,1,0,2,0,0,0,0,0,0,0,0,0,0,1,0,2,6,3,81,0,0,0,0,0,0,0,0,0,0,0,0,0,0,0,0,0,0,0,0,0,0,0,0,0,1,0,0,0,1,22,1,1,0,24,3,0,0,0,3,1,0,0,0,1,1,0,0,0,1,1,0,0,0,1,2,0,0,0,2,1,0,0,0,1,0,0,0,0,0,13,1,1,1,16,11,0,0,0,11,2,0,0,0,2,0,0,0,0,0,1,0,0,0,1,0,0,0,0,0,4,1,0,0,5,0,0,0,0,0,63,3,2,1,69,Ohio,44,Indiana,5,Kentucky,4,0
"DENVER, UNIVERSITY OF",168,0,9,4,181,43,6,5,2,56,4,0,0,0,4,3,0,1,0,4,5,1,0,5,11,0,0,0,0,0,0,0,0,10,1,267,5,0,0,5,10,0,1,0,0,1,0,0,0,0,0,0,0,0,0,0,5,1,0,5,11,3,0,0,0,3,46,1,9,4,60,16,1,0,0,17,10,0,0,0,10,3,0,0,0,3,4,0,0,0,4,0,0,0,0,0,11,0,0,0,11,0,0,0,0,0,31,3,3,0,37,64,1,3,6,74,7,1,0,1,9,1,0,0,0,1,25,0,0,0,25,0,0,0,0,0,2,0,0,0,2,0,0,0,0,0,223,7,15,11,256,Colorado,227,New Mexico,3,New York,3,0
DEPAUL UNIVERSITY,126,2,1,0,129,38,1,6,2,47,3,0,3,1,7,1,0,0,0,1,0,0,0,0,0,0,0,0,0,0,1,1,3,45,0,234,0,0,0,0,0,0,0,0,0,0,0,0,0,0,0,0,0,0,0,0,0,0,0,0,0,1,0,0,0,1,44,1,5,1,51,15,0,0,0,15,8,0,0,0,8,7,0,0,0,7,1,0,0,0,1,5,0,0,0,5,9,0,0,0,9,6,0,0,0,6,39,0,3,2,44,22,2,1,0,25,7,0,0,0,7,2,0,0,0,2,1,0,0,0,1,0,0,0,0,0,1,0,1,0,2,0,0,0,0,0,168,3,10,3,184,Illinois,160,California,4,Florida,3,1
"DETROIT MERCY, UNIVERSITY OF",49,41,0,0,90,21,1,4,1,27,4,0,1,0,5,1,0,2,0,3,0,0,0,1,1,0,0,0,0,0,2,1,0,13,4,146,0,0,0,0,0,0,0,0,1,1,0,0,0,0,0,0,0,0,0,0,0,0,0,1,1,2,0,0,0,2,18,12,3,0,33,10,8,0,0,18,4,4,0,0,8,4,1,0,0,5,5,0,0,0,5,0,0,0,0,0,1,4,0,0,5,0,0,0,0,0,17,9,2,0,28,4,2,1,0,7,2,1,1,1,5,0,0,0,0,0,7,0,0,0,7,1,0,0,0,1,0,0,0,1,1,0,1,0,0,1,75,42,7,2,126,Michigan,73,Illinois,1,Florida,3,51
DISTRICT OF COLUMBIA,33,6,0,0,39,30,1,3,3,37,2,0,2,0,4,1,0,1,1,3,1,0,0,0,1,0,0,0,0,0,0,0,0,11,2,97,1,0,0,0,1,0,0,0,0,0,0,0,0,0,0,0,0,0,0,0,1,0,0,0,1,1,0,0,0,1,9,0,1,1,11,0,0,0,0,0,0,0,0,0,0,0,0,0,0,0,0,0,0,0,0,0,0,0,0,0,1,0,0,0,1,0,0,0,0,0,21,4,3,1,29,12,1,0,0,13,7,0,0,1,8,0,0,0,0,0,12,2,0,0,14,0,0,0,0,0,4,0,2,1,7,0,0,0,0,0,67,7,6,4,84,District of Columbia,41,Maryland,17,Virginia,12,0
DRAKE UNIVERSITY,64,0,1,2,67,18,0,1,1,20,0,1,1,0,2,0,0,2,0,2,0,0,0,0,0,0,0,0,0,0,2,0,4,8,3,108,0,0,0,0,0,0,0,0,0,0,0,0,0,0,0,0,0,0,0,0,0,0,0,0,0,4,0,1,0,5,30,0,0,0,30,10,0,0,0,10,4,0,0,0,4,4,0,0,0,4,0,0,0,0,0,0,0,0,0,0,0,0,0,0,0,0,0,0,0,0,16,1,2,1,20,9,0,0,2,11,1,0,2,0,3,0,0,0,0,0,3,0,0,0,3,0,0,0,0,0,1,0,0,0,1,0,0,0,0,0,82,1,5,3,91,Iowa,81,Minnesota,2,Colorado,2,0
DREXEL UNIVERSITY,111,1,1,1,114,12,1,3,1,17,0,0,0,0,0,0,1,1,1,3,0,0,0,0,0,0,0,0,0,0,3,0,1,9,0,147,0,0,0,0,0,0,0,0,0,0,0,0,0,0,0,0,0,0,0,0,0,0,0,0,0,0,0,0,0,0,20,0,2,0,22,7,0,0,0,7,5,0,1,0,6,2,0,0,0,2,3,0,0,0,3,3,0,0,0,3,8,0,0,0,8,0,0,0,0,0,6,2,2,2,12,24,0,0,1,25,5,0,0,0,5,0,0,0,0,0,40,1,0,0,41,0,0,0,0,0,0,0,0,0,0,0,0,0,0,0,123,3,5,3,134,Pennsylvania,83,New Jersey,34,New York,4,0
DUKE UNIVERSITY,207,0,1,0,208,3,0,0,0,3,1,0,0,1,2,0,0,0,0,0,1,2,0,0,3,0,0,0,0,0,3,1,2,2,0,224,1,2,0,0,3,0,0,0,0,0,0,0,0,0,0,0,0,0,0,0,1,2,0,0,3,0,0,0,0,0,2,0,0,0,2,3,0,0,0,3,1,0,0,0,1,3,0,0,0,3,7,0,0,0,7,19,0,0,0,19,113,0,0,0,113,0,0,0,0,0,5,0,0,0,5,11,1,0,1,13,4,1,1,0,6,35,0,0,0,35,6,0,0,0,6,0,0,0,0,0,3,0,0,0,3,0,0,0,0,0,212,2,1,1,216,New York,63,District of Columbia,25,North Carolina,22,7
DUQUESNE UNIVERSITY,78,4,0,2,84,17,1,0,1,19,6,0,1,1,8,2,0,0,0,2,0,0,0,0,0,0,0,0,0,0,0,1,0,9,1,124,0,0,0,0,0,0,0,0,0,0,0,0,0,0,0,0,0,0,0,0,0,0,0,0,0,1,0,0,0,1,29,2,0,1,32,8,0,0,2,10,6,0,0,0,6,5,0,0,0,5,3,1,0,0,4,1,0,0,0,1,5,0,0,0,5,0,0,0,0,0,18,2,0,1,21,10,0,1,0,11,1,0,0,0,1,2,0,0,0,2,11,0,0,0,11,0,0,0,0,0,3,0,0,0,3,0,0,0,0,0,103,5,1,4,113,Pennsylvania,104,Florida,2,Ohio,2,0
ELON UNIVERSITY,30,5,0,0,35,16,5,1,2,24,1,2,1,0,4,0,0,0,1,1,0,0,0,0,0,0,0,0,0,0,2,1,1,21,0,89,0,0,0,0,0,0,0,0,0,0,0,0,0,0,0,0,0,0,0,0,0,0,0,0,0,3,0,0,0,3,17,1,0,0,18,3,0,0,0,3,2,0,0,1,3,1,0,0,0,1,0,0,0,0,0,0,0,0,0,0,0,1,0,0,1,0,0,0,0,0,6,6,2,1,15,12,2,0,1,15,2,1,0,0,3,0,0,0,0,0,0,0,0,0,0,0,0,0,0,0,1,1,0,0,2,0,0,0,0,0,47,12,2,3,64,North Carolina,46,Virginia,9,New York,2,0
EMORY UNIVERSITY,199,1,0,0,200,33,3,3,1,40,1,0,0,2,3,0,0,0,0,0,1,21,0,1,23,0,0,0,0,0,4,2,6,6,0,284,1,13,0,0,14,0,8,0,1,9,0,0,0,0,0,0,0,0,0,0,1,21,0,1,23,2,0,0,0,2,35,2,1,1,39,21,1,0,0,22,7,0,0,0,7,5,1,0,0,6,10,0,0,0,10,15,0,0,0,15,50,0,0,0,50,0,0,0,0,0,43,0,1,1,45,25,8,0,0,33,6,9,0,0,15,11,0,0,0,11,4,0,0,0,4,0,0,0,0,0,0,4,1,2,7,0,0,0,0,0,234,25,3,4,266,Georgia,136,New York,35,Florida,17,4
EUGENIO MARIA DE HOSTOS SCHOOL OF LAW,0,0,0,0,0,0,0,0,0,0,0,0,0,0,0,0,0,0,0,0,0,0,0,0,0,0,0,0,0,0,0,0,0,0,0,0,0,0,0,0,0,0,0,0,0,0,0,0,0,0,0,0,0,0,0,0,0,0,0,0,0,0,0,0,0,0,0,0,0,0,0,0,0,0,0,0,0,0,0,0,0,0,0,0,0,0,0,0,0,0,0,0,0,0,0,0,0,0,0,0,0,0,0,0,0,0,0,0,0,0,0,0,0,0,0,0,0,0,0,0,0,0,0,0,0,0,0,0,0,0,0,0,0,0,0,0,0,0,0,0,0,0,0,0,0,0,0,0,0,0,0,Georgia,136,New York,35,Florida,17,0
FAULKNER UNIVERSITY,43,0,2,1,46,11,0,1,0,12,4,0,0,0,4,0,0,1,1,2,0,0,0,0,0,0,0,0,0,0,2,0,0,8,0,74,0,0,0,0,0,0,0,0,0,0,0,0,0,0,0,0,0,0,0,0,0,0,0,0,0,4,0,0,0,4,21,0,2,0,23,2,0,0,0,2,0,0,0,0,0,1,0,0,0,1,3,0,0,0,3,0,0,0,0,0,0,0,0,0,0,3,0,0,0,3,5,0,1,1,7,15,0,1,1,17,1,0,0,0,1,1,0,0,0,1,0,0,0,0,0,0,0,0,0,0,1,0,0,0,1,1,0,0,0,1,58,0,4,2,64,Alabama,51,Georgia,4,Florida,3,0
FLORIDA A&M UNIVERSITY,45,0,0,0,45,15,2,2,3,22,18,0,0,0,18,1,0,0,0,1,0,1,0,0,1,0,0,0,0,0,1,0,2,18,12,120,0,0,0,0,0,0,1,0,0,1,0,0,0,0,0,0,0,0,0,0,0,1,0,0,1,3,0,0,0,3,13,1,1,2,17,5,0,0,0,5,3,0,1,0,4,3,0,0,0,3,3,0,0,0,3,0,0,0,0,0,1,0,0,0,1,0,0,0,0,0,14,1,0,1,16,22,0,0,0,22,3,0,0,0,3,2,0,0,0,2,1,0,0,0,1,0,0,0,0,0,6,1,0,0,7,0,0,0,0,0,79,3,2,3,87,Florida,77,District Of Columbia,1,Georgia,1,0
FLORIDA COASTAL SCHOOL OF LAW,108,4,13,1,126,13,3,2,5,23,20,2,6,4,32,0,0,0,0,0,0,0,0,0,0,0,0,0,0,0,11,0,15,83,9,299,0,0,0,0,0,0,0,0,0,0,0,0,0,0,0,0,0,0,0,0,0,0,0,0,0,4,0,0,0,4,45,3,8,6,62,7,0,4,0,11,4,0,0,0,4,5,0,0,0,5,0,0,1,0,1,0,0,1,0,1,0,1,0,0,1,0,0,0,0,0,29,0,3,1,33,29,5,1,2,37,11,0,0,0,11,0,0,0,0,0,3,0,0,0,3,0,0,0,0,0,4,0,3,1,8,0,0,0,0,0,141,9,21,10,181,Florida,137,Georgia,16,New York,6,1
FLORIDA INTERNATIONAL UNIVERSITY,108,2,1,0,111,17,0,2,0,19,2,0,3,0,5,0,0,0,0,0,0,0,0,0,0,0,0,0,0,0,2,1,3,12,0,153,0,0,0,0,0,0,0,0,0,0,0,0,0,0,0,0,0,0,0,0,0,0,0,0,0,5,0,0,0,5,50,0,2,0,52,15,0,0,0,15,3,0,0,0,3,2,0,0,0,2,4,0,0,0,4,4,0,0,0,4,4,0,0,0,4,0,0,0,0,0,13,2,2,0,17,21,0,1,0,22,5,0,0,0,5,0,0,0,0,0,0,0,0,0,0,0,0,0,0,0,1,0,1,0,2,0,0,0,0,0,127,2,6,0,135,Florida,127,District of Columbia,2,Georgia,2,0
FLORIDA STATE UNIVERSITY,136,0,1,0,137,16,3,8,0,27,1,0,1,0,2,0,0,0,1,1,0,0,0,0,0,0,0,0,0,0,2,0,5,4,11,189,0,0,0,0,0,0,0,0,0,0,0,0,0,0,0,0,0,0,0,0,0,0,0,0,0,0,0,0,0,0,27,0,8,0,35,6,0,0,0,6,7,0,0,0,7,7,0,0,0,7,8,0,0,0,8,2,0,0,0,2,2,0,0,0,2,0,0,0,0,0,17,2,1,1,21,59,0,1,0,60,7,1,0,0,8,5,0,0,0,5,4,0,0,0,4,0,0,0,0,0,2,0,0,0,2,0,0,0,0,0,153,3,10,1,167,Florida,139,Georgia,7,District of Columbia,5,2
"FLORIDA, UNIVERSITY OF",230,0,0,1,231,36,3,1,1,41,2,0,0,0,2,1,0,0,0,1,0,0,0,0,0,0,0,0,0,0,23,2,1,22,0,323,0,0,0,0,0,0,0,0,0,0,0,0,0,0,0,0,0,0,0,0,0,0,0,0,0,2,0,0,0,2,52,1,0,0,53,26,0,0,0,26,11,0,0,0,11,16,0,0,0,16,17,0,0,1,18,15,0,0,0,15,20,0,0,0,20,0,0,0,0,0,32,2,0,0,34,50,0,1,0,51,7,0,0,1,8,7,0,0,0,7,11,0,0,0,11,0,0,0,0,0,3,0,0,0,3,0,0,0,0,0,269,3,1,2,275,Florida,235,District of Columbia,10,Georgia,6,1
FORDHAM UNIVERSITY,286,3,0,1,290,29,3,2,0,34,14,0,0,0,14,0,0,0,0,0,1,9,0,2,12,0,0,0,0,0,2,1,1,29,1,384,0,1,0,1,2,1,8,0,1,10,0,0,0,0,0,0,0,0,0,0,1,9,0,2,12,0,0,0,0,0,20,0,2,0,22,17,2,0,0,19,10,0,0,0,10,12,0,0,0,12,10,0,0,0,10,32,0,0,0,32,109,2,0,0,111,0,0,0,0,0,45,1,0,0,46,40,2,0,1,43,17,0,0,2,19,10,1,0,0,11,7,0,0,0,7,0,0,0,0,0,1,7,0,0,8,0,0,0,0,0,330,15,2,3,350,New York,298,New Jersey,10,California,6,3
GENERIC UNIVERSITY SCHOOL OF LAW,0,0,0,0,0,0,0,0,0,0,0,0,0,0,0,0,0,0,0,0,0,0,0,0,0,0,0,0,0,0,0,0,0,0,0,0,0,0,0,0,0,0,0,0,0,0,0,0,0,0,0,0,0,0,0,0,0,0,0,0,0,0,0,0,0,0,0,0,0,0,0,0,0,0,0,0,0,0,0,0,0,0,0,0,0,0,0,0,0,0,0,0,0,0,0,0,0,0,0,0,0,0,0,0,0,0,0,0,0,0,0,0,0,0,0,0,0,0,0,0,0,0,0,0,0,0,0,0,0,0,0,0,0,0,0,0,0,0,0,0,0,0,0,0,0,0,0,0,0,0,0,New York,298,New Jersey,10,California,6,0
GEORGE MASON UNIVERSITY,86,1,0,0,87,25,0,4,0,29,1,0,1,0,2,0,0,0,0,0,4,0,0,2,6,0,0,0,0,0,2,0,5,2,0,133,2,0,0,0,2,2,0,0,2,4,0,0,0,0,0,0,0,0,0,0,4,0,0,2,6,0,0,0,0,0,22,0,1,0,23,6,0,0,0,6,3,0,0,0,3,3,0,0,0,3,4,0,0,0,4,2,0,0,0,2,12,0,0,0,12,0,0,0,0,0,20,1,2,0,23,25,0,0,0,25,5,0,1,0,6,2,0,0,0,2,11,0,0,0,11,0,0,0,0,0,1,0,1,2,4,0,0,0,0,0,116,1,5,2,124,Virginia,60,District of Columbia,42,California,4,1
GEORGE WASHINGTON UNIVERSITY,373,7,4,3,387,61,3,6,2,72,4,0,2,0,6,1,0,0,0,1,9,24,0,0,33,0,0,0,0,0,10,0,6,37,3,555,9,23,0,0,32,0,1,0,0,1,0,0,0,0,0,0,0,0,0,0,9,24,0,0,33,0,0,0,0,0,32,3,5,2,42,16,1,0,0,17,7,0,0,0,7,14,2,0,0,16,15,0,0,0,15,31,0,0,0,31,130,2,0,1,133,0,0,0,0,0,47,7,2,2,58,88,3,0,0,91,25,13,3,0,41,21,1,0,0,22,20,2,0,0,22,1,0,0,0,1,1,0,2,0,3,0,0,0,0,0,448,34,12,5,499,District Of Columbia,242,New York,57,Virginia,51,8
GEORGETOWN UNIVERSITY,485,1,1,0,487,38,1,1,1,41,7,0,1,1,9,2,0,2,0,4,44,23,0,1,68,1,0,0,0,1,5,12,7,16,2,652,29,10,0,0,39,15,12,0,1,28,0,1,0,0,1,0,0,0,0,0,44,23,0,1,68,0,1,0,0,1,18,1,1,1,21,12,0,0,0,12,8,1,0,0,9,10,0,0,0,10,17,0,0,0,17,32,0,0,0,32,252,0,0,0,252,0,0,0,0,0,26,0,3,2,31,96,8,0,0,104,42,13,0,0,55,35,1,0,0,36,24,0,0,0,24,0,0,0,0,0,4,0,1,0,5,1,0,0,0,1,577,25,5,3,610,District of Columbia,201,New York,142,California,31,21
GEORGIA STATE UNIVERSITY,136,4,5,1,146,26,1,2,4,33,3,1,1,0,5,0,0,0,1,1,0,0,0,0,0,0,0,0,0,0,4,1,4,8,1,203,0,0,0,0,0,0,0,0,0,0,0,0,0,0,0,0,0,0,0,0,0,0,0,0,0,1,0,0,0,1,50,1,5,2,58,13,1,2,1,17,6,0,0,0,6,4,0,0,0,4,13,0,0,0,13,2,0,0,0,2,18,0,0,0,18,0,0,0,0,0,26,1,1,3,31,20,2,0,0,22,6,0,0,0,6,3,0,0,0,3,2,0,0,0,2,0,0,0,0,0,1,1,0,0,2,0,0,0,0,0,165,6,8,6,185,Georgia,170,Florida,3,District of Columbia,2,1
"GEORGIA, UNIVERSITY OF",155,2,2,1,160,19,0,2,0,21,2,0,0,0,2,0,0,3,0,3,1,1,0,0,2,0,0,0,0,0,0,0,1,8,1,198,1,0,0,0,1,0,1,0,0,1,0,0,0,0,0,0,0,0,0,0,1,1,0,0,2,0,0,0,0,0,34,1,1,1,37,21,0,0,0,21,4,0,0,0,4,4,0,0,0,4,7,0,0,0,7,8,0,0,0,8,20,0,0,0,20,0,0,0,0,0,17,1,5,0,23,26,0,0,0,26,10,0,1,0,11,12,0,0,0,12,11,0,0,0,11,0,0,0,0,0,3,1,0,0,4,0,0,0,0,0,177,3,7,1,188,Georgia,142,Florida,11,District of Columbia,6,1
GOLDEN GATE UNIVERSITY,30,4,1,2,37,15,3,1,4,23,7,2,2,2,13,1,1,1,1,4,1,1,0,4,6,0,0,0,0,0,2,2,2,23,0,112,0,0,0,2,2,1,1,0,2,4,0,0,0,0,0,0,0,0,0,0,1,1,0,4,6,0,1,0,0,1,5,0,1,1,7,3,0,0,0,3,0,0,0,0,0,0,0,0,0,0,0,0,0,0,0,0,0,0,0,0,0,0,0,0,0,16,3,0,5,24,13,3,3,2,21,6,0,1,2,9,9,2,0,3,14,0,0,0,0,0,0,1,0,0,1,0,0,0,0,0,2,1,0,0,3,0,0,0,0,0,54,11,5,13,83,California,77,District of Columbia,2,New York,1,0
GONZAGA UNIVERSITY,69,1,1,0,71,13,0,1,0,14,2,0,2,0,4,1,0,2,0,3,0,0,0,0,0,0,0,0,0,0,6,2,1,10,1,112,0,0,0,0,0,0,0,0,0,0,0,0,0,0,0,0,0,0,0,0,0,0,0,0,0,1,0,0,0,1,37,0,2,0,39,3,0,0,0,3,3,0,0,0,3,1,0,0,0,1,1,0,0,0,1,0,0,0,0,0,0,0,0,0,0,0,0,0,0,0,11,0,2,0,13,11,0,0,0,11,3,1,0,0,4,3,0,0,0,3,8,0,0,0,8,0,0,0,0,0,3,0,2,0,5,0,0,0,0,0,85,1,6,0,92,Washington,58,Arizona,5,California,4,1
HAMLINE UNIVERSITY,0,0,0,0,0,0,0,0,0,0,0,0,0,0,0,0,0,0,0,0,0,0,0,0,0,0,0,0,0,0,0,0,0,0,0,0,0,0,0,0,0,0,0,0,0,0,0,0,0,0,0,0,0,0,0,0,0,0,0,0,0,0,0,0,0,0,0,0,0,0,0,0,0,0,0,0,0,0,0,0,0,0,0,0,0,0,0,0,0,0,0,0,0,0,0,0,0,0,0,0,0,0,0,0,0,0,0,0,0,0,0,0,0,0,0,0,0,0,0,0,0,0,0,0,0,0,0,0,0,0,0,0,0,0,0,0,0,0,0,0,0,0,0,0,0,0,0,0,0,0,0,Washington,58,Arizona,5,California,4,0
HARVARD UNIVERSITY,526,0,0,0,526,34,0,0,0,34,3,0,0,0,3,0,0,0,0,0,22,3,0,0,25,0,0,0,0,0,4,0,1,3,2,598,17,1,0,0,18,5,2,0,0,7,0,0,0,0,0,0,0,0,0,0,22,3,0,0,25,0,0,0,0,0,3,0,0,0,3,2,0,0,0,2,3,0,0,0,3,2,0,0,0,2,11,0,0,0,11,41,0,0,0,41,287,0,0,0,287,0,0,0,0,0,29,0,0,0,29,18,0,0,0,18,47,1,0,0,48,115,0,0,0,115,22,0,0,0,22,0,0,0,0,0,5,2,0,0,7,0,0,0,0,0,585,3,0,0,588,New York,210,District of Columbia,89,California,68,19
"HAWAII, UNIVERSITY OF",42,1,0,0,43,19,1,0,1,21,5,0,1,0,6,1,0,0,0,1,0,0,0,0,0,0,0,0,0,0,1,0,2,5,0,79,0,0,0,0,0,0,0,0,0,0,0,0,0,0,0,0,0,0,0,0,0,0,0,0,0,1,0,0,0,1,6,1,0,0,7,3,0,0,0,3,5,0,0,0,5,4,0,0,0,4,0,0,0,0,0,0,0,0,0,0,0,0,0,0,0,0,0,0,0,0,15,0,1,0,16,12,0,0,0,12,3,1,0,0,4,0,0,0,0,0,15,0,0,0,15,1,0,0,0,1,2,0,0,1,3,0,0,0,0,0,67,2,1,1,71,Hawaii,63,District of Columbia,3,Texas,1,2
HOFSTRA UNIVERSITY,145,1,1,1,148,13,0,1,1,15,0,0,0,0,0,0,0,0,0,0,1,8,0,2,11,0,0,0,0,0,1,0,0,15,8,198,1,8,0,1,10,0,0,0,1,1,0,0,0,0,0,0,0,0,0,0,1,8,0,2,11,0,0,0,0,0,30,0,1,1,32,12,0,0,0,12,3,0,0,0,3,7,0,0,0,7,2,0,0,0,2,1,0,0,0,1,13,0,0,0,13,31,0,0,0,31,20,0,1,0,21,20,0,0,0,20,10,0,0,2,12,1,0,0,0,1,1,8,0,0,9,0,0,0,0,0,0,0,0,0,0,8,1,0,1,10,159,9,2,4,174,New York,150,New Jersey,6,California,2,1
"HOUSTON, UNIVERSITY OF",162,1,4,2,169,29,2,7,1,39,12,0,0,0,12,0,0,0,0,0,0,0,0,0,0,0,0,0,0,0,3,0,3,14,0,240,0,0,0,0,0,0,0,0,0,0,0,0,0,0,0,0,0,0,0,0,0,0,0,0,0,2,0,1,0,3,55,2,6,3,66,20,0,1,0,21,9,0,0,0,9,3,0,0,0,3,6,0,1,0,7,17,0,0,0,17,23,0,0,0,23,1,0,1,0,2,34,0,1,0,35,19,1,0,0,20,6,0,0,0,6,4,0,0,0,4,0,0,0,0,0,0,0,0,0,0,4,0,0,0,4,0,0,0,0,0,203,3,11,3,220,Texas,200,California,3,District of Columbia,3,2
HOWARD UNIVERSITY,65,2,0,2,69,20,3,1,3,27,6,0,0,0,6,0,2,0,2,4,1,0,0,0,1,0,0,0,0,0,6,6,0,13,4,136,1,0,0,0,1,0,0,0,0,0,0,0,0,0,0,0,0,0,0,0,1,0,0,0,1,2,1,0,2,5,3,1,0,1,5,1,0,1,0,2,0,0,0,0,0,1,0,0,0,1,1,0,0,0,1,7,0,0,0,7,18,0,0,0,18,0,0,0,0,0,14,1,0,3,18,21,1,0,1,23,7,1,0,0,8,2,0,0,0,2,14,1,0,0,15,1,0,0,0,1,0,1,0,0,1,0,0,0,0,0,92,7,1,7,107,District of Columbia,35,New York,19,Maryland,15,3
"IDAHO, UNIVERSITY OF",86,0,0,0,86,8,0,0,1,9,3,1,0,4,8,0,0,1,1,2,0,0,0,1,1,0,0,0,0,0,2,3,1,14,2,128,0,0,0,1,1,0,0,0,0,0,0,0,0,0,0,0,0,0,0,0,0,0,0,1,1,4,0,0,1,5,33,0,0,0,33,4,0,0,0,4,1,0,0,0,1,0,0,0,0,0,0,0,0,0,0,0,0,0,0,0,0,0,0,0,0,1,0,0,0,1,6,1,1,1,9,23,0,0,0,23,3,0,0,0,3,0,0,0,0,0,20,0,0,0,20,0,0,0,0,0,2,0,0,4,6,0,0,0,1,1,97,1,1,7,106,Idaho,70,Washington,16,Nevada,3,0
"ILLINOIS, UNIVERSITY OF",131,0,0,0,131,13,1,1,2,17,0,0,0,0,0,0,0,0,0,0,1,3,0,0,4,0,0,0,0,0,2,0,2,8,2,166,0,1,0,0,1,1,2,0,0,3,0,0,0,0,0,0,0,0,0,0,1,3,0,0,4,1,0,0,0,1,14,0,0,2,16,14,0,0,0,14,9,0,0,0,9,5,0,0,0,5,12,0,0,0,12,10,0,0,0,10,34,0,0,0,34,0,0,0,0,0,16,0,1,0,17,15,1,0,0,16,2,1,0,0,3,5,0,0,0,5,4,0,0,0,4,0,0,0,0,0,4,2,0,0,6,0,0,0,0,0,145,4,1,2,152,Illinois,109,California,7,Missouri,6,4
INDIANA TECH,0,0,0,0,0,0,0,0,0,0,0,0,0,0,0,0,0,0,0,0,0,0,0,0,0,0,0,0,0,0,0,0,0,0,0,0,0,0,0,0,0,0,0,0,0,0,0,0,0,0,0,0,0,0,0,0,0,0,0,0,0,0,0,0,0,0,0,0,0,0,0,0,0,0,0,0,0,0,0,0,0,0,0,0,0,0,0,0,0,0,0,0,0,0,0,0,0,0,0,0,0,0,0,0,0,0,0,0,0,0,0,0,0,0,0,0,0,0,0,0,0,0,0,0,0,0,0,0,0,0,0,0,0,0,0,0,0,0,0,0,0,0,0,0,0,0,0,0,0,0,0,Illinois,109,California,7,Missouri,6,0
INDIANA UNIVERSITY - BLOOMINGTON,133,1,2,4,140,24,3,0,0,27,0,0,0,1,1,3,0,0,0,3,0,0,0,3,3,0,0,0,0,0,3,2,2,9,1,191,0,0,0,0,0,0,0,0,3,3,0,0,0,0,0,0,0,0,0,0,0,0,0,3,3,2,0,0,0,2,18,0,1,3,22,7,0,0,0,7,7,0,0,0,7,3,0,0,0,3,11,0,0,0,11,6,0,0,0,6,19,0,0,0,19,4,0,0,0,4,29,3,0,1,33,29,0,1,1,31,6,1,0,2,9,5,0,0,0,5,12,0,0,0,12,0,0,0,0,0,2,0,0,1,3,0,0,0,0,0,160,4,2,8,174,Indiana,72,Illinois,21,New York,9,3
INDIANA UNIVERSITY - INDIANAPOLIS,121,1,1,1,124,66,4,7,5,82,12,1,1,0,14,2,0,0,0,2,1,0,0,1,2,2,0,0,0,2,1,0,3,11,7,248,1,0,0,0,1,0,0,0,1,1,0,0,0,0,0,0,0,0,0,0,1,0,0,1,2,6,0,0,0,6,42,1,2,2,47,11,0,1,0,12,5,0,0,0,5,6,0,0,0,6,7,0,0,0,7,5,0,1,0,6,7,0,0,0,7,0,0,0,0,0,45,4,0,0,49,46,0,3,4,53,10,0,0,0,10,0,0,0,0,0,6,0,0,0,6,0,0,0,0,0,8,1,2,1,12,0,0,0,0,0,204,6,9,7,226,Indiana,203,Illinois,6,Florida,4,0
INTER AMERICAN UNIVERSITY OF PUERTO RICO,16,0,1,0,17,22,2,4,3,31,24,4,4,1,33,5,0,3,0,8,0,0,0,0,0,0,0,0,0,0,6,2,12,46,7,162,0,0,0,0,0,0,0,0,0,0,0,0,0,0,0,0,0,0,0,0,0,0,0,0,0,2,0,1,0,3,15,1,2,1,19,1,0,0,0,1,1,0,0,0,1,1,0,0,0,1,2,0,0,0,2,0,0,0,0,0,0,0,0,0,0,0,0,0,0,0,25,5,7,2,39,16,0,2,1,19,0,0,0,0,0,0,0,0,0,0,1,0,0,0,1,0,0,0,0,0,3,0,0,0,3,0,0,0,0,0,67,6,12,4,89,Puerto Rico,83,District Of Columbia,2,Florida,2,0
"IOWA, UNIVERSITY OF",71,0,1,0,72,11,0,1,1,13,0,0,0,0,0,0,1,1,0,2,0,0,0,0,0,0,0,0,0,0,5,0,1,7,0,100,0,0,0,0,0,0,0,0,0,0,0,0,0,0,0,0,0,0,0,0,0,0,0,0,0,0,0,0,0,0,8,0,1,0,9,8,0,0,0,8,5,0,0,0,5,8,0,0,0,8,5,0,0,0,5,4,0,0,0,4,10,0,0,0,10,0,0,0,0,0,7,1,1,0,9,8,0,1,0,9,2,0,0,0,2,7,0,0,0,7,8,0,0,0,8,1,0,0,0,1,1,0,0,1,2,0,0,0,0,0,82,1,3,1,87,Iowa,34,Illinois,11,Minnesota,7,7
JOHN MARSHALL LAW SCHOOL,153,8,1,0,162,41,21,10,1,73,5,1,0,0,6,2,0,2,0,4,0,0,0,1,1,0,0,0,0,0,7,1,4,36,2,296,0,0,0,0,0,0,0,0,1,1,0,0,0,0,0,0,0,0,0,0,0,0,0,1,1,3,0,0,0,3,68,1,6,1,76,29,1,2,0,32,9,1,0,0,10,9,0,0,0,9,2,0,1,0,3,4,0,0,0,4,6,0,0,0,6,0,0,0,0,0,21,26,4,0,51,37,1,0,0,38,6,0,0,0,6,0,0,0,0,0,4,0,0,0,4,0,0,0,0,0,3,0,0,1,4,0,0,0,0,0,201,30,13,2,246,Illinois,218,California,4,Indiana,4,0
JUDGE ADVOCATE GENERAL'S SCHOOL,0,0,0,0,0,0,0,0,0,0,0,0,0,0,0,0,0,0,0,0,0,0,0,0,0,0,0,0,0,0,0,0,0,0,0,0,0,0,0,0,0,0,0,0,0,0,0,0,0,0,0,0,0,0,0,0,0,0,0,0,0,0,0,0,0,0,0,0,0,0,0,0,0,0,0,0,0,0,0,0,0,0,0,0,0,0,0,0,0,0,0,0,0,0,0,0,0,0,0,0,0,0,0,0,0,0,0,0,0,0,0,0,0,0,0,0,0,0,0,0,0,0,0,0,0,0,0,0,0,0,0,0,0,0,0,0,0,0,0,0,0,0,0,0,0,0,0,0,0,0,0,Illinois,218,California,4,Indiana,4,0
"KANSAS, UNIVERSITY OF",72,1,0,0,73,10,4,3,3,20,3,1,0,0,4,1,0,0,0,1,0,0,0,0,0,0,0,0,0,0,1,0,1,9,0,109,0,0,0,0,0,0,0,0,0,0,0,0,0,0,0,0,0,0,0,0,0,0,0,0,0,0,0,0,0,0,19,1,0,2,22,7,1,0,0,8,2,1,0,0,3,1,0,0,0,1,2,0,0,0,2,3,0,0,0,3,4,0,0,0,4,0,0,0,0,0,9,2,3,1,15,22,1,0,0,23,7,0,0,0,7,6,0,0,0,6,4,0,0,0,4,0,0,0,0,0,0,0,0,0,0,0,0,0,0,0,86,6,3,3,98,Kansas,61,Missouri,20,California,3,1
"KENTUCKY, UNIVERSITY OF",104,3,0,0,107,23,0,0,2,25,0,1,0,0,1,2,1,0,2,5,0,0,0,0,0,0,0,0,0,0,3,0,0,6,0,147,0,0,0,0,0,0,0,0,0,0,0,0,0,0,0,0,0,0,0,0,0,0,0,0,0,1,0,0,0,1,32,0,0,0,32,10,0,0,0,10,8,0,0,0,8,0,0,0,0,0,4,0,0,0,4,7,0,0,0,7,5,0,0,0,5,0,0,0,0,0,17,4,0,4,25,18,0,0,0,18,2,0,0,0,2,6,0,0,0,6,18,0,0,0,18,0,0,0,0,0,1,1,0,0,2,0,0,0,0,0,129,5,0,4,138,Kentucky,92,Ohio,13,Tennessee,5,0
LEWIS AND CLARK COLLEGE,94,1,1,1,97,28,2,6,1,37,9,0,1,0,10,0,0,0,1,1,0,0,0,0,0,0,0,0,0,0,5,0,9,11,7,177,0,0,0,0,0,0,0,0,0,0,0,0,0,0,0,0,0,0,0,0,0,0,0,0,0,5,0,1,1,7,31,1,2,1,35,10,0,0,0,10,3,0,0,0,3,2,0,0,0,2,3,0,0,0,3,0,0,0,0,0,2,0,0,0,2,0,0,0,0,0,24,0,2,1,27,25,1,0,0,26,10,1,2,0,13,3,0,0,0,3,12,0,0,0,12,0,0,0,0,0,1,0,1,0,2,0,0,0,0,0,131,3,8,3,145,Oregon,107,Washington,16,California,7,2
LIBERTY UNIVERSITY,32,0,1,0,33,4,0,1,0,5,2,0,0,1,3,0,0,0,1,1,1,0,0,0,1,0,0,0,0,0,0,1,1,10,3,58,1,0,0,0,1,0,0,0,0,0,0,0,0,0,0,0,0,0,0,0,1,0,0,0,1,3,0,0,0,3,13,0,1,0,14,2,0,0,0,2,0,0,0,0,0,0,0,0,0,0,0,0,0,0,0,0,0,0,0,0,2,0,0,0,2,0,0,0,0,0,7,0,0,1,8,5,0,1,0,6,2,0,0,0,2,0,0,0,0,0,5,0,0,0,5,0,0,0,0,0,0,0,0,1,1,0,0,0,0,0,39,0,2,2,43,Virginia,27,Arizona,2,Alabama,2,0
LINCOLN MEMORIAL,13,1,0,0,14,0,0,0,0,0,3,0,0,0,3,0,0,0,0,0,0,0,0,0,0,0,0,0,0,0,0,0,0,0,0,17,0,0,0,0,0,0,0,0,0,0,0,0,0,0,0,0,0,0,0,0,0,0,0,0,0,4,0,0,0,4,4,0,0,0,4,1,0,0,0,1,0,0,0,0,0,0,0,0,0,0,0,1,0,0,1,0,0,0,0,0,0,0,0,0,0,0,0,0,0,0,3,0,0,0,3,2,0,0,0,2,2,0,0,0,2,0,0,0,0,0,0,0,0,0,0,0,0,0,0,0,0,0,0,0,0,0,0,0,0,0,16,1,0,0,17,Tennessee,16,Virginia,1,Alabama,2,0
LOUISIANA STATE UNIVERSITY,110,6,3,0,119,21,0,0,0,21,5,0,2,1,8,0,0,1,0,1,0,0,0,0,0,0,0,0,0,0,2,0,0,14,8,173,0,0,0,0,0,0,0,0,0,0,0,0,0,0,0,0,0,0,0,0,0,0,0,0,0,6,0,0,0,6,43,1,2,0,46,5,0,0,0,5,16,0,0,0,16,6,0,0,0,6,5,0,0,0,5,3,0,0,0,3,1,0,0,0,1,0,0,0,0,0,9,4,3,1,17,13,0,0,0,13,8,0,0,0,8,3,1,0,0,4,16,0,1,0,17,0,0,0,0,0,2,0,0,0,2,0,0,0,0,0,136,6,6,1,149,Louisiana,120,Texas,14,District of Columbia,3,0
"LOUISVILLE, UNIVERSITY OF",74,5,1,0,80,12,1,6,1,20,5,1,1,2,9,1,0,0,0,1,0,0,0,0,0,0,0,0,0,0,1,1,2,8,0,122,0,0,0,0,0,0,0,0,0,0,0,0,0,0,0,0,0,0,0,0,0,0,0,0,0,0,0,0,0,0,32,0,3,1,36,2,0,0,0,2,7,0,0,0,7,2,0,0,0,2,2,0,0,0,2,0,0,0,0,0,3,4,0,0,7,0,0,0,0,0,18,2,1,2,23,15,1,4,0,20,4,0,0,0,4,4,0,0,0,4,2,0,0,0,2,0,0,0,0,0,1,0,0,0,1,0,0,0,0,0,92,7,8,3,110,Kentucky,90,Indiana,5,Ohio,3,0
LOYOLA MARYMOUNT UNIVERSITY-LOS ANGELES,221,2,2,0,225,37,3,5,8,53,3,2,0,2,7,3,1,0,1,5,4,1,0,1,6,0,0,0,0,0,2,2,5,44,7,356,2,0,0,0,2,2,1,0,1,4,0,0,0,0,0,0,0,0,0,0,4,1,0,1,6,2,0,0,0,2,84,1,4,5,94,31,0,0,0,31,10,0,0,0,10,14,0,1,0,15,10,0,0,0,10,3,0,0,0,3,20,0,0,0,20,0,0,0,0,0,51,4,2,3,60,19,1,0,1,21,12,1,0,2,15,9,0,0,0,9,1,0,0,0,1,0,0,0,0,0,2,2,0,1,5,0,0,0,0,0,268,9,7,12,296,California,277,District of Columbia,3,Massachusetts,2,1
LOYOLA UNIVERSITY-CHICAGO,120,6,1,3,130,31,1,6,5,43,6,0,1,2,9,0,1,0,0,1,1,0,0,0,1,0,0,0,0,0,5,1,2,15,2,209,1,0,0,0,1,0,0,0,0,0,0,0,0,0,0,0,0,0,0,0,1,0,0,0,1,0,0,0,0,0,35,2,3,3,43,13,1,1,2,17,12,0,0,0,12,1,0,0,0,1,6,2,0,0,8,9,0,0,0,9,20,0,0,1,21,0,0,0,0,0,33,2,3,2,40,16,1,0,0,17,4,0,1,2,7,2,0,0,0,2,4,0,0,0,4,0,0,0,0,0,3,0,0,0,3,0,0,0,0,0,158,8,8,10,184,Illinois,149,California,6,District of Columbia,6,0
LOYOLA UNIVERSITY-NEW ORLEANS,101,4,6,1,112,21,0,2,5,28,9,1,10,3,23,1,0,4,2,7,1,0,3,0,4,0,0,0,0,0,1,5,8,26,2,216,1,0,3,0,4,0,0,0,0,0,0,0,0,0,0,0,0,0,0,0,1,0,3,0,4,3,0,3,0,6,38,1,6,5,50,12,0,0,0,12,11,0,0,0,11,2,0,0,0,2,1,0,0,0,1,1,0,0,0,1,6,0,0,0,6,0,0,0,0,0,15,0,13,4,32,16,0,1,0,17,9,0,0,0,9,4,0,0,0,4,12,3,1,0,16,0,0,0,0,0,3,1,1,2,7,0,0,0,0,0,133,5,25,11,174,Louisiana,127,California,5,Florida,5,25
"MAINE, UNIVERSITY OF",52,1,0,1,54,8,0,1,1,10,3,0,1,1,5,0,0,0,1,1,0,0,0,0,0,0,0,0,0,0,0,3,2,6,1,82,0,0,0,0,0,0,0,0,0,0,0,0,0,0,0,0,0,0,0,0,0,0,0,0,0,0,0,0,0,0,15,0,1,1,17,7,0,0,1,8,4,0,0,0,4,3,0,0,0,3,4,0,0,0,4,0,0,0,0,0,0,0,0,0,0,0,0,0,0,0,6,1,1,2,10,8,0,0,0,8,4,0,0,0,4,0,0,0,0,0,12,0,0,0,12,0,0,0,0,0,0,0,0,0,0,0,0,0,0,0,63,1,2,4,70,Maine,57,New York,3,Colorado,2,0
MARQUETTE UNIVERSITY,130,1,6,0,137,15,2,2,0,19,9,0,1,1,11,0,0,0,0,0,0,0,0,0,0,0,0,0,0,0,0,0,1,18,5,191,0,0,0,0,0,0,0,0,0,0,0,0,0,0,0,0,0,0,0,0,0,0,0,0,0,5,0,0,0,5,39,0,2,0,41,18,0,1,0,19,5,0,0,0,5,6,0,0,0,6,7,0,1,0,8,3,0,0,0,3,5,0,0,0,5,0,0,0,0,0,28,2,3,0,33,12,0,2,0,14,14,1,0,0,15,1,0,0,0,1,5,0,0,0,5,0,0,0,0,0,6,0,0,1,7,0,0,0,0,0,154,3,9,1,167,Wisconsin,133,Illinois,8,Minnesota,3,1
"MARYLAND, UNIVERSITY OF",126,2,1,0,129,51,2,2,1,56,5,0,0,2,7,1,0,0,0,1,1,0,0,0,1,0,0,0,0,0,2,2,1,14,0,213,0,0,0,0,0,1,0,0,0,1,0,0,0,0,0,0,0,0,0,0,1,0,0,0,1,2,0,0,0,2,21,1,0,0,22,9,0,0,0,9,5,0,0,0,5,5,0,0,0,5,4,0,0,0,4,7,0,0,0,7,8,0,0,0,8,0,0,0,0,0,29,0,1,1,31,31,0,1,0,32,7,0,0,0,7,5,0,0,0,5,40,2,0,0,42,0,0,0,0,0,11,1,1,2,15,0,0,0,0,0,184,4,3,3,194,Maryland,132,District Of Columbia,27,New York,6,2
MCGEORGE SCHOOL OF LAW,56,2,3,1,62,23,3,2,1,29,6,1,0,1,8,0,0,2,0,2,0,0,0,1,1,0,0,0,0,0,0,4,1,32,0,139,0,0,0,1,1,0,0,0,0,0,0,0,0,0,0,0,0,0,0,0,0,0,0,1,1,1,0,0,0,1,10,0,2,0,12,6,0,0,0,6,8,0,0,0,8,1,1,0,0,2,3,0,0,0,3,0,0,0,0,0,0,0,0,0,0,12,0,2,2,16,11,3,2,0,16,24,1,1,1,27,3,0,0,1,4,0,0,0,0,0,2,0,0,0,2,0,0,0,0,0,4,1,0,0,5,0,0,0,0,0,85,6,7,4,102,California,96,District of Columbia,1,Nevada,1,0
"MEMPHIS, UNIVERSITY OF",67,0,1,0,68,11,1,2,5,19,3,0,0,0,3,0,0,0,0,0,0,0,0,0,0,0,0,0,0,0,0,1,1,8,0,100,0,0,0,0,0,0,0,0,0,0,0,0,0,0,0,0,0,0,0,0,0,0,0,0,0,2,0,0,2,4,29,1,0,0,30,5,0,0,0,5,4,0,0,0,4,1,0,0,0,1,2,0,0,0,2,1,0,0,0,1,2,0,0,0,2,0,0,0,0,0,9,0,1,1,11,16,0,1,2,19,3,0,1,0,4,3,0,0,0,3,4,0,0,0,4,0,0,0,0,0,0,0,0,0,0,0,0,0,0,0,81,1,3,5,90,Tennessee,76,District of Columbia,2,Arizona,1,0
MERCER UNIVERSITY,100,3,0,1,104,16,4,1,3,24,6,0,1,0,7,0,1,0,0,1,0,0,0,0,0,0,0,0,0,0,11,2,2,11,3,165,0,0,0,0,0,0,0,0,0,0,0,0,0,0,0,0,0,0,0,0,0,0,0,0,0,2,0,0,0,2,44,5,0,2,51,6,0,0,0,6,5,0,0,0,5,1,0,0,0,1,7,0,0,0,7,1,0,0,0,1,2,0,0,0,2,0,0,0,0,0,9,3,1,0,13,20,0,1,1,22,3,0,0,0,3,6,0,0,0,6,15,0,0,1,16,0,0,0,0,0,1,0,0,0,1,0,0,0,0,0,122,8,2,4,136,Georgia,118,Florida,5,California,2,0
"MIAMI, UNIVERSITY OF",208,3,0,0,211,45,5,4,2,56,1,0,1,1,3,2,1,2,0,5,0,0,0,0,0,0,0,0,0,0,7,2,13,21,5,323,0,0,0,0,0,0,0,0,0,0,0,0,0,0,0,0,0,0,0,0,0,0,0,0,0,4,0,0,0,4,63,1,1,1,66,28,0,0,0,28,7,0,0,0,7,11,0,0,0,11,14,1,0,0,15,11,0,0,0,11,22,0,0,0,22,0,0,0,0,0,48,7,6,1,62,31,0,0,1,32,9,0,0,0,9,2,0,0,0,2,6,0,0,0,6,0,0,0,0,0,0,0,0,0,0,0,0,0,0,0,256,9,7,3,275,Florida,227,California,9,District of Columbia,4,4
MICHIGAN STATE UNIVERSITY,149,8,1,0,158,45,2,4,3,54,0,1,3,1,5,0,0,1,0,1,4,17,0,0,21,0,0,0,0,0,6,0,3,16,1,265,3,7,0,0,10,1,10,0,0,11,0,0,0,0,0,0,0,0,0,0,4,17,0,0,21,3,0,0,0,3,40,3,4,1,48,12,2,0,0,14,5,0,0,0,5,12,3,0,0,15,10,0,0,0,10,6,0,0,0,6,3,1,0,0,4,0,1,0,1,2,39,5,3,1,48,30,6,0,0,36,6,4,1,1,12,3,0,0,0,3,22,0,0,0,22,0,0,0,0,0,7,3,1,0,11,0,0,0,0,0,198,28,9,4,239,Michigan,146,Illinois,9,District Of Columbia,7,10
"MICHIGAN, UNIVERSITY OF",298,2,0,0,300,4,1,0,0,5,0,0,0,0,0,1,0,0,0,1,9,2,0,0,11,0,0,0,0,0,3,1,0,6,0,327,9,1,0,0,10,0,1,0,0,1,0,0,0,0,0,0,0,0,0,0,9,2,0,0,11,1,0,0,0,1,7,0,0,0,7,7,0,0,0,7,3,0,0,0,3,3,0,0,0,3,19,0,0,0,19,30,1,0,0,31,126,0,0,0,126,0,0,0,0,0,6,0,0,0,6,27,2,0,0,29,15,1,0,0,16,42,0,0,0,42,25,0,0,0,25,0,0,0,0,0,1,1,0,0,2,0,0,0,0,0,312,5,0,0,317,New York,73,Illinois,41,Michigan,40,6
"MINNESOTA, UNIVERSITY OF",183,10,4,0,197,21,1,0,1,23,2,0,0,0,2,0,0,1,0,1,7,7,0,0,14,0,0,0,1,1,5,0,2,1,0,246,7,7,0,0,14,0,0,0,0,0,0,0,0,0,0,0,0,0,0,0,7,7,0,0,14,0,0,0,0,0,18,0,3,0,21,13,0,0,0,13,3,0,0,0,3,7,0,0,0,7,14,0,0,0,14,12,2,0,0,14,16,0,0,0,16,0,0,0,1,1,27,8,1,0,36,22,1,0,1,24,12,3,1,0,16,15,0,0,0,15,49,4,0,0,53,1,0,0,0,1,4,0,0,0,4,0,0,0,0,0,213,18,5,2,238,Minnesota,147,District Of Columbia,12,Illinois,11,11
MISSISSIPPI COLLEGE,83,0,0,0,83,24,3,1,2,30,2,1,1,2,6,0,0,0,2,2,0,0,0,0,0,0,0,0,0,0,5,1,0,11,2,140,0,0,0,0,0,0,0,0,0,0,0,0,0,0,0,0,0,0,0,0,0,0,0,0,0,7,0,0,0,7,36,2,0,1,39,4,0,0,0,4,3,0,0,0,3,3,0,0,0,3,3,0,0,0,3,1,0,0,0,1,2,0,0,0,2,0,0,0,0,0,12,1,2,3,18,15,0,0,0,15,1,0,0,1,2,3,0,0,0,3,16,0,0,0,16,0,0,0,0,0,3,1,0,1,5,0,0,0,0,0,109,4,2,6,121,Mississippi,78,Louisiana,13,District Of Columbia,5,0
"MISSISSIPPI, UNIVERSITY OF",69,1,3,0,73,12,3,0,0,15,4,3,1,0,8,1,0,0,0,1,0,0,0,0,0,0,0,0,0,0,11,0,2,10,1,121,0,0,0,0,0,0,0,0,0,0,0,0,0,0,0,0,0,0,0,0,0,0,0,0,0,1,0,0,0,1,32,1,2,0,35,9,0,0,0,9,0,0,0,0,0,1,0,0,0,1,2,0,0,0,2,1,0,0,0,1,5,0,0,0,5,0,0,0,0,0,7,3,2,0,12,13,3,0,0,16,1,0,0,0,1,4,0,0,0,4,5,0,0,0,5,0,0,0,0,0,5,0,0,0,5,0,0,0,0,0,86,7,4,0,97,Mississippi,48,Alabama,7,Georgia,7,0
"MISSOURI, UNIVERSITY OF",79,3,0,0,82,17,2,2,0,21,0,0,2,0,2,1,0,1,0,2,0,0,0,0,0,0,0,0,0,0,2,1,0,7,0,117,0,0,0,0,0,0,0,0,0,0,0,0,0,0,0,0,0,0,0,0,0,0,0,0,0,2,0,0,0,2,16,0,2,0,18,7,1,0,0,8,2,0,0,0,2,2,1,0,0,3,6,0,0,0,6,4,0,0,0,4,2,0,0,0,2,1,0,0,0,1,13,1,2,0,16,24,2,0,0,26,2,0,0,0,2,4,0,0,0,4,10,0,0,0,10,0,0,0,0,0,2,0,1,0,3,0,0,0,0,0,97,5,5,0,107,Missouri,90,Illinois,4,Arkansas,3,0
"MISSOURI-KANSAS CITY, UNIVERSITY OF",105,3,2,1,111,15,6,3,3,27,1,2,3,0,6,0,0,2,0,2,0,0,0,0,0,0,0,0,0,0,0,0,1,12,2,161,0,0,0,0,0,0,0,0,0,0,0,0,0,0,0,0,0,0,0,0,0,0,0,0,0,5,0,0,0,5,38,1,3,0,42,14,0,0,0,14,5,0,0,0,5,2,0,0,0,2,0,0,0,0,0,3,1,0,0,4,6,0,0,0,6,0,0,0,0,0,9,6,6,2,23,23,1,1,0,25,2,0,0,2,4,3,0,0,0,3,11,2,0,0,13,0,0,0,0,0,0,0,0,0,0,0,0,0,0,0,121,11,10,4,146,Missouri,108,Kansas,24,Illinois,3,0
MITCHELL|HAMLINE,171,8,3,1,183,39,4,2,2,47,10,0,3,0,13,1,1,0,0,2,0,0,0,0,0,0,0,0,0,0,5,0,6,25,16,297,0,0,0,0,0,0,0,0,0,0,0,0,0,0,0,0,0,0,0,0,0,0,0,0,0,3,0,1,0,4,46,0,2,1,49,17,0,0,0,17,1,0,1,0,2,6,1,0,0,7,9,0,0,0,9,5,0,0,0,5,6,0,0,0,6,4,3,0,0,7,49,7,2,0,58,19,0,1,0,20,5,0,0,2,7,0,0,0,0,0,49,1,0,0,50,0,0,0,0,0,2,0,1,0,3,0,1,0,0,1,221,13,8,3,245,Minnesota,198,Wisconsin,9,Florida,3,1
"MONTANA, UNIVERSITY OF",56,0,0,0,56,4,0,2,0,6,4,0,0,1,5,0,0,1,0,1,1,0,0,0,1,0,0,0,0,0,0,1,0,8,0,78,0,0,0,0,0,1,0,0,0,1,0,0,0,0,0,0,0,0,0,0,1,0,0,0,1,3,0,0,0,3,16,0,0,0,16,6,0,0,0,6,0,0,0,0,0,0,0,0,0,0,0,0,0,0,0,0,0,0,0,0,0,0,0,0,0,0,0,0,0,0,6,0,3,1,10,11,0,0,0,11,1,0,0,0,1,6,0,0,0,6,14,0,0,0,14,0,0,0,0,0,2,0,0,0,2,0,0,0,0,0,65,0,3,1,69,Montana,57,California,2,Colorado,2,1
"NEBRASKA, UNIVERSITY OF",77,3,3,0,83,13,2,0,0,15,2,0,0,0,2,3,1,0,1,5,0,0,0,0,0,0,0,0,0,0,4,2,0,6,1,118,0,0,0,0,0,0,0,0,0,0,0,0,0,0,0,0,0,0,0,0,0,0,0,0,0,6,0,2,0,8,26,1,0,0,27,4,0,0,0,4,2,0,0,0,2,3,1,0,0,4,1,0,0,0,1,1,0,0,0,1,2,0,0,0,2,1,0,0,0,1,15,2,1,1,19,23,2,0,0,25,7,0,0,0,7,0,0,0,0,0,1,0,0,0,1,0,0,0,0,0,3,0,0,0,3,0,0,0,0,0,95,6,3,1,105,Nebraska,79,Colorado,6,Iowa,4,0
NEW ENGLAND LAW | BOSTON,81,4,0,0,85,46,4,2,6,58,13,0,1,0,14,0,0,0,3,3,0,0,0,0,0,1,0,0,0,1,4,0,0,20,25,210,0,0,0,0,0,0,0,0,0,0,0,0,0,0,0,0,0,0,0,0,0,0,0,0,0,5,0,0,0,5,45,2,2,3,52,9,0,0,0,9,3,0,0,0,3,1,1,0,0,2,4,0,0,0,4,0,1,0,0,1,1,0,0,0,1,1,0,0,0,1,37,4,1,6,48,19,0,0,0,19,7,0,0,0,7,0,0,0,0,0,6,0,0,0,6,1,0,0,0,1,1,0,0,0,1,1,0,0,0,1,141,8,3,9,161,Massachusetts,114,New York,10,California,5,1
NEW HAMPSHIRE UNIVERSITY OF,47,3,1,3,54,10,0,1,1,12,1,0,0,0,1,1,0,0,0,1,0,0,0,0,0,0,0,0,0,0,0,0,0,6,0,74,0,0,0,0,0,0,0,0,0,0,0,0,0,0,0,0,0,0,0,0,0,0,0,0,0,2,0,0,1,3,16,1,2,2,21,2,0,0,0,2,4,1,0,0,5,6,0,0,0,6,1,0,0,0,1,2,0,0,0,2,2,0,0,0,2,0,0,0,0,0,7,1,0,0,8,10,0,0,0,10,0,0,0,0,0,0,0,0,0,0,4,0,0,0,4,0,0,0,0,0,3,0,0,1,4,0,0,0,0,0,59,3,2,4,68,New Hampshire,44,Massachusetts,6,California,2,1
"NEW MEXICO, UNIVERSITY OF",77,0,5,1,83,8,1,1,3,13,0,0,0,0,0,0,1,0,0,1,1,0,0,0,1,0,0,0,0,0,2,0,1,11,1,113,0,0,0,0,0,1,0,0,0,1,0,0,0,0,0,0,0,0,0,0,1,0,0,0,1,1,0,0,0,1,35,0,3,2,40,3,0,0,0,3,4,0,0,0,4,5,0,0,1,6,1,0,0,0,1,0,0,0,0,0,0,0,0,0,0,0,0,0,0,0,0,1,0,0,1,20,0,1,1,22,6,0,2,0,8,3,0,0,0,3,7,0,0,0,7,0,0,0,0,0,1,1,0,0,2,0,0,0,0,0,86,2,6,4,98,New Mexico,82,Arizona,4,District of Columbia,3,0
NEW YORK LAW SCHOOL,162,5,3,1,171,69,1,5,1,76,8,0,2,0,10,5,0,3,1,9,1,0,0,1,2,0,0,0,0,0,0,0,1,34,1,304,0,0,0,0,0,1,0,0,1,2,0,0,0,0,0,0,0,0,0,0,1,0,0,1,2,1,0,0,0,1,49,0,6,1,56,9,0,0,0,9,10,0,0,0,10,1,0,0,0,1,6,0,0,0,6,0,0,0,0,0,17,0,0,0,17,0,0,0,0,0,68,3,7,1,79,47,1,0,1,49,15,0,0,0,15,2,1,0,0,3,19,1,0,0,20,0,0,0,0,0,1,0,0,1,2,0,0,0,0,0,245,6,13,4,268,New York,210,New Jersey,39,Connecticut,3,0
NEW YORK UNIVERSITY,431,0,1,0,432,15,0,0,0,15,0,0,0,0,0,0,0,0,0,0,30,1,0,0,31,0,0,0,0,0,2,1,1,2,1,485,29,1,0,0,30,1,0,0,0,1,0,0,0,0,0,0,0,0,0,0,30,1,0,0,31,0,0,0,0,0,2,0,1,0,3,4,0,0,0,4,6,0,0,0,6,2,0,0,0,2,13,0,0,0,13,48,0,0,0,48,278,0,0,0,278,0,0,0,0,0,14,0,0,0,14,24,0,0,0,24,55,1,0,0,56,22,0,0,0,22,6,0,0,0,6,0,0,0,0,0,2,0,0,0,2,0,0,0,0,0,476,1,1,0,478,New York,360,District of Columbia,31,California,30,15
NORTH CAROLINA CENTRAL UNIVERSITY,63,2,4,2,71,7,13,0,1,21,18,3,2,3,26,2,0,0,0,2,0,0,0,0,0,2,0,0,0,2,4,0,3,30,21,180,0,0,0,0,0,0,0,0,0,0,0,0,0,0,0,0,0,0,0,0,0,0,0,0,0,1,1,0,0,2,27,0,5,0,32,4,0,0,2,6,3,0,0,0,3,0,0,0,0,0,0,0,0,0,0,0,0,0,0,0,0,0,0,0,0,3,0,0,0,3,15,14,0,3,32,26,2,1,1,30,5,1,0,0,6,0,0,0,0,0,4,0,0,0,4,0,0,0,0,0,3,0,0,0,3,1,0,0,0,1,92,18,6,6,122,North Carolina,85,Virginia,5,Georgia,4,0
"NORTH CAROLINA, UNIVERSITY OF",155,10,1,1,167,12,9,1,8,30,0,0,0,1,1,0,0,0,0,0,0,0,0,0,0,0,0,0,0,0,5,1,1,23,1,229,0,0,0,0,0,0,0,0,0,0,0,0,0,0,0,0,0,0,0,0,0,0,0,0,0,0,0,1,0,1,22,1,0,0,23,9,0,0,0,9,6,0,1,0,7,8,1,0,0,9,8,0,0,0,8,4,0,0,0,4,32,0,0,0,32,2,3,0,0,5,16,10,0,8,34,26,2,0,1,29,9,1,0,0,10,12,0,0,0,12,9,0,0,0,9,0,0,0,0,0,4,1,0,1,6,0,0,0,0,0,167,19,2,10,198,North Carolina,114,District of Columbia,14,Georgia,9,0
"NORTH DAKOTA, UNIVERSITY OF",39,1,2,0,42,4,0,0,0,4,4,3,0,0,7,1,1,2,2,6,0,0,0,0,0,0,0,0,0,0,0,2,4,9,2,76,0,0,0,0,0,0,0,0,0,0,0,0,0,0,0,0,0,0,0,0,0,0,0,0,0,0,0,1,0,1,16,0,1,0,17,6,0,0,0,6,0,0,0,0,0,2,0,0,0,2,1,0,0,0,1,0,0,0,0,0,0,0,0,0,0,0,0,0,0,0,6,3,1,2,12,9,1,0,0,10,0,0,0,0,0,0,0,0,0,0,8,1,0,0,9,0,0,0,0,0,0,0,1,0,1,0,0,0,0,0,48,5,4,2,59,North Dakota,44,Minnesota,7,North Carolina,1,3
NORTHEASTERN UNIVERSITY,99,4,1,3,107,20,2,1,4,27,0,2,0,0,2,0,0,0,2,2,1,0,0,1,2,0,0,0,0,0,5,4,0,24,0,173,1,0,0,0,1,0,0,0,1,1,0,0,0,0,0,0,0,0,0,0,1,0,0,1,2,0,0,0,0,0,14,0,1,3,18,9,1,1,0,11,7,0,0,0,7,2,0,0,0,2,1,0,0,0,1,3,0,0,0,3,4,0,0,0,4,0,0,0,0,0,25,6,0,2,33,22,0,0,0,22,21,0,0,2,23,2,0,0,0,2,9,0,0,0,9,0,0,0,0,0,1,1,0,1,3,0,0,0,2,2,120,8,2,10,140,Massachusetts,77,New York,12,California,6,1
NORTHERN ILLINOIS UNIVERSITY,52,0,0,0,52,14,0,2,1,17,1,0,0,0,1,4,0,1,0,5,1,0,0,0,1,0,0,0,0,0,4,1,0,4,3,88,1,0,0,0,1,0,0,0,0,0,0,0,0,0,0,0,0,0,0,0,1,0,0,0,1,2,0,0,0,2,28,0,1,0,29,5,0,0,0,5,0,0,0,0,0,1,0,0,0,1,0,0,0,0,0,0,0,0,0,0,0,0,0,0,0,0,0,0,0,0,9,0,1,1,11,22,0,1,0,23,5,0,0,0,5,0,0,0,0,0,0,0,0,0,0,0,0,0,0,0,0,0,0,0,0,0,0,0,0,0,72,0,3,1,76,Illinois,66,Wisconsin,2,Colorado,1,0
NORTHERN KENTUCKY UNIVERSITY,58,5,2,0,65,25,1,6,1,33,1,0,0,0,1,0,0,1,0,1,0,0,0,0,0,0,0,0,0,0,1,1,3,9,6,120,0,0,0,0,0,0,0,0,0,0,0,0,0,0,0,0,0,0,0,0,0,0,0,0,0,1,0,0,0,1,33,1,5,1,40,5,0,0,0,5,4,0,1,0,5,0,0,0,0,0,0,0,0,0,0,0,0,0,0,0,2,2,0,0,4,0,0,0,0,0,12,2,2,0,16,15,0,0,0,15,3,0,1,0,4,1,0,0,0,1,7,0,0,0,7,0,1,0,0,1,1,0,0,0,1,0,0,0,0,0,84,6,9,1,100,Kentucky,48,Ohio,41,Indiana,2,0
NORTHWESTERN UNIVERSITY,203,0,2,0,205,19,1,0,0,20,1,0,0,0,1,0,0,0,0,0,8,0,0,2,10,0,0,0,0,0,2,1,0,10,0,249,8,0,0,2,10,0,0,0,0,0,0,0,0,0,0,0,0,0,0,0,8,0,0,2,10,0,0,0,0,0,3,0,1,0,4,3,0,1,0,4,2,0,0,0,2,5,0,0,0,5,4,0,0,0,4,7,0,0,0,7,142,0,0,0,142,0,0,0,0,0,17,1,0,0,18,11,0,0,1,12,13,0,0,0,13,18,0,0,0,18,4,0,0,1,5,0,0,0,0,0,2,0,0,0,2,0,0,0,0,0,231,1,2,2,236,Illinois,103,New York,55,California,22,3
"NOTRE DAME, UNIVERSITY OF",131,1,1,0,133,5,2,0,0,7,1,0,0,0,1,0,2,0,1,3,4,0,0,0,4,0,0,0,0,0,2,1,3,15,3,172,4,0,0,0,4,0,0,0,0,0,0,0,0,0,0,0,0,0,0,0,4,0,0,0,4,0,0,0,0,0,15,0,1,0,16,8,0,0,0,8,4,0,0,0,4,9,0,0,0,9,7,0,0,0,7,8,0,0,0,8,39,2,0,0,41,0,0,0,0,0,11,2,0,1,14,19,0,0,0,19,4,1,0,0,5,9,0,0,0,9,7,0,0,0,7,0,0,0,0,0,1,0,0,0,1,0,0,0,0,0,141,5,1,1,148,Illinois,33,New York,15,California,14,0
NOVA SOUTHEASTERN UNIVERSITY,117,4,0,1,122,21,3,1,2,27,13,1,7,0,21,3,0,0,0,3,0,0,0,0,0,2,0,0,0,2,7,3,8,38,8,239,0,0,0,0,0,0,0,0,0,0,0,0,0,0,0,0,0,0,0,0,0,0,0,0,0,3,1,0,0,4,53,1,1,2,57,13,0,0,0,13,9,0,0,0,9,4,0,0,0,4,2,0,0,0,2,6,0,0,0,6,1,1,0,0,2,9,1,0,0,10,19,3,6,1,29,22,1,0,0,23,13,0,0,0,13,0,0,0,0,0,1,0,0,0,1,0,0,0,0,0,0,0,1,0,1,1,0,0,0,1,156,8,8,3,175,Florida,158,New York,2,District of Columbia,1,3
OHIO NORTHERN UNIVERSITY,35,0,0,1,36,10,2,1,0,13,3,1,0,2,6,1,0,1,0,2,0,0,0,0,0,0,0,0,0,0,3,1,1,5,5,72,0,0,0,0,0,0,0,0,0,0,0,0,0,0,0,0,0,0,0,0,0,0,0,0,0,2,0,0,0,2,12,0,0,0,12,3,0,0,1,4,1,0,0,0,1,1,0,0,0,1,0,0,0,0,0,0,0,0,0,0,1,0,0,0,1,1,0,0,0,1,14,3,1,0,18,11,0,0,0,11,0,0,1,0,1,1,0,0,0,1,2,0,0,0,2,0,0,0,0,0,0,0,0,2,2,0,0,0,0,0,49,3,2,3,57,Ohio,31,New York,5,West Virginia,4,1
OHIO STATE UNIVERSITY,137,1,4,0,142,20,0,1,0,21,0,0,0,0,0,2,0,0,1,3,3,1,0,6,10,0,0,0,0,0,2,0,0,1,0,179,3,1,0,1,5,0,0,0,5,5,0,0,0,0,0,0,0,0,0,0,3,1,0,6,10,2,0,0,0,2,23,0,3,1,27,7,0,0,0,7,5,0,0,0,5,2,0,0,0,2,14,0,0,0,14,7,0,0,0,7,19,0,0,0,19,0,0,0,0,0,40,1,1,1,43,22,1,1,0,24,9,0,0,0,9,6,0,0,0,6,2,0,0,0,2,0,0,0,0,0,4,0,0,5,9,0,0,0,0,0,162,2,5,7,176,Ohio,141,California,7,Florida,5,3
OKLAHOMA CITY UNIVERSITY,87,1,2,1,91,13,2,0,3,18,7,1,0,0,8,0,0,0,0,0,0,0,0,0,0,0,0,0,0,0,3,1,0,15,1,137,0,0,0,0,0,0,0,0,0,0,0,0,0,0,0,0,0,0,0,0,0,0,0,0,0,6,0,0,0,6,38,1,2,3,44,17,0,0,0,17,2,0,0,0,2,2,0,0,0,2,1,0,0,0,1,0,0,0,0,0,1,0,0,0,1,0,0,0,0,0,12,3,0,1,16,22,0,0,0,22,5,0,0,0,5,1,0,0,0,1,0,0,0,0,0,0,0,0,0,0,0,0,0,0,0,0,0,0,0,0,107,4,2,4,117,Oklahoma,93,Texas,13,District of Columbia,2,0
"OKLAHOMA, UNIVERSITY OF",108,0,2,2,112,12,0,3,0,15,1,1,0,0,2,0,0,0,1,1,0,0,0,1,1,0,0,0,0,0,1,1,2,8,0,143,0,0,0,1,1,0,0,0,0,0,0,0,0,0,0,0,0,0,0,0,0,0,0,1,1,2,0,1,0,3,39,0,2,1,42,17,0,0,0,17,3,0,0,0,3,9,0,0,0,9,7,0,0,0,7,0,0,0,0,0,4,0,0,0,4,0,0,0,0,0,11,1,2,2,16,20,0,0,0,20,6,0,0,0,6,1,0,0,0,1,0,0,0,0,0,0,0,0,0,0,2,0,0,1,3,0,0,0,0,0,121,1,5,4,131,Oklahoma,88,Texas,22,Colorado,3,0
"OREGON, UNIVERSITY OF",66,0,0,1,67,17,2,2,2,23,2,1,0,1,4,0,1,2,1,4,1,0,0,1,2,0,0,0,0,0,1,1,1,26,0,129,1,0,0,1,2,0,0,0,0,0,0,0,0,0,0,0,0,0,0,0,1,0,0,1,2,2,0,0,0,2,24,1,2,1,28,10,0,0,0,10,0,0,0,0,0,1,0,0,0,1,2,0,0,0,2,0,0,0,0,0,1,0,0,0,1,0,0,0,0,0,10,1,2,2,15,17,2,0,1,20,4,0,0,0,4,1,0,0,0,1,13,0,0,0,13,0,0,0,0,0,1,0,0,2,3,0,0,0,0,0,86,4,4,6,100,Oregon,70,Washington,5,California,4,0
PACE UNIVERSITY,123,2,4,0,129,18,0,2,0,20,2,0,0,0,2,0,0,2,0,2,0,0,0,5,5,0,0,0,0,0,0,1,0,9,3,171,0,0,0,0,0,0,0,0,5,5,0,0,0,0,0,0,0,0,0,0,0,0,0,5,5,0,0,0,0,0,51,0,2,0,53,13,0,1,0,14,4,0,0,0,4,4,0,0,0,4,1,0,0,0,1,0,0,0,0,0,6,0,0,0,6,2,0,0,0,2,17,0,5,0,22,21,1,0,3,25,9,1,0,2,12,0,0,0,0,0,11,0,0,0,11,0,0,0,0,0,4,0,0,0,4,0,0,0,0,0,143,2,8,5,158,New York,128,New Jersey,15,Connecticut,6,2
PEKING CHINA,0,0,0,0,0,0,0,0,0,0,0,0,0,0,0,0,0,0,0,0,0,0,0,0,0,0,0,0,0,0,0,0,0,0,0,0,0,0,0,0,0,0,0,0,0,0,0,0,0,0,0,0,0,0,0,0,0,0,0,0,0,0,0,0,0,0,0,0,0,0,0,0,0,0,0,0,0,0,0,0,0,0,0,0,0,0,0,0,0,0,0,0,0,0,0,0,0,0,0,0,0,0,0,0,0,0,0,0,0,0,0,0,0,0,0,0,0,0,0,0,0,0,0,0,0,0,0,0,0,0,0,0,0,0,0,0,0,0,0,0,0,0,0,0,0,0,0,0,0,0,0,New York,128,New Jersey,15,Connecticut,6,0
PENNSYLVANIA STATE - DICKINSON LAW,28,0,0,0,28,2,1,1,0,4,0,0,0,0,0,0,0,0,0,0,0,0,0,1,1,0,0,0,0,0,0,0,0,1,0,34,0,0,0,0,0,0,0,0,0,0,0,0,0,1,1,0,0,0,0,0,0,0,0,1,1,0,0,0,0,0,5,0,1,0,6,1,0,0,0,1,1,0,0,0,1,0,0,0,0,0,2,0,0,0,2,0,0,0,0,0,1,0,0,0,1,0,0,0,0,0,3,0,0,0,3,7,1,0,0,8,1,0,0,0,1,0,0,0,0,0,9,0,0,0,9,0,0,0,0,0,0,0,0,1,1,0,0,0,0,0,30,1,1,1,33,Pennsylvania,26,Delaware,2,Virginia,2,0
PENNSYLVANIA STATE - PENN STATE LAW,63,0,1,0,64,8,1,0,1,10,1,0,0,0,1,0,0,0,0,0,0,0,0,0,0,0,0,0,0,0,4,1,1,14,0,95,0,0,0,0,0,0,0,0,0,0,0,0,0,0,0,0,0,0,0,0,0,0,0,0,0,2,0,0,0,2,13,0,1,0,14,4,0,0,1,5,6,0,0,0,6,3,0,0,0,3,2,0,0,0,2,1,0,0,0,1,5,0,0,0,5,0,0,0,0,0,9,1,0,0,10,5,0,0,0,5,6,0,0,0,6,1,0,0,0,1,14,0,0,0,14,0,0,0,0,0,1,0,0,0,1,0,0,0,0,0,72,1,1,1,75,Pennsylvania,44,Florida,4,New York,4,1
PENNSYLVANIA STATE UNIVERSITY,0,0,0,0,0,0,0,0,0,0,0,0,0,0,0,0,0,0,0,0,0,0,0,0,0,0,0,0,0,0,0,0,0,0,0,0,0,0,0,0,0,0,0,0,0,0,0,0,0,0,0,0,0,0,0,0,0,0,0,0,0,0,0,0,0,0,0,0,0,0,0,0,0,0,0,0,0,0,0,0,0,0,0,0,0,0,0,0,0,0,0,0,0,0,0,0,0,0,0,0,0,0,0,0,0,0,0,0,0,0,0,0,0,0,0,0,0,0,0,0,0,0,0,0,0,0,0,0,0,0,0,0,0,0,0,0,0,0,0,0,0,0,0,0,0,0,0,0,0,0,0,Pennsylvania,44,Florida,4,New York,4,0
"PENNSYLVANIA, UNIVERSITY OF",230,0,0,1,231,17,0,0,0,17,0,0,0,0,0,0,0,0,1,1,4,0,0,0,4,0,0,0,0,0,3,0,0,2,0,258,4,0,0,0,4,0,0,0,0,0,0,0,0,0,0,0,0,0,0,0,4,0,0,0,4,0,0,0,0,0,0,0,0,1,1,0,0,0,0,0,3,0,0,0,3,6,0,0,0,6,7,0,0,0,7,25,0,0,0,25,138,0,0,0,138,0,0,0,0,0,20,0,0,1,21,8,0,0,0,8,11,0,0,0,11,29,0,0,0,29,4,0,0,0,4,0,0,0,0,0,0,0,0,0,0,0,0,0,0,0,251,0,0,2,253,New York,104,Pennsylvania,41,District of Columbia,27,6
PEPPERDINE UNIVERSITY,98,4,4,1,107,19,3,2,2,26,1,1,0,1,3,0,0,0,2,2,2,0,0,14,16,0,0,0,0,0,1,3,4,19,0,181,0,0,0,0,0,2,0,0,14,16,0,0,0,0,0,0,0,0,0,0,2,0,0,14,16,3,0,0,0,3,33,0,2,1,36,12,0,0,1,13,6,0,1,0,7,13,0,0,0,13,3,0,0,0,3,1,0,0,0,1,5,0,0,0,5,0,0,0,0,0,22,1,2,3,28,10,3,0,0,13,2,1,1,0,4,5,1,0,0,6,3,1,0,0,4,0,0,0,0,0,2,1,0,15,18,0,0,0,0,0,120,8,6,20,154,California,129,District Of Columbia,4,Texas,3,1
"PITTSBURGH, UNIVERSITY OF",108,9,1,1,119,22,3,3,1,29,3,0,1,0,4,1,2,2,3,8,0,0,0,0,0,0,0,0,0,0,0,2,0,10,3,175,0,0,0,0,0,0,0,0,0,0,0,0,0,0,0,0,0,0,0,0,0,0,0,0,0,3,0,0,0,3,35,0,1,0,36,7,0,0,0,7,4,0,0,0,4,3,0,0,0,3,9,0,0,0,9,5,1,0,0,6,15,2,0,0,17,0,0,0,0,0,25,11,5,4,45,11,0,1,0,12,3,0,0,1,4,0,0,0,0,0,12,0,0,0,12,0,0,0,0,0,2,0,0,0,2,0,0,0,0,0,134,14,7,5,160,Pennsylvania,125,New York,9,California,5,1
PONTIFICAL CATHOLIC UNIVERSITY OF P.R.,0,12,0,6,18,0,14,1,4,19,15,12,3,3,33,1,0,2,2,5,0,0,0,0,0,0,0,0,0,0,5,2,9,38,24,153,0,0,0,0,0,0,0,0,0,0,0,0,0,0,0,0,0,0,0,0,0,0,0,0,0,0,1,0,2,3,0,8,0,4,12,0,0,0,0,0,0,0,0,0,0,0,0,0,0,0,0,0,0,0,0,0,0,0,0,0,0,0,0,0,0,0,0,0,1,1,5,12,6,4,27,8,13,0,1,22,0,0,0,0,0,0,0,0,0,0,0,2,0,0,2,0,0,0,0,0,3,2,0,3,8,0,0,0,0,0,16,38,6,15,75,Puerto Rico,70,District Of Columbia,2,Minnesota,1,0
"PUERTO RICO, UNIVERSITY OF",43,5,3,1,52,42,4,7,6,59,15,2,1,1,19,3,0,0,0,3,0,0,0,0,0,0,0,0,0,0,1,5,6,42,4,191,0,0,0,0,0,0,0,0,0,0,0,0,0,0,0,0,0,0,0,0,0,0,0,0,0,9,2,2,0,13,21,2,3,3,29,3,0,0,0,3,3,0,0,1,4,8,1,0,0,9,2,0,0,0,2,0,0,0,0,0,0,0,0,1,1,0,0,0,0,0,34,1,3,2,40,8,0,1,0,9,3,1,0,0,4,0,2,0,0,2,9,0,0,0,9,0,0,0,0,0,3,2,2,1,8,0,0,0,0,0,103,11,11,8,133,Puerto Rico,119,Florida,4,New York,3,2
QUINNIPIAC UNIVERSITY,34,2,3,0,39,13,0,0,0,13,5,1,1,0,7,0,0,3,1,4,0,0,0,1,1,0,0,0,0,0,1,0,2,6,3,76,0,0,0,0,0,0,0,0,1,1,0,0,0,0,0,0,0,0,0,0,0,0,0,1,1,1,0,1,0,2,16,1,2,0,19,3,0,0,0,3,2,0,0,0,2,2,0,0,0,2,0,0,0,0,0,0,0,0,0,0,1,0,0,0,1,0,0,0,0,0,14,1,4,0,19,7,0,0,1,8,1,0,0,0,1,0,0,0,0,0,4,0,0,0,4,0,0,0,0,0,1,1,0,1,3,0,0,0,0,0,52,3,7,2,64,Connecticut,49,New York,6,Florida,3,0
REGENT UNIVERSITY,57,0,1,0,58,5,0,3,0,8,2,0,3,1,6,0,0,0,0,0,0,0,0,0,0,0,0,0,0,0,1,1,3,7,4,88,0,0,0,0,0,0,0,0,0,0,0,0,0,0,0,0,0,0,0,0,0,0,0,0,0,3,0,0,0,3,28,0,2,0,30,0,0,0,0,0,1,0,0,0,1,1,0,0,0,1,0,0,0,0,0,0,0,0,0,0,1,0,0,0,1,0,0,0,0,0,6,0,2,0,8,13,0,2,0,15,4,0,1,1,6,3,0,0,0,3,4,0,0,0,4,0,0,0,0,0,0,0,0,0,0,0,0,0,0,0,64,0,7,1,72,Virginia,37,Texas,6,California,4,0
"RICHMOND, UNIVERSITY OF",95,3,3,1,102,19,1,7,0,27,4,0,1,0,5,1,0,3,0,4,0,0,0,0,0,0,0,0,0,0,2,0,0,8,0,148,0,0,0,0,0,0,0,0,0,0,0,0,0,0,0,0,0,0,0,0,0,0,0,0,0,1,0,1,0,2,19,0,2,0,21,7,0,1,0,8,5,0,1,0,6,5,1,0,0,6,1,0,0,0,1,2,0,0,0,2,6,0,0,0,6,0,0,0,0,0,19,2,3,0,24,20,0,3,1,24,4,0,1,0,5,10,0,0,0,10,20,1,1,0,22,0,0,0,0,0,0,0,1,0,1,0,0,0,0,0,119,4,14,1,138,Virginia,110,District of Columbia,7,North Carolina,3,2
ROGER WILLIAMS UNIVERSITY,44,1,2,0,47,4,3,1,0,8,4,2,1,1,8,3,0,0,2,5,0,0,0,0,0,0,0,0,2,2,1,0,0,9,6,86,0,0,0,0,0,0,0,0,0,0,0,0,0,0,0,0,0,0,0,0,0,0,0,0,0,0,0,0,1,1,12,0,1,0,13,1,0,0,0,1,0,0,0,0,0,1,0,0,0,1,0,0,0,0,0,0,0,0,0,0,0,0,0,0,0,0,0,0,2,2,7,4,3,2,16,10,0,0,0,10,2,1,0,0,3,0,0,0,0,0,21,0,0,0,21,0,0,0,0,0,1,1,0,0,2,0,0,0,0,0,55,6,4,5,70,Rhode Island,29,New York,9,Massachusetts,8,0
RUTGERS UNIVERSITY,244,6,2,0,252,24,2,4,2,32,16,0,2,1,19,0,0,0,0,0,0,0,0,0,0,0,0,0,0,0,3,1,1,23,3,334,0,0,0,0,0,0,0,0,0,0,0,0,0,0,0,0,0,0,0,0,0,0,0,0,0,0,0,0,0,0,25,0,6,0,31,9,0,0,0,9,3,0,0,0,3,11,0,0,0,11,5,0,0,0,5,8,0,0,0,8,15,0,0,0,15,0,0,0,0,0,29,2,1,1,33,12,1,0,2,15,5,0,0,0,5,7,0,0,0,7,154,5,0,0,159,0,0,0,0,0,1,0,1,0,2,0,0,0,0,0,284,8,8,3,303,New Jersey,238,New York,32,Pennsylvania,17,1
RUTGERS UNIVERSITY-CAMDEN,0,0,0,0,0,0,0,0,0,0,0,0,0,0,0,0,0,0,0,0,0,0,0,0,0,0,0,0,0,0,0,0,0,0,0,0,0,0,0,0,0,0,0,0,0,0,0,0,0,0,0,0,0,0,0,0,0,0,0,0,0,0,0,0,0,0,0,0,0,0,0,0,0,0,0,0,0,0,0,0,0,0,0,0,0,0,0,0,0,0,0,0,0,0,0,0,0,0,0,0,0,0,0,0,0,0,0,0,0,0,0,0,0,0,0,0,0,0,0,0,0,0,0,0,0,0,0,0,0,0,0,0,0,0,0,0,0,0,0,0,0,0,0,0,0,0,0,0,0,0,0,New Jersey,238,New York,32,Pennsylvania,17,0
RUTGERS UNIVERSITY-NEWARK,0,0,0,0,0,0,0,0,0,0,0,0,0,0,0,0,0,0,0,0,0,0,0,0,0,0,0,0,0,0,0,0,0,0,0,0,0,0,0,0,0,0,0,0,0,0,0,0,0,0,0,0,0,0,0,0,0,0,0,0,0,0,0,0,0,0,0,0,0,0,0,0,0,0,0,0,0,0,0,0,0,0,0,0,0,0,0,0,0,0,0,0,0,0,0,0,0,0,0,0,0,0,0,0,0,0,0,0,0,0,0,0,0,0,0,0,0,0,0,0,0,0,0,0,0,0,0,0,0,0,0,0,0,0,0,0,0,0,0,0,0,0,0,0,0,0,0,0,0,0,0,New Jersey,238,New York,32,Pennsylvania,17,0
SAINT LOUIS UNIVERSITY,94,4,1,0,99,25,1,1,0,27,4,0,0,1,5,0,2,0,0,2,0,0,0,0,0,0,0,0,0,0,1,0,0,8,0,142,0,0,0,0,0,0,0,0,0,0,0,0,0,0,0,0,0,0,0,0,0,0,0,0,0,2,0,0,0,2,22,1,0,0,23,6,0,1,0,7,5,0,0,0,5,3,0,0,0,3,13,0,0,0,13,5,0,0,0,5,7,0,0,0,7,0,0,0,0,0,27,6,1,0,34,25,0,0,0,25,4,0,0,0,4,1,0,0,0,1,3,0,0,0,3,0,0,0,0,0,0,0,0,1,1,0,0,0,0,0,123,7,2,1,133,Missouri,95,Illinois,16,District Of Columbia,6,0
SAMFORD UNIVERSITY,87,0,2,2,91,20,0,1,1,22,5,0,0,3,8,1,0,1,1,3,0,0,0,0,0,0,0,0,0,0,3,2,2,22,0,153,0,0,0,0,0,0,0,0,0,0,0,0,0,0,0,0,0,0,0,0,0,0,0,0,0,5,0,0,0,5,28,0,1,3,32,12,0,0,0,12,8,0,0,0,8,5,0,0,0,5,6,0,0,0,6,4,0,0,0,4,0,0,0,0,0,0,0,0,0,0,22,0,2,4,28,6,0,0,0,6,4,0,1,0,5,1,0,0,0,1,9,0,0,0,9,0,0,0,0,0,3,0,0,0,3,0,0,0,0,0,113,0,4,7,124,Alabama,86,Georgia,15,Tennessee,7,0
"SAN DIEGO, UNIVERSITY OF",102,3,0,2,107,25,4,1,8,38,2,0,1,0,3,1,0,0,0,1,0,0,0,1,1,0,0,0,0,0,4,5,2,53,4,218,0,0,0,1,1,0,0,0,0,0,0,0,0,0,0,0,0,0,0,0,0,0,0,1,1,1,0,0,0,1,28,2,1,8,39,16,2,0,1,19,6,0,0,0,6,4,0,0,0,4,8,0,0,0,8,1,0,0,0,1,13,0,0,0,13,1,0,0,0,1,25,3,0,1,29,17,0,0,0,17,2,0,0,0,2,4,0,0,0,4,0,0,0,0,0,1,0,0,0,1,2,0,1,1,4,1,0,0,0,1,130,7,2,11,150,California,133,Virginia,3,Massachusetts,2,2
"SAN FRANCISCO, UNIVERSITY OF",46,5,1,1,53,20,4,6,3,33,5,1,1,2,9,0,0,1,0,1,0,0,0,0,0,0,0,0,0,0,1,6,2,32,3,140,0,0,0,0,0,0,0,0,0,0,0,0,0,0,0,0,0,0,0,0,0,0,0,0,0,1,0,0,0,1,22,0,4,2,28,4,0,0,0,4,1,0,0,0,1,1,0,0,1,2,1,0,1,0,2,3,0,0,0,3,6,0,0,0,6,0,0,0,0,0,15,5,2,1,23,11,4,1,0,16,4,1,1,1,7,1,0,0,0,1,0,0,0,0,0,0,0,0,0,0,1,0,0,1,2,0,0,0,0,0,71,10,9,6,96,California,88,Illinois,1,Nevada,1,1
SANTA CLARA UNIVERSITY,102,3,1,2,108,30,8,3,2,43,4,2,1,0,7,0,0,1,1,2,0,1,0,6,7,0,0,0,0,0,1,2,5,40,0,215,0,1,0,0,1,0,0,0,6,6,0,0,0,0,0,0,0,0,0,0,0,1,0,6,7,2,1,0,0,3,16,0,0,1,17,7,0,0,0,7,2,0,0,0,2,2,0,0,0,2,0,0,0,0,0,2,0,0,0,2,22,0,0,0,22,31,4,2,3,40,28,5,2,1,36,12,3,1,0,16,8,0,0,0,8,0,0,0,0,0,1,0,0,0,1,0,0,0,0,0,3,1,1,6,11,0,0,0,0,0,136,14,6,11,167,California,148,Montana,2,Nevada,2,0
SEATTLE UNIVERSITY,121,5,7,9,142,20,8,3,3,34,11,1,0,0,12,1,0,1,1,3,0,0,0,0,0,0,0,0,0,0,4,2,6,19,10,232,0,0,0,0,0,0,0,0,0,0,0,0,0,0,0,0,0,0,0,0,0,0,0,0,0,3,0,1,0,4,52,1,7,4,64,9,0,0,0,9,8,0,0,1,9,3,0,0,0,3,6,0,0,0,6,1,0,0,0,1,3,1,0,3,7,0,0,0,0,0,29,8,3,5,45,24,4,0,0,28,4,0,0,0,4,0,0,0,0,0,11,0,0,0,11,0,0,0,0,0,0,0,0,0,0,0,0,0,0,0,153,14,11,13,191,Washington,174,District of Columbia,4,Massachusetts,3,1
SETON HALL UNIVERSITY,129,6,0,0,135,13,4,0,1,18,2,0,0,1,3,2,0,1,0,3,0,0,0,0,0,0,0,0,0,0,0,0,0,2,0,161,0,0,0,0,0,0,0,0,0,0,0,0,0,0,0,0,0,0,0,0,0,0,0,0,0,0,0,0,0,0,8,2,0,2,12,2,0,0,0,2,2,0,0,0,2,5,0,0,0,5,5,0,0,0,5,6,0,0,0,6,13,0,0,0,13,0,0,0,0,0,12,3,1,0,16,5,2,0,0,7,1,0,0,0,1,1,0,0,0,1,86,3,0,0,89,0,0,0,0,0,0,0,0,0,0,0,0,0,0,0,146,10,1,2,159,New Jersey,133,New York,18,Pennsylvania,2,0
"SOUTH CAROLINA, UNIVERSITY OF",132,1,1,1,135,18,2,0,2,22,2,0,0,0,2,0,0,1,0,1,0,0,0,0,0,0,0,0,0,0,12,3,1,12,5,193,0,0,0,0,0,0,0,0,0,0,0,0,0,0,0,0,0,0,0,0,0,0,0,0,0,0,0,0,0,0,31,0,1,0,32,10,0,0,1,11,4,0,0,0,4,5,1,0,0,6,10,0,0,0,10,5,0,0,0,5,0,0,0,0,0,1,0,0,0,1,15,2,1,1,19,25,0,0,1,26,4,0,0,0,4,7,0,0,0,7,33,0,0,0,33,0,0,0,0,0,2,0,0,0,2,0,0,0,0,0,152,3,2,3,160,South Carolina,108,North Carolina,11,Georgia,9,0
"SOUTH DAKOTA, UNIVERSITY OF",41,0,0,0,41,8,0,0,4,12,0,0,0,0,0,1,0,0,0,1,0,0,0,0,0,0,0,0,0,0,0,0,0,4,0,58,0,0,0,0,0,0,0,0,0,0,0,0,0,0,0,0,0,0,0,0,0,0,0,0,0,3,0,0,0,3,15,0,0,1,16,1,0,0,0,1,1,0,0,0,1,0,0,0,0,0,0,0,0,0,0,0,0,0,0,0,0,0,0,0,0,0,0,0,0,0,5,0,0,2,7,9,0,0,1,10,1,0,0,0,1,2,0,0,0,2,12,0,0,0,12,0,0,0,0,0,1,0,0,0,1,0,0,0,0,0,50,0,0,4,54,South Dakota,40,Iowa,6,Utah,3,0
SOUTH TEXAS COLLEGE OF LAW HOUSTON,175,10,1,6,192,31,6,2,4,43,19,3,0,2,24,1,0,0,1,2,0,0,0,0,0,0,0,0,0,0,5,2,7,48,8,331,0,0,0,0,0,0,0,0,0,0,0,0,0,0,0,0,0,0,0,0,0,0,0,0,0,4,0,1,2,7,86,8,0,9,103,26,2,1,0,29,13,1,0,0,14,12,1,0,0,13,3,0,0,0,3,5,0,0,0,5,4,0,0,0,4,1,0,0,0,1,34,6,1,1,42,24,0,0,0,24,3,0,0,0,3,3,0,0,0,3,3,0,0,0,3,0,0,0,0,0,5,1,0,1,7,0,0,0,0,0,226,19,3,13,261,Texas,252,Florida,3,District of Columbia,1,1
"SOUTHERN CALIFORNIA, UNIVERSITY OF",140,4,2,0,146,9,0,0,1,10,3,0,1,0,4,0,0,0,0,0,22,5,0,0,27,0,0,0,0,0,2,1,3,5,2,200,21,3,0,0,24,1,2,0,0,3,0,0,0,0,0,0,0,0,0,0,22,5,0,0,27,1,0,0,0,1,26,2,1,0,29,6,0,0,0,6,11,0,1,0,12,5,0,0,0,5,7,0,0,0,7,10,0,0,0,10,59,0,0,0,59,0,0,0,0,0,19,1,1,0,21,14,4,0,0,18,8,2,0,0,10,4,0,0,0,4,1,0,0,0,1,1,0,0,0,1,2,0,0,1,3,0,0,0,0,0,174,9,3,1,187,California,166,New York,5,Texas,3,4
SOUTHERN ILLINOIS UNIVERSITY-CARBONDALE,67,1,0,1,69,14,1,0,1,16,1,0,0,0,1,2,1,0,0,3,0,0,0,1,1,0,0,0,0,0,4,2,2,17,2,117,0,0,0,0,0,0,0,0,1,1,0,0,0,0,0,0,0,0,0,0,0,0,0,1,1,1,0,0,0,1,33,1,0,1,35,5,0,0,0,5,1,0,0,0,1,1,1,0,0,2,1,0,0,0,1,0,0,0,0,0,1,0,0,0,1,1,0,0,0,1,6,0,0,1,7,26,1,0,0,27,3,0,0,0,3,3,0,0,0,3,1,0,0,0,1,0,0,0,0,0,1,0,0,1,2,0,0,0,0,0,84,3,0,3,90,Illinois,55,Missouri,12,Texas,4,0
SOUTHERN METHODIST UNIVERSITY,176,2,2,1,181,15,1,1,1,18,6,0,1,1,8,0,0,0,0,0,0,0,0,0,0,0,0,0,0,0,5,0,6,16,0,234,0,0,0,0,0,0,0,0,0,0,0,0,0,0,0,0,0,0,0,0,0,0,0,0,0,2,0,0,0,2,55,2,1,0,58,16,0,0,0,16,13,0,0,0,13,4,0,1,0,5,4,0,0,0,4,12,0,0,0,12,27,0,0,0,27,0,0,0,0,0,33,1,2,3,39,13,0,0,0,13,7,0,0,0,7,6,0,0,0,6,4,0,0,0,4,0,0,0,0,0,1,0,0,0,1,0,0,0,0,0,197,3,4,3,207,Texas,191,California,2,New York,2,3
SOUTHERN UNIVERSITY,81,2,8,4,95,23,3,0,0,26,23,0,0,2,25,0,0,0,0,0,0,0,0,0,0,0,0,0,0,0,2,0,1,28,1,178,0,0,0,0,0,0,0,0,0,0,0,0,0,0,0,0,0,0,0,0,0,0,0,0,0,15,0,0,2,17,36,0,1,0,37,5,0,0,0,5,2,0,0,0,2,1,0,0,0,1,0,0,0,0,0,0,0,0,0,0,0,0,0,0,0,3,0,3,0,6,18,2,0,0,20,24,2,4,2,32,5,0,0,2,7,0,0,0,0,0,9,1,0,0,10,0,0,0,0,0,3,0,0,0,3,6,0,0,0,6,127,5,8,6,146,Louisiana,108,Texas,11,Georgia,3,0
SOUTHWESTERN LAW SCHOOL,125,1,4,1,131,49,2,9,4,64,10,1,6,3,20,1,0,1,0,2,2,0,0,0,2,0,0,0,0,0,0,0,4,91,7,321,2,0,0,0,2,0,0,0,0,0,0,0,0,0,0,0,0,0,0,0,2,0,0,0,2,2,0,0,0,2,82,1,5,4,92,16,0,2,0,18,11,0,1,0,12,11,0,0,0,11,0,0,0,0,0,0,0,0,0,0,5,0,0,0,5,1,0,1,0,2,36,3,7,2,48,13,0,1,1,15,7,0,1,1,9,0,0,0,0,0,1,0,0,0,1,0,0,0,0,0,2,0,2,0,4,0,0,0,0,0,187,4,20,8,219,California,193,Florida,2,Nevada,2,3
ST. JOHN'S UNIVERSITY,176,1,2,0,179,29,3,3,1,36,2,0,0,0,2,0,0,2,0,2,0,0,0,5,5,0,0,0,0,0,1,0,0,19,0,244,0,0,0,0,0,0,0,0,5,5,0,0,0,0,0,0,0,0,0,0,0,0,0,5,5,1,0,0,0,1,43,0,2,1,46,11,0,0,0,11,14,1,0,0,15,13,0,1,0,14,6,0,0,0,6,5,0,0,0,5,30,0,0,0,30,0,0,0,0,0,30,2,4,0,36,40,0,0,2,42,7,1,0,0,8,2,0,0,0,2,3,0,0,0,3,0,0,0,0,0,2,0,0,3,5,0,0,0,0,0,207,4,7,6,224,New York,211,New Jersey,5,Connecticut,5,0
ST. MARY'S UNIVERSITY,144,3,1,0,148,18,6,1,5,30,6,2,0,0,8,0,0,0,0,0,2,0,0,1,3,0,0,0,1,1,4,1,6,27,10,238,2,0,0,0,2,0,0,0,0,0,0,0,0,0,0,0,0,0,1,1,2,0,0,1,3,20,1,2,3,26,69,3,0,2,74,16,1,0,0,17,5,0,0,1,6,0,0,0,0,0,1,0,0,0,1,1,0,0,0,1,0,0,0,0,0,1,1,0,0,2,19,1,0,0,20,18,2,0,0,20,8,0,0,0,8,3,1,0,0,4,4,0,0,0,4,0,0,0,0,0,5,1,0,1,7,0,0,0,0,0,170,11,2,7,190,Texas,179,Illinois,2,New Mexico,2,0
ST. THOMAS UNIVERSITY (FLORIDA),97,0,0,2,99,8,1,0,7,16,10,3,1,6,20,0,0,0,2,2,0,0,0,0,0,0,0,0,0,0,13,0,24,27,1,202,0,0,0,0,0,0,0,0,0,0,0,0,0,0,0,0,0,0,0,0,0,0,0,0,0,7,0,0,0,7,53,1,0,5,59,6,0,0,0,6,0,0,0,0,0,3,0,0,0,3,3,0,0,0,3,1,0,0,0,1,0,0,0,0,0,0,0,0,0,0,14,3,0,9,26,23,0,0,1,24,1,0,0,0,1,0,0,0,0,0,3,0,0,0,3,0,0,0,0,0,1,0,1,2,4,0,0,0,0,0,115,4,1,17,137,Florida,122,California,3,New York,3,0
"ST. THOMAS, UNIVERSITY OF (MINNESOTA)",59,2,0,1,62,23,6,2,1,32,0,0,0,0,0,0,0,0,0,0,3,0,0,0,3,0,0,0,0,0,2,0,1,6,0,106,3,0,0,0,3,0,0,0,0,0,0,0,0,0,0,0,0,0,0,0,3,0,0,0,3,1,0,0,0,1,15,0,1,0,16,3,0,0,0,3,1,0,0,0,1,2,0,0,0,2,3,3,0,0,6,1,1,0,0,2,2,0,0,0,2,1,0,0,0,1,23,3,1,2,29,7,1,0,0,8,4,0,0,0,4,0,0,0,0,0,20,0,0,0,20,0,0,0,0,0,2,0,0,0,2,0,0,0,0,0,85,8,2,2,97,Minnesota,81,South Dakota,2,Wisconsin,2,1
STANFORD UNIVERSITY,164,0,0,0,164,4,0,0,0,4,4,0,0,0,4,0,0,0,0,0,4,0,0,0,4,0,0,0,0,0,3,0,1,1,2,183,4,0,0,0,4,0,0,0,0,0,0,0,0,0,0,0,0,0,0,0,4,0,0,0,4,0,0,0,0,0,1,0,0,0,1,0,0,0,0,0,1,0,0,0,1,1,0,0,0,1,5,0,0,0,5,11,0,0,0,11,76,0,0,0,76,1,0,0,0,1,9,0,0,0,9,10,0,0,0,10,12,0,0,0,12,45,0,0,0,45,4,0,0,0,4,0,0,0,0,0,0,0,0,0,0,0,0,0,0,0,176,0,0,0,176,California,76,District of Columbia,25,New York,24,3
STETSON UNIVERSITY,166,0,3,1,170,59,4,13,6,82,2,0,0,0,2,0,0,1,3,4,0,13,0,2,15,0,0,0,0,0,4,5,5,7,0,294,0,5,0,0,5,0,8,0,2,10,0,0,0,0,0,0,0,0,0,0,0,13,0,2,15,3,0,1,0,4,67,0,7,3,77,15,0,1,0,16,5,0,0,0,5,9,0,0,0,9,9,0,0,0,9,12,0,0,0,12,3,1,1,0,5,1,0,0,0,1,52,2,6,5,65,40,7,0,0,47,2,6,1,2,11,3,0,0,0,3,5,0,0,0,5,0,0,0,0,0,1,1,0,2,4,0,0,0,0,0,227,17,17,12,273,Florida,241,Virginia,5,Georgia,4,2
SUFFOLK UNIVERSITY,178,7,3,5,193,94,14,11,2,121,10,0,1,1,12,1,0,5,2,8,0,0,0,0,0,0,0,0,0,0,7,8,6,42,15,412,0,0,0,0,0,0,0,0,0,0,0,0,0,0,0,0,0,0,0,0,0,0,0,0,0,5,0,0,0,5,58,2,10,5,75,17,0,1,0,18,17,1,0,1,19,7,0,0,0,7,10,0,0,0,10,5,2,0,0,7,17,0,0,0,17,1,0,0,0,1,78,13,6,3,100,40,2,1,0,43,6,1,1,0,8,1,0,0,0,1,18,0,0,0,18,0,0,0,0,0,3,0,1,1,5,0,0,0,0,0,283,21,20,10,334,Massachusetts,265,Rhode Island,18,California,6,2
SYRACUSE UNIVERSITY,100,3,2,0,105,23,4,2,0,29,2,0,1,0,3,1,0,1,0,2,0,0,0,0,0,0,0,0,0,0,4,2,0,15,6,166,0,0,0,0,0,0,0,0,0,0,0,0,0,0,0,0,0,0,0,0,0,0,0,0,0,1,0,0,0,1,13,0,2,0,15,6,0,0,0,6,10,0,0,0,10,3,0,0,0,3,3,0,0,0,3,6,0,0,0,6,5,0,0,0,5,0,0,0,0,0,23,3,2,0,28,20,2,0,0,22,11,1,1,0,13,3,0,0,0,3,21,1,0,0,22,0,0,0,0,0,1,0,1,0,2,0,0,0,0,0,126,7,6,0,139,New York,66,New Jersey,12,District of Columbia,9,1
TEMPLE UNIVERSITY,139,5,2,0,146,28,2,3,0,33,2,0,0,0,2,0,0,1,0,1,1,0,0,2,3,0,0,0,0,0,5,0,0,12,0,202,1,0,0,0,1,0,0,0,2,2,0,0,0,0,0,0,0,0,0,0,1,0,0,2,3,1,0,1,0,2,20,0,0,0,20,13,0,0,0,13,9,0,0,0,9,8,0,0,0,8,15,0,0,0,15,4,0,0,0,4,23,0,0,0,23,1,0,2,0,3,19,1,2,0,22,18,0,0,0,18,13,2,1,1,17,8,0,0,0,8,16,4,0,0,20,0,0,0,0,0,2,0,0,1,3,0,0,0,0,0,170,7,6,2,185,Pennsylvania,133,New Jersey,17,Delaware,8,2
"TENNESSEE, UNIVERSITY OF",103,1,2,2,108,16,4,1,1,22,4,0,0,0,4,0,2,2,3,7,0,0,0,1,1,0,0,0,0,0,3,0,1,11,1,158,0,0,0,0,0,0,0,0,1,1,0,0,0,0,0,0,0,0,0,0,0,0,0,1,1,4,0,0,0,4,32,1,2,1,36,16,1,0,0,17,3,0,1,1,5,5,0,0,0,5,8,0,0,0,8,1,0,0,0,1,2,0,0,0,2,0,0,0,0,0,12,3,2,3,20,21,1,0,1,23,5,1,0,0,6,3,0,0,0,3,9,0,0,0,9,0,0,0,0,0,2,0,0,1,3,0,0,0,0,0,123,7,5,7,142,Tennessee,110,Kentucky,5,New York,4,1
TEXAS A&M UNIVERSITY,122,3,3,2,130,20,2,2,1,25,12,1,2,0,15,3,0,0,2,5,0,0,0,0,0,0,0,0,0,0,4,1,3,20,2,205,0,0,0,0,0,0,0,0,0,0,0,0,0,0,0,0,0,0,0,0,0,0,0,0,0,15,0,1,0,16,52,1,4,1,58,9,1,0,0,10,5,0,0,0,5,4,0,0,0,4,3,0,0,0,3,0,0,0,0,0,0,0,0,0,0,0,0,0,0,0,30,2,1,3,36,35,0,1,0,36,1,0,0,1,2,1,0,0,0,1,0,1,0,0,1,0,0,0,0,0,2,1,0,0,3,0,0,0,0,0,157,6,7,5,175,Texas,171,Indiana,1,Missouri,1,0
"TEXAS AT AUSTIN, UNIVERSITY OF",289,3,2,0,294,18,2,1,0,21,4,0,0,0,4,0,0,0,0,0,3,0,0,1,4,0,0,0,0,0,4,6,2,26,1,362,3,0,0,0,3,0,0,0,1,1,0,0,0,0,0,0,0,0,0,0,3,0,0,1,4,1,0,0,0,1,35,1,1,0,37,14,0,0,0,14,6,0,0,0,6,4,0,0,0,4,10,0,0,0,10,19,0,0,0,19,101,0,0,0,101,0,0,0,0,0,30,0,1,0,31,30,2,1,0,33,16,2,0,0,18,33,0,0,0,33,14,0,0,0,14,0,0,0,0,0,1,0,0,1,2,0,0,0,0,0,314,5,3,1,323,Texas,247,New York,26,California,10,2
TEXAS SOUTHERN UNIVERSITY,79,3,4,2,88,10,3,2,0,15,10,1,2,0,13,2,0,2,0,4,0,0,0,0,0,0,0,0,0,0,5,0,2,24,0,151,0,0,0,0,0,0,0,0,0,0,0,0,0,0,0,0,0,0,0,0,0,0,0,0,0,23,1,0,1,25,34,0,5,1,40,3,0,0,0,3,1,0,0,0,1,0,0,0,0,0,2,0,0,0,2,1,0,0,0,1,3,0,0,0,3,0,0,0,0,0,13,3,2,0,18,12,1,0,0,13,5,0,1,0,6,3,0,0,0,3,0,0,0,0,0,0,1,0,0,1,1,1,2,0,4,0,0,0,0,0,101,7,10,2,120,Texas,107,Georgia,2,Nebraska,2,0
TEXAS TECH UNIVERSITY,125,6,1,0,132,14,2,2,1,19,3,0,0,2,5,0,0,0,0,0,0,0,0,0,0,0,0,0,0,0,3,2,2,19,0,182,0,0,0,0,0,0,0,0,0,0,0,0,0,0,0,0,0,0,0,0,0,0,0,0,0,5,0,0,0,5,44,1,0,0,45,10,0,0,1,11,10,0,0,0,10,3,0,0,0,3,4,0,0,0,4,4,0,0,0,4,3,0,0,0,3,0,0,0,0,0,12,3,2,2,19,26,4,1,0,31,6,0,0,0,6,6,0,0,0,6,4,0,0,0,4,0,0,0,0,0,5,0,0,0,5,0,0,0,0,0,142,8,3,3,156,Texas,145,District of Columbia,2,Arizona,2,1
THOMAS JEFFERSON SCHOOL OF LAW,46,3,0,1,50,21,7,3,12,43,12,1,0,7,20,1,0,3,3,7,0,0,0,0,0,0,0,0,0,0,8,2,2,60,18,210,0,0,0,0,0,0,0,0,0,0,0,0,0,0,0,0,0,0,0,0,0,0,0,0,0,2,0,0,1,3,36,4,2,10,52,3,0,0,0,3,2,0,0,0,2,1,0,0,0,1,2,0,0,1,3,0,0,0,0,0,1,0,0,0,1,1,0,0,0,1,15,4,4,9,32,10,2,0,0,12,1,0,0,0,1,1,1,0,0,2,2,0,0,0,2,0,0,0,0,0,3,0,0,2,5,0,0,0,0,0,80,11,6,23,120,California,87,Nevada,7,New York,4,2
THOMAS M. COOLEY LAW SCHOOL,141,3,12,0,156,80,3,7,0,90,70,1,3,3,77,5,1,12,1,19,0,0,0,0,0,0,0,0,0,0,8,2,3,90,17,462,0,0,0,0,0,0,0,0,0,0,0,0,0,0,0,0,0,0,0,0,0,0,0,0,0,9,0,5,0,14,102,1,10,0,113,16,0,2,0,18,3,0,0,0,3,3,0,0,0,3,3,0,0,0,3,2,0,0,0,2,1,0,0,0,1,0,0,0,0,0,85,5,13,2,105,44,1,3,0,48,9,1,0,0,10,0,0,0,0,0,9,0,0,0,9,0,0,0,0,0,10,0,1,2,13,0,0,0,0,0,296,8,34,4,342,Michigan,181,Florida,71,Illinois,16,8
THOMAS M. COOLEY LAW SCHOOL - ANN ARBOR,0,0,0,0,0,0,0,0,0,0,0,0,0,0,0,0,0,0,0,0,0,0,0,0,0,0,0,0,0,0,0,0,0,0,0,0,0,0,0,0,0,0,0,0,0,0,0,0,0,0,0,0,0,0,0,0,0,0,0,0,0,0,0,0,0,0,0,0,0,0,0,0,0,0,0,0,0,0,0,0,0,0,0,0,0,0,0,0,0,0,0,0,0,0,0,0,0,0,0,0,0,0,0,0,0,0,0,0,0,0,0,0,0,0,0,0,0,0,0,0,0,0,0,0,0,0,0,0,0,0,0,0,0,0,0,0,0,0,0,0,0,0,0,0,0,0,0,0,0,0,0,Michigan,181,Florida,71,Illinois,16,0
THOMAS M. COOLEY LAW SCHOOL - TAMPA BAY,0,0,0,0,0,0,0,0,0,0,0,0,0,0,0,0,0,0,0,0,0,0,0,0,0,0,0,0,0,0,0,0,0,0,0,0,0,0,0,0,0,0,0,0,0,0,0,0,0,0,0,0,0,0,0,0,0,0,0,0,0,0,0,0,0,0,0,0,0,0,0,0,0,0,0,0,0,0,0,0,0,0,0,0,0,0,0,0,0,0,0,0,0,0,0,0,0,0,0,0,0,0,0,0,0,0,0,0,0,0,0,0,0,0,0,0,0,0,0,0,0,0,0,0,0,0,0,0,0,0,0,0,0,0,0,0,0,0,0,0,0,0,0,0,0,0,0,0,0,0,0,Michigan,181,Florida,71,Illinois,16,0
THOMAS M. COOLEY SCHOOL OF LAW - AUBURN HILLS,0,0,0,0,0,0,0,0,0,0,0,0,0,0,0,0,0,0,0,0,0,0,0,0,0,0,0,0,0,0,0,0,0,0,0,0,0,0,0,0,0,0,0,0,0,0,0,0,0,0,0,0,0,0,0,0,0,0,0,0,0,0,0,0,0,0,0,0,0,0,0,0,0,0,0,0,0,0,0,0,0,0,0,0,0,0,0,0,0,0,0,0,0,0,0,0,0,0,0,0,0,0,0,0,0,0,0,0,0,0,0,0,0,0,0,0,0,0,0,0,0,0,0,0,0,0,0,0,0,0,0,0,0,0,0,0,0,0,0,0,0,0,0,0,0,0,0,0,0,0,0,Michigan,181,Florida,71,Illinois,16,0
THOMAS M. COOLEY SCHOOL OF LAW - GRAND RAPIDS,0,0,0,0,0,0,0,0,0,0,0,0,0,0,0,0,0,0,0,0,0,0,0,0,0,0,0,0,0,0,0,0,0,0,0,0,0,0,0,0,0,0,0,0,0,0,0,0,0,0,0,0,0,0,0,0,0,0,0,0,0,0,0,0,0,0,0,0,0,0,0,0,0,0,0,0,0,0,0,0,0,0,0,0,0,0,0,0,0,0,0,0,0,0,0,0,0,0,0,0,0,0,0,0,0,0,0,0,0,0,0,0,0,0,0,0,0,0,0,0,0,0,0,0,0,0,0,0,0,0,0,0,0,0,0,0,0,0,0,0,0,0,0,0,0,0,0,0,0,0,0,Michigan,181,Florida,71,Illinois,16,0
THOMAS M. COOLEY SCHOOL OF LAW - LANSING,0,0,0,0,0,0,0,0,0,0,0,0,0,0,0,0,0,0,0,0,0,0,0,0,0,0,0,0,0,0,0,0,0,0,0,0,0,0,0,0,0,0,0,0,0,0,0,0,0,0,0,0,0,0,0,0,0,0,0,0,0,0,0,0,0,0,0,0,0,0,0,0,0,0,0,0,0,0,0,0,0,0,0,0,0,0,0,0,0,0,0,0,0,0,0,0,0,0,0,0,0,0,0,0,0,0,0,0,0,0,0,0,0,0,0,0,0,0,0,0,0,0,0,0,0,0,0,0,0,0,0,0,0,0,0,0,0,0,0,0,0,0,0,0,0,0,0,0,0,0,0,Michigan,181,Florida,71,Illinois,16,0
THOMAS M. COOLEY SCHOOL OF LAW  MICHIGAN,0,0,0,0,0,0,0,0,0,0,0,0,0,0,0,0,0,0,0,0,0,0,0,0,0,0,0,0,0,0,0,0,0,0,0,0,0,0,0,0,0,0,0,0,0,0,0,0,0,0,0,0,0,0,0,0,0,0,0,0,0,0,0,0,0,0,0,0,0,0,0,0,0,0,0,0,0,0,0,0,0,0,0,0,0,0,0,0,0,0,0,0,0,0,0,0,0,0,0,0,0,0,0,0,0,0,0,0,0,0,0,0,0,0,0,0,0,0,0,0,0,0,0,0,0,0,0,0,0,0,0,0,0,0,0,0,0,0,0,0,0,0,0,0,0,0,0,0,0,0,0,Michigan,181,Florida,71,Illinois,16,0
"TOLEDO, UNIVERSITY OF",32,0,6,0,38,21,0,3,3,27,4,0,2,1,7,1,0,4,0,5,0,0,0,0,0,0,0,0,0,0,1,1,1,6,2,88,0,0,0,0,0,0,0,0,0,0,0,0,0,0,0,0,0,0,0,0,0,0,0,0,0,1,0,2,0,3,12,0,2,0,14,3,0,0,0,3,3,0,0,0,3,2,0,0,0,2,1,0,0,0,1,1,0,0,0,1,1,0,0,0,1,0,0,0,0,0,6,0,4,2,12,15,0,1,2,18,4,0,2,0,6,2,0,0,0,2,4,0,1,0,5,0,0,0,0,0,3,0,3,0,6,0,0,0,0,0,58,0,15,4,77,Ohio,50,Michigan,15,Indiana,3,0
TOURO COLLEGE,87,0,1,0,88,10,0,0,0,10,15,0,1,0,16,0,0,3,0,3,0,0,0,0,0,0,0,0,0,0,1,2,3,16,0,139,0,0,0,0,0,0,0,0,0,0,0,0,0,0,0,0,0,0,0,0,0,0,0,0,0,3,0,0,0,3,43,0,1,0,44,11,0,0,0,11,0,0,0,0,0,5,0,0,0,5,1,0,0,0,1,0,0,0,0,0,2,0,0,0,2,0,0,0,0,0,15,0,4,0,19,24,0,0,0,24,2,0,0,0,2,0,0,0,0,0,4,0,0,0,4,0,0,0,0,0,2,0,0,0,2,0,0,0,0,0,112,0,5,0,117,New York,109,New Jersey,4,Georgia,1,0
TULANE UNIVERSITY,126,1,1,0,128,24,1,5,0,30,4,0,1,0,5,0,0,5,0,5,2,1,0,1,4,0,0,0,0,0,7,0,5,13,2,199,1,1,0,0,2,1,0,0,1,2,0,0,0,0,0,0,0,0,0,0,2,1,0,1,4,1,0,0,0,1,21,0,1,0,22,17,0,0,0,17,13,0,1,0,14,9,0,0,0,9,3,0,0,0,3,6,0,0,0,6,15,0,0,0,15,0,0,0,0,0,17,0,7,0,24,17,1,1,0,19,11,2,1,0,14,18,0,0,0,18,5,0,0,0,5,0,0,0,0,0,3,0,1,1,5,0,0,0,0,0,156,3,12,1,172,Louisiana,58,Texas,25,California,16,3
"TULSA, UNIVERSITY OF",51,2,2,0,55,10,0,0,5,15,1,0,1,1,3,1,0,0,3,4,0,0,0,0,0,0,0,0,0,0,2,0,3,1,0,83,0,0,0,0,0,0,0,0,0,0,0,0,0,0,0,0,0,0,0,0,0,0,0,0,0,0,0,0,0,0,15,0,1,3,19,9,0,0,0,9,4,0,0,0,4,0,0,0,0,0,2,0,0,0,2,0,0,0,0,0,1,0,0,0,1,0,0,0,0,0,10,2,1,5,18,12,0,0,0,12,7,0,0,0,7,2,0,0,0,2,0,0,0,0,0,0,0,0,0,0,1,0,1,1,3,0,0,0,0,0,63,2,3,9,77,Oklahoma,46,Texas,7,Colorado,4,2
UNIVERSITY OF BUFFALO-SUNY,117,2,3,3,125,8,2,0,2,12,3,0,0,2,5,1,0,5,1,7,0,0,0,0,0,0,0,1,1,2,1,3,5,24,1,185,0,0,0,0,0,0,0,0,0,0,0,0,0,0,0,0,0,0,0,0,0,0,0,0,0,1,0,0,0,1,27,0,2,2,31,17,0,1,2,20,9,0,0,1,10,5,0,0,0,5,9,1,0,0,10,4,0,0,0,4,3,0,0,0,3,3,0,0,0,3,15,1,4,0,20,22,2,0,0,24,5,0,0,0,5,2,0,0,0,2,4,0,0,0,4,0,0,0,0,0,2,0,0,1,3,1,0,2,3,6,129,4,9,9,151,New York,130,District of Columbia,1,Georgia,1,0
UNIVERSITY OF LA VERNE,7,0,0,0,7,9,1,0,3,13,5,0,1,0,6,0,1,0,0,1,0,0,0,0,0,0,0,0,0,0,2,1,3,12,6,51,0,0,0,0,0,0,0,0,0,0,0,0,0,0,0,0,0,0,0,0,0,0,0,0,0,1,0,0,0,1,11,0,0,3,14,1,1,0,0,2,0,0,0,0,0,1,0,0,0,1,1,0,0,0,1,0,0,0,0,0,0,0,0,0,0,0,0,0,0,0,5,1,0,0,6,0,0,0,0,0,0,0,1,0,1,0,0,0,0,0,0,0,0,0,0,0,0,0,0,0,1,0,0,0,1,0,0,0,0,0,21,2,1,3,27,California,26,Idaho,1,Georgia,1,0
UNIVERSITY OF MASSACHUSETTS DARTMOUTH,21,0,1,0,22,8,1,2,1,12,6,0,0,0,6,0,0,0,0,0,0,0,0,0,0,0,0,0,0,0,1,0,3,9,0,53,0,0,0,0,0,0,0,0,0,0,0,0,0,0,0,0,0,0,0,0,0,0,0,0,0,2,0,0,0,2,8,1,2,1,12,0,0,0,0,0,0,0,0,0,0,0,0,0,0,0,0,0,0,0,0,0,0,0,0,0,0,0,0,0,0,0,0,0,0,0,7,0,1,0,8,16,0,0,0,16,1,0,0,0,1,0,0,0,0,0,1,0,0,0,1,0,0,0,0,0,0,0,0,0,0,0,0,0,0,0,35,1,3,1,40,Massachusetts,32,Rhode Island,3,New York,2,0
UNIVERSITY OF NEVADA - LAS VEGAS,84,0,0,0,84,9,3,0,1,13,7,0,1,0,8,1,0,1,0,2,0,0,0,0,0,0,0,0,0,0,0,0,3,6,0,116,0,0,0,0,0,0,0,0,0,0,0,0,0,0,0,0,0,0,0,0,0,0,0,0,0,1,0,0,0,1,28,0,0,1,29,3,0,0,0,3,3,0,0,0,3,1,0,0,0,1,4,0,0,0,4,1,0,0,0,1,2,0,0,0,2,0,0,0,0,0,10,1,2,0,13,7,2,0,0,9,2,0,0,0,2,5,0,0,0,5,33,0,0,0,33,0,0,0,0,0,1,0,0,0,1,0,0,0,0,0,101,3,2,1,107,Nevada,100,District of Columbia,1,Illinois,1,0
UNIVERSITY OF THE DISTRICT OF COLUMBIA,0,0,0,0,0,0,0,0,0,0,0,0,0,0,0,0,0,0,0,0,0,0,0,0,0,0,0,0,0,0,0,0,0,0,0,0,0,0,0,0,0,0,0,0,0,0,0,0,0,0,0,0,0,0,0,0,0,0,0,0,0,0,0,0,0,0,0,0,0,0,0,0,0,0,0,0,0,0,0,0,0,0,0,0,0,0,0,0,0,0,0,0,0,0,0,0,0,0,0,0,0,0,0,0,0,0,0,0,0,0,0,0,0,0,0,0,0,0,0,0,0,0,0,0,0,0,0,0,0,0,0,0,0,0,0,0,0,0,0,0,0,0,0,0,0,0,0,0,0,0,0,Nevada,100,District of Columbia,1,Illinois,1,0
UNT DALLAS COLLEGE OF LAW,0,0,0,0,0,0,0,0,0,0,0,0,0,0,0,0,0,0,0,0,0,0,0,0,0,0,0,0,0,0,0,0,0,0,0,0,0,0,0,0,0,0,0,0,0,0,0,0,0,0,0,0,0,0,0,0,0,0,0,0,0,0,0,0,0,0,0,0,0,0,0,0,0,0,0,0,0,0,0,0,0,0,0,0,0,0,0,0,0,0,0,0,0,0,0,0,0,0,0,0,0,0,0,0,0,0,0,0,0,0,0,0,0,0,0,0,0,0,0,0,0,0,0,0,0,0,0,0,0,0,0,0,0,0,0,0,0,0,0,0,0,0,0,0,0,0,0,0,0,0,0,Nevada,100,District of Columbia,1,Illinois,1,0
"UTAH, UNIVERSITY OF",72,6,0,1,79,16,0,0,2,18,5,0,1,1,7,0,0,0,0,0,0,0,0,0,0,0,0,0,0,0,1,1,6,6,3,121,0,0,0,0,0,0,0,0,0,0,0,0,0,0,0,0,0,0,0,0,0,0,0,0,0,2,0,0,1,3,21,0,0,0,21,1,0,0,0,1,7,0,0,0,7,2,4,0,0,6,3,1,0,0,4,1,0,0,0,1,2,0,0,0,2,0,0,0,0,0,13,0,0,2,15,12,1,0,0,13,6,0,0,0,6,7,0,0,0,7,13,0,0,0,13,0,0,0,0,0,3,0,1,1,5,0,0,0,0,0,93,6,1,4,104,Utah,85,Nevada,4,Arizona,3,0
VALPARAISO UNIVERSITY,57,2,1,2,62,22,7,2,3,34,3,1,2,2,8,2,0,3,2,7,0,0,0,0,0,0,1,0,0,1,8,0,1,39,0,160,0,0,0,0,0,0,0,0,0,0,0,0,0,0,0,0,0,0,0,0,0,0,0,0,0,2,0,0,0,2,24,1,2,2,29,5,0,0,0,5,2,0,0,0,2,3,0,0,0,3,2,0,0,0,2,1,0,0,0,1,0,0,0,0,0,0,0,0,0,0,14,9,5,6,34,21,0,1,0,22,4,0,0,0,4,1,0,0,0,1,2,0,0,0,2,0,0,0,0,0,3,1,0,1,5,0,0,0,0,0,84,11,8,9,112,Indiana,58,Illinois,28,California,4,0
VANDERBILT UNIVERSITY,157,0,0,1,158,7,0,0,0,7,2,0,0,1,3,0,0,0,0,0,2,8,0,0,10,0,0,0,0,0,1,0,0,2,1,182,2,6,0,0,8,0,2,0,0,2,0,0,0,0,0,0,0,0,0,0,2,8,0,0,10,0,0,0,0,0,9,0,0,1,10,4,0,0,0,4,9,0,0,0,9,3,0,0,0,3,13,0,0,0,13,13,0,0,0,13,60,0,0,0,60,0,0,0,0,0,19,1,0,1,21,12,2,0,0,14,3,5,0,0,8,18,0,0,0,18,4,0,0,0,4,0,0,0,0,0,1,0,0,0,1,0,0,0,0,0,168,8,0,2,178,New York,28,Tennessee,28,Texas,19,0
VERMONT LAW SCHOOL,59,2,4,3,68,11,0,1,0,12,3,0,0,0,3,1,1,1,3,6,0,0,0,0,0,0,0,0,0,0,3,0,4,17,3,116,0,0,0,0,0,0,0,0,0,0,0,0,0,0,0,0,0,0,0,0,0,0,0,0,0,0,0,0,0,0,20,0,3,2,25,1,0,0,0,1,0,0,0,0,0,2,0,0,0,2,3,0,0,0,3,3,0,0,0,3,0,0,0,0,0,0,0,0,0,0,7,2,2,4,15,14,1,1,0,16,9,0,0,0,9,1,0,0,0,1,12,0,0,0,12,0,0,0,0,0,2,0,0,0,2,0,0,0,0,0,74,3,6,6,89,Vermont,18,New York,12,District of Columbia,6,1
VILLANOVA UNIVERSITY,119,1,0,1,121,21,0,1,0,22,1,0,0,1,2,3,0,0,0,3,1,1,0,0,2,0,0,0,0,0,1,0,2,18,1,172,1,0,0,0,1,0,0,0,0,0,0,0,0,0,0,0,1,0,0,1,1,1,0,0,2,0,0,0,0,0,15,0,1,0,16,9,0,0,0,9,8,0,0,0,8,12,0,0,0,12,8,0,0,0,8,1,0,0,0,1,19,0,0,0,19,0,0,0,0,0,24,0,0,1,25,11,0,0,1,12,3,0,0,0,3,2,0,0,0,2,32,1,0,0,33,0,0,0,0,0,1,1,0,0,2,0,0,0,0,0,145,2,1,2,150,Pennsylvania,89,New Jersey,23,Delaware,14,1
"VIRGINIA, UNIVERSITY OF",293,2,1,0,296,5,1,1,0,7,0,0,0,0,0,0,0,0,0,0,19,0,0,0,19,0,0,1,0,1,0,0,1,6,0,330,19,0,0,0,19,0,0,0,0,0,0,0,0,0,0,0,0,0,0,0,19,0,0,0,19,0,0,0,0,0,2,0,0,0,2,2,1,0,0,3,5,1,0,0,6,6,0,0,0,6,9,0,0,0,9,24,0,0,0,24,173,0,1,0,174,0,0,0,0,0,4,1,1,0,6,22,0,0,0,22,12,0,0,0,12,48,0,0,0,48,10,0,0,0,10,0,0,0,0,0,0,0,0,0,0,0,0,1,0,1,317,3,3,0,323,New York,74,District of Columbia,66,Virginia,36,5
WAKE FOREST UNIVERSITY,135,1,0,0,136,21,2,1,0,24,6,0,0,1,7,0,0,0,0,0,0,0,0,0,0,0,0,0,0,0,4,8,0,5,0,184,0,0,0,0,0,0,0,0,0,0,0,0,0,0,0,0,0,0,0,0,0,0,0,0,0,0,0,0,0,0,34,1,1,0,36,13,0,0,0,13,10,0,0,0,10,8,0,0,0,8,5,0,0,0,5,9,0,0,0,9,16,1,0,0,17,0,0,0,0,0,28,1,0,0,29,15,0,0,1,16,7,0,0,0,7,7,0,0,0,7,9,0,0,0,9,0,0,0,0,0,1,0,0,0,1,0,0,0,0,0,162,3,1,1,167,North Carolina,80,Florida,11,New York,9,1
WASHBURN UNIVERSITY,68,0,1,0,69,12,2,2,0,16,1,0,1,0,2,0,1,0,0,1,0,0,0,0,0,0,0,0,0,0,0,2,2,7,1,100,0,0,0,0,0,0,0,0,0,0,0,0,0,0,0,0,0,0,0,0,0,0,0,0,0,3,0,0,0,3,23,1,0,0,24,5,1,0,0,6,5,0,0,0,5,1,0,0,0,1,1,0,0,0,1,1,0,0,0,1,0,0,0,0,0,0,0,0,0,0,8,1,1,0,10,27,0,3,0,30,1,0,0,0,1,1,0,0,0,1,5,0,0,0,5,0,0,0,0,0,0,0,0,0,0,0,0,0,0,0,81,3,4,0,88,Kansas,60,Missouri,18,Utah,2,0
WASHINGTON AND LEE UNIVERSITY,73,0,0,1,74,7,1,0,0,8,0,0,1,0,1,0,0,0,0,0,0,0,0,0,0,0,0,0,0,0,5,2,0,5,0,95,0,0,0,0,0,0,0,0,0,0,0,0,0,0,0,0,0,0,0,0,0,0,0,0,0,0,0,0,0,0,11,0,0,0,11,6,0,0,0,6,3,0,0,0,3,0,0,0,0,0,6,0,0,0,6,5,0,0,0,5,5,0,0,0,5,1,0,0,0,1,8,1,1,1,11,8,0,0,0,8,8,0,0,0,8,9,0,0,0,9,10,0,0,0,10,0,0,0,0,0,0,0,0,0,0,0,0,0,0,0,80,1,1,1,83,Virginia,25,District of Columbia,10,New York,10,1
WASHINGTON UNIVERSITY,181,3,0,0,184,16,4,2,0,22,1,0,0,0,1,0,0,0,0,0,0,0,0,8,8,0,0,0,0,0,8,0,2,1,0,226,0,0,0,6,6,0,0,0,2,2,0,0,0,0,0,0,0,0,0,0,0,0,0,8,8,0,0,0,0,0,19,0,0,4,23,18,0,0,0,18,6,0,0,0,6,6,0,0,0,6,21,0,0,0,21,18,0,0,0,18,54,1,0,0,55,0,0,0,0,0,17,5,2,1,25,14,1,0,0,15,7,0,0,1,8,9,0,0,0,9,8,0,0,0,8,0,0,0,0,0,1,0,0,2,3,0,0,0,0,0,198,7,2,8,215,Missouri,63,New York,30,Illinois,29,5
"WASHINGTON, UNIVERSITY OF",103,9,2,1,115,12,6,0,0,18,0,0,0,0,0,1,0,2,0,3,0,0,0,0,0,0,0,0,0,0,4,2,4,7,0,153,0,0,0,0,0,0,0,0,0,0,0,0,0,0,0,0,0,0,0,0,0,0,0,0,0,0,0,0,0,0,18,1,2,0,21,6,0,0,0,6,5,1,0,0,6,4,0,0,0,4,4,0,0,0,4,6,0,0,0,6,12,0,0,0,12,0,0,0,0,0,9,5,2,1,17,15,6,0,0,21,9,1,0,0,10,7,0,0,0,7,19,1,0,0,20,1,0,0,0,1,1,0,0,0,1,0,0,0,0,0,116,15,4,1,136,Washington,97,California,7,Alaska,7,5
WAYNE STATE UNIVERSITY,81,1,3,2,87,15,2,4,3,24,3,0,0,0,3,2,1,1,0,4,0,0,0,0,0,0,0,0,0,0,2,0,0,10,1,131,0,0,0,0,0,0,0,0,0,0,0,0,0,0,0,0,0,0,0,0,0,0,0,0,0,0,0,0,1,1,19,2,2,1,24,10,0,1,0,11,5,1,1,1,8,11,0,0,0,11,7,0,0,0,7,6,0,0,0,6,1,0,0,0,1,0,0,0,0,0,21,1,1,1,24,10,0,0,1,11,4,0,3,0,7,1,0,0,0,1,4,0,0,0,4,0,0,0,0,0,1,0,0,0,1,1,0,0,0,1,101,4,8,5,118,Michigan,107,Illinois,1,Nevada,1,0
WEST VIRGINIA UNIVERSITY,72,0,0,0,72,16,2,0,1,19,2,0,0,1,3,4,2,0,0,6,0,0,0,0,0,0,0,0,0,0,2,0,1,8,4,115,0,0,0,0,0,0,0,0,0,0,0,0,0,0,0,0,0,0,0,0,0,0,0,0,0,1,0,0,0,1,29,0,0,1,30,2,0,0,0,2,3,0,0,0,3,3,0,0,0,3,5,0,0,0,5,2,0,0,0,2,1,0,0,0,1,0,0,0,0,0,20,1,0,0,21,9,1,0,0,10,8,1,0,0,9,3,0,0,0,3,6,0,0,0,6,0,0,0,0,0,2,1,0,1,4,0,0,0,0,0,94,4,0,2,100,West Virginia,69,Virginia,5,Ohio,4,1
WESTERN NEW ENGLAND UNIVERSITY,44,0,0,0,44,15,0,3,2,20,12,1,3,0,16,1,0,4,0,5,1,0,0,0,1,0,0,0,0,0,5,1,0,8,3,103,0,0,0,0,0,1,0,0,0,1,0,0,0,0,0,0,0,0,0,0,1,0,0,0,1,0,0,0,0,0,19,0,3,2,24,5,0,1,0,6,1,0,0,0,1,2,0,0,0,2,3,0,0,0,3,2,0,0,0,2,0,0,0,0,0,1,0,0,0,1,15,1,6,0,22,11,0,0,0,11,4,0,0,0,4,0,0,0,0,0,8,0,0,0,8,0,0,0,0,0,2,0,0,0,2,0,0,0,0,0,73,1,10,2,86,Massachusetts,39,Connecticut,29,New York,7,1
WESTERN STATE COLLEGE OF LAW,30,0,1,2,33,13,3,0,1,17,6,1,2,0,9,1,0,1,0,2,0,0,0,0,0,0,0,0,0,0,0,4,4,11,11,91,0,0,0,0,0,0,0,0,0,0,0,0,0,0,0,0,0,0,0,0,0,0,0,0,0,0,0,0,0,0,23,1,1,2,27,7,0,0,0,7,1,0,0,0,1,0,0,0,0,0,0,0,0,0,0,0,0,0,0,0,0,0,0,1,1,0,0,0,0,0,10,1,3,0,14,6,2,0,0,8,3,0,0,0,3,0,0,0,0,0,0,0,0,0,0,0,0,0,0,0,0,0,0,0,0,0,0,0,0,0,50,4,4,3,61,California,58,New York,1,Pennsylvania,1,0
WHITTIER LAW SCHOOL,38,1,5,1,45,12,3,10,4,29,2,0,1,0,3,4,0,1,2,7,0,0,0,12,12,0,0,0,0,0,5,1,6,19,1,128,0,0,0,0,0,0,0,0,11,11,0,0,0,1,1,0,0,0,0,0,0,0,0,12,12,1,0,0,0,1,28,0,11,4,43,5,1,1,0,7,1,0,0,0,1,1,0,0,0,1,1,0,0,0,1,0,0,0,0,0,2,1,0,0,3,0,0,0,0,0,12,2,4,3,21,3,0,1,0,4,2,0,0,6,8,0,0,0,0,0,0,0,0,0,0,0,0,0,0,0,0,0,0,6,6,0,0,0,0,0,56,4,17,19,96,California,88,Nevada,2,Florida,1,0
WIDENER UNIVERSITY-DELAWARE,82,2,2,3,89,21,1,1,7,30,11,0,1,2,14,1,1,0,1,3,0,0,0,0,0,0,0,0,0,0,2,0,2,14,19,173,0,0,0,0,0,0,0,0,0,0,0,0,0,0,0,0,0,0,0,0,0,0,0,0,0,2,0,0,0,2,25,0,1,6,32,11,1,0,1,13,5,0,0,0,5,1,0,0,0,1,4,0,0,0,4,0,0,0,0,0,2,0,0,0,2,0,0,0,0,0,15,2,0,5,22,14,0,2,1,17,4,1,0,0,5,0,0,0,0,0,32,0,0,0,32,0,0,0,0,0,0,0,1,0,1,0,0,0,0,0,115,4,4,13,136,Pennsylvania,52,Delaware,45,New Jersey,32,0
WIDENER-COMMONWEALTH,26,0,0,0,26,10,0,2,1,13,10,0,0,0,10,1,0,0,0,1,0,0,0,0,0,0,0,0,0,0,0,0,0,2,1,53,0,0,0,0,0,0,0,0,0,0,0,0,0,0,0,0,0,0,0,0,0,0,0,0,0,0,0,1,0,1,10,0,1,0,11,4,0,0,1,5,2,0,0,0,2,0,0,0,0,0,1,0,0,0,1,2,0,0,0,2,0,0,0,0,0,0,0,0,0,0,6,0,0,0,6,14,0,0,0,14,1,0,0,0,1,2,0,0,0,2,4,0,0,0,4,0,0,0,0,0,1,0,0,0,1,0,0,0,0,0,47,0,2,1,50,Pennsylvania,45,District of Columbia,2,New York,1,0
WILLAMETTE UNIVERSITY,44,1,0,0,45,16,3,4,0,23,4,2,2,1,9,3,1,3,0,7,0,0,0,0,0,0,0,0,0,0,2,1,3,22,2,114,0,0,0,0,0,0,0,0,0,0,0,0,0,0,0,0,0,0,0,0,0,0,0,0,0,4,0,0,0,4,25,0,4,0,29,5,0,0,0,5,3,0,0,0,3,0,0,0,0,0,0,0,0,0,0,0,0,0,0,0,0,0,0,0,0,0,0,0,0,0,10,1,4,0,15,11,5,0,0,16,4,0,1,0,5,0,0,0,0,0,5,1,0,0,6,0,0,0,0,0,0,0,0,1,1,0,0,0,0,0,67,7,9,1,84,Oregon,60,Washington,8,Nevada,4,0
WILLIAM AND MARY LAW SCHOOL,162,4,1,0,167,21,2,1,5,29,0,0,1,1,2,1,0,0,3,4,0,0,0,0,0,0,0,0,0,0,1,4,0,17,1,225,0,0,0,0,0,0,0,0,0,0,0,0,0,0,0,0,0,0,0,0,0,0,0,0,0,0,0,0,0,0,22,0,1,1,24,11,0,0,0,11,6,0,0,1,7,5,0,0,0,5,8,0,0,0,8,6,0,0,0,6,27,1,0,0,28,0,0,0,0,0,15,1,1,4,21,38,2,0,0,40,4,2,0,2,8,13,0,0,0,13,26,0,0,0,26,0,0,0,0,0,3,0,1,1,5,0,0,0,0,0,184,6,3,9,202,Virginia,67,District of Columbia,33,New York,16,2
WILLIAM MITCHELL COLLEGE OF LAW,0,0,0,0,0,0,0,0,0,0,0,0,0,0,0,0,0,0,0,0,0,0,0,0,0,0,0,0,0,0,0,0,0,0,0,0,0,0,0,0,0,0,0,0,0,0,0,0,0,0,0,0,0,0,0,0,0,0,0,0,0,0,0,0,0,0,0,0,0,0,0,0,0,0,0,0,0,0,0,0,0,0,0,0,0,0,0,0,0,0,0,0,0,0,0,0,0,0,0,0,0,0,0,0,0,0,0,0,0,0,0,0,0,0,0,0,0,0,0,0,0,0,0,0,0,0,0,0,0,0,0,0,0,0,0,0,0,0,0,0,0,0,0,0,0,0,0,0,0,0,0,Virginia,67,District of Columbia,33,New York,16,0
"WISCONSIN, UNIVERSITY OF",132,1,4,1,138,16,2,1,0,19,8,0,1,0,9,0,0,0,0,0,0,0,0,0,0,0,0,0,0,0,3,2,1,13,0,185,0,0,0,0,0,0,0,0,0,0,0,0,0,0,0,0,0,0,0,0,0,0,0,0,0,1,0,0,0,1,28,0,1,1,30,8,0,0,0,8,7,0,0,0,7,4,0,0,0,4,13,0,0,0,13,5,0,0,0,5,9,0,1,0,10,0,0,0,0,0,23,2,3,0,28,34,1,1,0,36,6,0,0,0,6,7,0,0,0,7,10,0,0,0,10,0,0,0,0,0,1,0,0,0,1,0,0,0,0,0,156,3,6,1,166,Wisconsin,91,Illinois,21,Minnesota,10,3
"WYOMING, UNIVERSITY OF",50,0,1,0,51,3,0,0,0,3,1,0,0,0,1,1,1,0,0,2,0,0,0,0,0,0,0,0,0,0,1,0,1,8,0,67,0,0,0,0,0,0,0,0,0,0,0,0,0,0,0,0,0,0,0,0,0,0,0,0,0,3,0,0,0,3,13,0,1,0,14,6,0,0,0,6,0,0,0,0,0,0,0,0,0,0,0,0,0,0,0,0,0,0,0,0,0,0,0,0,0,0,0,0,0,0,6,1,0,0,7,11,0,0,0,11,3,0,0,0,3,3,0,0,0,3,8,0,0,0,8,1,0,0,0,1,1,0,0,0,1,0,0,0,0,0,55,1,1,0,57,Wyoming,24,Colorado,13,Utah,4,1
YALE UNIVERSITY,160,0,0,0,160,9,1,0,0,10,4,0,0,1,5,0,0,0,0,0,16,3,0,0,19,0,0,0,0,0,2,2,3,1,1,203,12,3,0,0,15,4,0,0,0,4,0,0,0,0,0,0,0,0,0,0,16,3,0,0,19,0,0,0,0,0,1,0,0,0,1,1,0,0,0,1,1,0,0,0,1,1,0,0,0,1,8,0,0,0,8,6,0,0,0,6,65,0,0,0,65,0,0,0,0,0,6,1,0,1,8,7,1,0,0,8,16,2,0,0,18,69,0,0,0,69,1,0,0,0,1,2,0,0,0,2,5,0,0,0,5,0,0,0,0,0,189,4,0,1,194,New York,63,District of Columbia,40,California,23,8