school_uuid,school_name,school_url,reporting_year,report_url,local_file,downloaded_on
114,AKRON,http://www.uakron.edu/law,2016,,,2017-09-08
114,AKRON,http://www.uakron.edu/law,2015,,,2017-09-08
114,AKRON,http://www.uakron.edu/law,2014,,,2017-09-08
114,AKRON,http://www.uakron.edu/law,2013,,,2017-09-08
114,AKRON,http://www.uakron.edu/law,2012,,,2017-09-08
114,AKRON,http://www.uakron.edu/law,2011,,,2017-09-08
114,AKRON,http://www.uakron.edu/law,2010,,,2017-09-08
2,ALABAMA,http://www.law.ua.edu/,2016,,,2017-09-08
2,ALABAMA,http://www.law.ua.edu/,2015,,,2017-09-08
2,ALABAMA,http://www.law.ua.edu/,2014,,,2017-09-08
2,ALABAMA,http://www.law.ua.edu/,2013,,,2017-09-08
2,ALABAMA,http://www.law.ua.edu/,2012,,,2017-09-08
2,ALABAMA,http://www.law.ua.edu/,2011,,,2017-09-08
2,ALABAMA,http://www.law.ua.edu/,2010,,,2017-09-08
97,ALBANY,http://www.albanylaw.edu/,2016,,,2017-09-08
97,ALBANY,http://www.albanylaw.edu/,2015,,,2017-09-08
97,ALBANY,http://www.albanylaw.edu/,2014,,,2017-09-08
97,ALBANY,http://www.albanylaw.edu/,2013,,,2017-09-08
97,ALBANY,http://www.albanylaw.edu/,2012,,,2017-09-08
97,ALBANY,http://www.albanylaw.edu/,2011,,,2017-09-08
97,ALBANY,http://www.albanylaw.edu/,2010,,,2017-09-08
27,AMERICAN,http://www.wcl.american.edu/,2016,,,2017-09-08
27,AMERICAN,http://www.wcl.american.edu/,2015,,,2017-09-08
27,AMERICAN,http://www.wcl.american.edu/,2014,,,2017-09-08
27,AMERICAN,http://www.wcl.american.edu/,2013,,,2017-09-08
27,AMERICAN,http://www.wcl.american.edu/,2012,,,2017-09-08
27,AMERICAN,http://www.wcl.american.edu/,2011,,,2017-09-08
27,AMERICAN,http://www.wcl.american.edu/,2010,,,2017-09-08
191,APPALACHIAN,http://www.asl.edu/,2016,,,2017-09-08
191,APPALACHIAN,http://www.asl.edu/,2015,,,2017-09-08
191,APPALACHIAN,http://www.asl.edu/,2014,,,2017-09-08
191,APPALACHIAN,http://www.asl.edu/,2013,,,2017-09-08
191,APPALACHIAN,http://www.asl.edu/,2012,,,2017-09-08
191,APPALACHIAN,http://www.asl.edu/,2011,,,2017-09-08
191,APPALACHIAN,http://www.asl.edu/,2010,,,2017-09-08
4,ARIZONA,http://www.law.arizona.edu/,2016,,,2017-09-08
4,ARIZONA,http://www.law.arizona.edu/,2015,,,2017-09-08
4,ARIZONA,http://www.law.arizona.edu/,2014,,,2017-09-08
4,ARIZONA,http://www.law.arizona.edu/,2013,,,2017-09-08
4,ARIZONA,http://www.law.arizona.edu/,2012,,,2017-09-08
4,ARIZONA,http://www.law.arizona.edu/,2011,,,2017-09-08
4,ARIZONA,http://www.law.arizona.edu/,2010,,,2017-09-08
3,ARIZONA STATE,http://www.law.asu.edu/,2016,,,2017-09-08
3,ARIZONA STATE,http://www.law.asu.edu/,2015,,,2017-09-08
3,ARIZONA STATE,http://www.law.asu.edu/,2014,,,2017-09-08
3,ARIZONA STATE,http://www.law.asu.edu/,2013,,,2017-09-08
3,ARIZONA STATE,http://www.law.asu.edu/,2012,,,2017-09-08
3,ARIZONA STATE,http://www.law.asu.edu/,2011,,,2017-09-08
3,ARIZONA STATE,http://www.law.asu.edu/,2010,,,2017-09-08
202,ARIZONA SUMMIT,http://www.azsummitlaw.edu,2016,,,2017-09-08
202,ARIZONA SUMMIT,http://www.azsummitlaw.edu,2015,,,2017-09-08
202,ARIZONA SUMMIT,http://www.azsummitlaw.edu,2014,,,2017-09-08
202,ARIZONA SUMMIT,http://www.azsummitlaw.edu,2013,,,2017-09-08
202,ARIZONA SUMMIT,http://www.azsummitlaw.edu,2012,,,2017-09-08
202,ARIZONA SUMMIT,http://www.azsummitlaw.edu,2011,,,2017-09-08
202,ARIZONA SUMMIT,http://www.azsummitlaw.edu,2010,,,2017-09-08
5,ARKANSAS - FAYETTEVILLE,http://law.uark.edu/,2016,,,2017-09-08
5,ARKANSAS - FAYETTEVILLE,http://law.uark.edu/,2015,,,2017-09-08
5,ARKANSAS - FAYETTEVILLE,http://law.uark.edu/,2014,,,2017-09-08
5,ARKANSAS - FAYETTEVILLE,http://law.uark.edu/,2013,,,2017-09-08
5,ARKANSAS - FAYETTEVILLE,http://law.uark.edu/,2012,,,2017-09-08
5,ARKANSAS - FAYETTEVILLE,http://law.uark.edu/,2011,,,2017-09-08
5,ARKANSAS - FAYETTEVILLE,http://law.uark.edu/,2010,,,2017-09-08
6,ARKANSAS - LITTLE ROCK,http://www.law.ualr.edu/,2016,,,2017-09-08
6,ARKANSAS - LITTLE ROCK,http://www.law.ualr.edu/,2015,,,2017-09-08
6,ARKANSAS - LITTLE ROCK,http://www.law.ualr.edu/,2014,,,2017-09-08
6,ARKANSAS - LITTLE ROCK,http://www.law.ualr.edu/,2013,,,2017-09-08
6,ARKANSAS - LITTLE ROCK,http://www.law.ualr.edu/,2012,,,2017-09-08
6,ARKANSAS - LITTLE ROCK,http://www.law.ualr.edu/,2011,,,2017-09-08
6,ARKANSAS - LITTLE ROCK,http://www.law.ualr.edu/,2010,,,2017-09-08
197,ATLANTA'S JOHN MARSHALL LAW SCHOOL,http://www.johnmarshall.edu/,2016,,,2017-09-08
197,ATLANTA'S JOHN MARSHALL LAW SCHOOL,http://www.johnmarshall.edu/,2015,,,2017-09-08
197,ATLANTA'S JOHN MARSHALL LAW SCHOOL,http://www.johnmarshall.edu/,2014,,,2017-09-08
197,ATLANTA'S JOHN MARSHALL LAW SCHOOL,http://www.johnmarshall.edu/,2013,,,2017-09-08
197,ATLANTA'S JOHN MARSHALL LAW SCHOOL,http://www.johnmarshall.edu/,2012,,,2017-09-08
197,ATLANTA'S JOHN MARSHALL LAW SCHOOL,http://www.johnmarshall.edu/,2011,,,2017-09-08
197,ATLANTA'S JOHN MARSHALL LAW SCHOOL,http://www.johnmarshall.edu/,2010,,,2017-09-08
193,AVE MARIA SCHOOL OF LAW,http://www.avemarialaw.edu/,2016,,,2017-09-08
193,AVE MARIA SCHOOL OF LAW,http://www.avemarialaw.edu/,2015,,,2017-09-08
193,AVE MARIA SCHOOL OF LAW,http://www.avemarialaw.edu/,2014,,,2017-09-08
193,AVE MARIA SCHOOL OF LAW,http://www.avemarialaw.edu/,2013,,,2017-09-08
193,AVE MARIA SCHOOL OF LAW,http://www.avemarialaw.edu/,2012,,,2017-09-08
193,AVE MARIA SCHOOL OF LAW,http://www.avemarialaw.edu/,2011,,,2017-09-08
193,AVE MARIA SCHOOL OF LAW,http://www.avemarialaw.edu/,2010,,,2017-09-08
67,BALTIMORE,http://law.ubalt.edu/index.cfm,2016,,,2017-09-08
67,BALTIMORE,http://law.ubalt.edu/index.cfm,2015,,,2017-09-08
67,BALTIMORE,http://law.ubalt.edu/index.cfm,2014,,,2017-09-08
67,BALTIMORE,http://law.ubalt.edu/index.cfm,2013,,,2017-09-08
67,BALTIMORE,http://law.ubalt.edu/index.cfm,2012,,,2017-09-08
67,BALTIMORE,http://law.ubalt.edu/index.cfm,2011,,,2017-09-08
67,BALTIMORE,http://law.ubalt.edu/index.cfm,2010,,,2017-09-08
192,BARRY UNIVERSITY,http://www.barry.edu/law,2016,,,2017-09-08
192,BARRY UNIVERSITY,http://www.barry.edu/law,2015,,,2017-09-08
192,BARRY UNIVERSITY,http://www.barry.edu/law,2014,,,2017-09-08
192,BARRY UNIVERSITY,http://www.barry.edu/law,2013,,,2017-09-08
192,BARRY UNIVERSITY,http://www.barry.edu/law,2012,,,2017-09-08
192,BARRY UNIVERSITY,http://www.barry.edu/law,2011,,,2017-09-08
192,BARRY UNIVERSITY,http://www.barry.edu/law,2010,,,2017-09-08
149,BAYLOR,http://www.baylor.edu/law/,2016,,,2017-09-08
149,BAYLOR,http://www.baylor.edu/law/,2015,,,2017-09-08
149,BAYLOR,http://www.baylor.edu/law/,2014,,,2017-09-08
149,BAYLOR,http://www.baylor.edu/law/,2013,,,2017-09-08
149,BAYLOR,http://www.baylor.edu/law/,2012,,,2017-09-08
149,BAYLOR,http://www.baylor.edu/law/,2011,,,2017-09-08
149,BAYLOR,http://www.baylor.edu/law/,2010,,,2017-09-08
213,BELMONT UNIVERSITY,http://www.belmont.edu/law/,2016,,,2017-09-08
213,BELMONT UNIVERSITY,http://www.belmont.edu/law/,2015,,,2017-09-08
213,BELMONT UNIVERSITY,http://www.belmont.edu/law/,2014,,,2017-09-08
213,BELMONT UNIVERSITY,http://www.belmont.edu/law/,2013,,,2017-09-08
213,BELMONT UNIVERSITY,http://www.belmont.edu/law/,2012,,,2017-09-08
213,BELMONT UNIVERSITY,http://www.belmont.edu/law/,2011,,,2017-09-08
213,BELMONT UNIVERSITY,http://www.belmont.edu/law/,2010,,,2017-09-08
73,BOSTON COLLEGE,http://www.bc.edu/schools/law/,2016,,,2017-09-08
73,BOSTON COLLEGE,http://www.bc.edu/schools/law/,2015,,,2017-09-08
73,BOSTON COLLEGE,http://www.bc.edu/schools/law/,2014,,,2017-09-08
73,BOSTON COLLEGE,http://www.bc.edu/schools/law/,2013,,,2017-09-08
73,BOSTON COLLEGE,http://www.bc.edu/schools/law/,2012,,,2017-09-08
73,BOSTON COLLEGE,http://www.bc.edu/schools/law/,2011,,,2017-09-08
73,BOSTON COLLEGE,http://www.bc.edu/schools/law/,2010,,,2017-09-08
69,BOSTON UNIVERSITY,http://web.bu.edu/LAW/,2016,,,2017-09-08
69,BOSTON UNIVERSITY,http://web.bu.edu/LAW/,2015,,,2017-09-08
69,BOSTON UNIVERSITY,http://web.bu.edu/LAW/,2014,,,2017-09-08
69,BOSTON UNIVERSITY,http://web.bu.edu/LAW/,2013,,,2017-09-08
69,BOSTON UNIVERSITY,http://web.bu.edu/LAW/,2012,,,2017-09-08
69,BOSTON UNIVERSITY,http://web.bu.edu/LAW/,2011,,,2017-09-08
69,BOSTON UNIVERSITY,http://web.bu.edu/LAW/,2010,,,2017-09-08
150,BRIGHAM YOUNG,http://www.law.byu.edu/,2016,,,2017-09-08
150,BRIGHAM YOUNG,http://www.law.byu.edu/,2015,,,2017-09-08
150,BRIGHAM YOUNG,http://www.law.byu.edu/,2014,,,2017-09-08
150,BRIGHAM YOUNG,http://www.law.byu.edu/,2013,,,2017-09-08
150,BRIGHAM YOUNG,http://www.law.byu.edu/,2012,,,2017-09-08
150,BRIGHAM YOUNG,http://www.law.byu.edu/,2011,,,2017-09-08
150,BRIGHAM YOUNG,http://www.law.byu.edu/,2010,,,2017-09-08
100,BROOKLYN,http://www.brooklaw.edu/,2016,,,2017-09-08
100,BROOKLYN,http://www.brooklaw.edu/,2015,,,2017-09-08
100,BROOKLYN,http://www.brooklaw.edu/,2014,,,2017-09-08
100,BROOKLYN,http://www.brooklaw.edu/,2013,,,2017-09-08
100,BROOKLYN,http://www.brooklaw.edu/,2012,,,2017-09-08
100,BROOKLYN,http://www.brooklaw.edu/,2011,,,2017-09-08
100,BROOKLYN,http://www.brooklaw.edu/,2010,,,2017-09-08
7,CALIFORNIA - BERKELEY,http://www.law.berkeley.edu/,2016,,,2017-09-08
7,CALIFORNIA - BERKELEY,http://www.law.berkeley.edu/,2015,,,2017-09-08
7,CALIFORNIA - BERKELEY,http://www.law.berkeley.edu/,2014,,,2017-09-08
7,CALIFORNIA - BERKELEY,http://www.law.berkeley.edu/,2013,,,2017-09-08
7,CALIFORNIA - BERKELEY,http://www.law.berkeley.edu/,2012,,,2017-09-08
7,CALIFORNIA - BERKELEY,http://www.law.berkeley.edu/,2011,,,2017-09-08
7,CALIFORNIA - BERKELEY,http://www.law.berkeley.edu/,2010,,,2017-09-08
8,CALIFORNIA - DAVIS,http://www.law.ucdavis.edu/,2016,,,2017-09-08
8,CALIFORNIA - DAVIS,http://www.law.ucdavis.edu/,2015,,,2017-09-08
8,CALIFORNIA - DAVIS,http://www.law.ucdavis.edu/,2014,,,2017-09-08
8,CALIFORNIA - DAVIS,http://www.law.ucdavis.edu/,2013,,,2017-09-08
8,CALIFORNIA - DAVIS,http://www.law.ucdavis.edu/,2012,,,2017-09-08
8,CALIFORNIA - DAVIS,http://www.law.ucdavis.edu/,2011,,,2017-09-08
8,CALIFORNIA - DAVIS,http://www.law.ucdavis.edu/,2010,,,2017-09-08
16,CALIFORNIA - HASTINGS,http://www.uchastings.edu/,2016,,,2017-09-08
16,CALIFORNIA - HASTINGS,http://www.uchastings.edu/,2015,,,2017-09-08
16,CALIFORNIA - HASTINGS,http://www.uchastings.edu/,2014,,,2017-09-08
16,CALIFORNIA - HASTINGS,http://www.uchastings.edu/,2013,,,2017-09-08
16,CALIFORNIA - HASTINGS,http://www.uchastings.edu/,2012,,,2017-09-08
16,CALIFORNIA - HASTINGS,http://www.uchastings.edu/,2011,,,2017-09-08
16,CALIFORNIA - HASTINGS,http://www.uchastings.edu/,2010,,,2017-09-08
211,CALIFORNIA - IRVINE,http://www.law.uci.edu/,2016,,,2017-09-08
211,CALIFORNIA - IRVINE,http://www.law.uci.edu/,2015,,,2017-09-08
211,CALIFORNIA - IRVINE,http://www.law.uci.edu/,2014,,,2017-09-08
211,CALIFORNIA - IRVINE,http://www.law.uci.edu/,2013,,,2017-09-08
211,CALIFORNIA - IRVINE,http://www.law.uci.edu/,2012,,,2017-09-08
211,CALIFORNIA - IRVINE,http://www.law.uci.edu/,2011,,,2017-09-08
211,CALIFORNIA - IRVINE,http://www.law.uci.edu/,2010,,,2017-09-08
9,CALIFORNIA - LOS ANGELES,http://www.law.ucla.edu/,2016,,,2017-09-08
9,CALIFORNIA - LOS ANGELES,http://www.law.ucla.edu/,2015,,,2017-09-08
9,CALIFORNIA - LOS ANGELES,http://www.law.ucla.edu/,2014,,,2017-09-08
9,CALIFORNIA - LOS ANGELES,http://www.law.ucla.edu/,2013,,,2017-09-08
9,CALIFORNIA - LOS ANGELES,http://www.law.ucla.edu/,2012,,,2017-09-08
9,CALIFORNIA - LOS ANGELES,http://www.law.ucla.edu/,2011,,,2017-09-08
9,CALIFORNIA - LOS ANGELES,http://www.law.ucla.edu/,2010,,,2017-09-08
14,CALIFORNIA WESTERN,http://www.cwsl.edu/,2016,,,2017-09-08
14,CALIFORNIA WESTERN,http://www.cwsl.edu/,2015,,,2017-09-08
14,CALIFORNIA WESTERN,http://www.cwsl.edu/,2014,,,2017-09-08
14,CALIFORNIA WESTERN,http://www.cwsl.edu/,2013,,,2017-09-08
14,CALIFORNIA WESTERN,http://www.cwsl.edu/,2012,,,2017-09-08
14,CALIFORNIA WESTERN,http://www.cwsl.edu/,2011,,,2017-09-08
14,CALIFORNIA WESTERN,http://www.cwsl.edu/,2010,,,2017-09-08
169,CAMPBELL,http://law.campbell.edu/,2016,,,2017-09-08
169,CAMPBELL,http://law.campbell.edu/,2015,,,2017-09-08
169,CAMPBELL,http://law.campbell.edu/,2014,,,2017-09-08
169,CAMPBELL,http://law.campbell.edu/,2013,,,2017-09-08
169,CAMPBELL,http://law.campbell.edu/,2012,,,2017-09-08
169,CAMPBELL,http://law.campbell.edu/,2011,,,2017-09-08
169,CAMPBELL,http://law.campbell.edu/,2010,,,2017-09-08
118,CAPITAL,http://www.law.capital.edu/,2016,,,2017-09-08
118,CAPITAL,http://www.law.capital.edu/,2015,,,2017-09-08
118,CAPITAL,http://www.law.capital.edu/,2014,,,2017-09-08
118,CAPITAL,http://www.law.capital.edu/,2013,,,2017-09-08
118,CAPITAL,http://www.law.capital.edu/,2012,,,2017-09-08
118,CAPITAL,http://www.law.capital.edu/,2011,,,2017-09-08
118,CAPITAL,http://www.law.capital.edu/,2010,,,2017-09-08
168,CARDOZO,http://www.cardozo.yu.edu/,2016,,,2017-09-08
168,CARDOZO,http://www.cardozo.yu.edu/,2015,,,2017-09-08
168,CARDOZO,http://www.cardozo.yu.edu/,2014,,,2017-09-08
168,CARDOZO,http://www.cardozo.yu.edu/,2013,,,2017-09-08
168,CARDOZO,http://www.cardozo.yu.edu/,2012,,,2017-09-08
168,CARDOZO,http://www.cardozo.yu.edu/,2011,,,2017-09-08
168,CARDOZO,http://www.cardozo.yu.edu/,2010,,,2017-09-08
117,CASE WESTERN RESERVE,http://law.case.edu/,2016,,,2017-09-08
117,CASE WESTERN RESERVE,http://law.case.edu/,2015,,,2017-09-08
117,CASE WESTERN RESERVE,http://law.case.edu/,2014,,,2017-09-08
117,CASE WESTERN RESERVE,http://law.case.edu/,2013,,,2017-09-08
117,CASE WESTERN RESERVE,http://law.case.edu/,2012,,,2017-09-08
117,CASE WESTERN RESERVE,http://law.case.edu/,2011,,,2017-09-08
117,CASE WESTERN RESERVE,http://law.case.edu/,2010,,,2017-09-08
29,CATHOLIC UNIVERSITY OF AMERICA,www.law.edu,2016,,,2017-09-08
29,CATHOLIC UNIVERSITY OF AMERICA,www.law.edu,2015,,,2017-09-08
29,CATHOLIC UNIVERSITY OF AMERICA,www.law.edu,2014,,,2017-09-08
29,CATHOLIC UNIVERSITY OF AMERICA,www.law.edu,2013,,,2017-09-08
29,CATHOLIC UNIVERSITY OF AMERICA,www.law.edu,2012,,,2017-09-08
29,CATHOLIC UNIVERSITY OF AMERICA,www.law.edu,2011,,,2017-09-08
29,CATHOLIC UNIVERSITY OF AMERICA,www.law.edu,2010,,,2017-09-08
186,CHAPMAN,http://www.chapman.edu/law/,2016,,,2017-09-08
186,CHAPMAN,http://www.chapman.edu/law/,2015,,,2017-09-08
186,CHAPMAN,http://www.chapman.edu/law/,2014,,,2017-09-08
186,CHAPMAN,http://www.chapman.edu/law/,2013,,,2017-09-08
186,CHAPMAN,http://www.chapman.edu/law/,2012,,,2017-09-08
186,CHAPMAN,http://www.chapman.edu/law/,2011,,,2017-09-08
186,CHAPMAN,http://www.chapman.edu/law/,2010,,,2017-09-08
201,CHARLESTON,http://www.charlestonlaw.org/,2016,,,2017-09-08
201,CHARLESTON,http://www.charlestonlaw.org/,2015,,,2017-09-08
201,CHARLESTON,http://www.charlestonlaw.org/,2014,,,2017-09-08
201,CHARLESTON,http://www.charlestonlaw.org/,2013,,,2017-09-08
201,CHARLESTON,http://www.charlestonlaw.org/,2012,,,2017-09-08
201,CHARLESTON,http://www.charlestonlaw.org/,2011,,,2017-09-08
201,CHARLESTON,http://www.charlestonlaw.org/,2010,,,2017-09-08
206,CHARLOTTE,http://www.charlottelaw.edu/,2016,,,2017-09-08
206,CHARLOTTE,http://www.charlottelaw.edu/,2015,,,2017-09-08
206,CHARLOTTE,http://www.charlottelaw.edu/,2014,,,2017-09-08
206,CHARLOTTE,http://www.charlottelaw.edu/,2013,,,2017-09-08
206,CHARLOTTE,http://www.charlottelaw.edu/,2012,,,2017-09-08
206,CHARLOTTE,http://www.charlottelaw.edu/,2011,,,2017-09-08
206,CHARLOTTE,http://www.charlottelaw.edu/,2010,,,2017-09-08
50,CHICAGO,http://www.law.uchicago.edu/,2016,,,2017-09-08
50,CHICAGO,http://www.law.uchicago.edu/,2015,,,2017-09-08
50,CHICAGO,http://www.law.uchicago.edu/,2014,,,2017-09-08
50,CHICAGO,http://www.law.uchicago.edu/,2013,,,2017-09-08
50,CHICAGO,http://www.law.uchicago.edu/,2012,,,2017-09-08
50,CHICAGO,http://www.law.uchicago.edu/,2011,,,2017-09-08
50,CHICAGO,http://www.law.uchicago.edu/,2010,,,2017-09-08
45,CHICAGO-KENT,http://www.kentlaw.edu/,2016,,,2017-09-08
45,CHICAGO-KENT,http://www.kentlaw.edu/,2015,,,2017-09-08
45,CHICAGO-KENT,http://www.kentlaw.edu/,2014,,,2017-09-08
45,CHICAGO-KENT,http://www.kentlaw.edu/,2013,,,2017-09-08
45,CHICAGO-KENT,http://www.kentlaw.edu/,2012,,,2017-09-08
45,CHICAGO-KENT,http://www.kentlaw.edu/,2011,,,2017-09-08
45,CHICAGO-KENT,http://www.kentlaw.edu/,2010,,,2017-09-08
115,CINCINNATI,http://www.law.uc.edu/,2016,,,2017-09-08
115,CINCINNATI,http://www.law.uc.edu/,2015,,,2017-09-08
115,CINCINNATI,http://www.law.uc.edu/,2014,,,2017-09-08
115,CINCINNATI,http://www.law.uc.edu/,2013,,,2017-09-08
115,CINCINNATI,http://www.law.uc.edu/,2012,,,2017-09-08
115,CINCINNATI,http://www.law.uc.edu/,2011,,,2017-09-08
115,CINCINNATI,http://www.law.uc.edu/,2010,,,2017-09-08
176,CITY UNIVERSITY OF NEW YORK,http://www.law.cuny.edu/,2016,,,2017-09-08
176,CITY UNIVERSITY OF NEW YORK,http://www.law.cuny.edu/,2015,,,2017-09-08
176,CITY UNIVERSITY OF NEW YORK,http://www.law.cuny.edu/,2014,,,2017-09-08
176,CITY UNIVERSITY OF NEW YORK,http://www.law.cuny.edu/,2013,,,2017-09-08
176,CITY UNIVERSITY OF NEW YORK,http://www.law.cuny.edu/,2012,,,2017-09-08
176,CITY UNIVERSITY OF NEW YORK,http://www.law.cuny.edu/,2011,,,2017-09-08
176,CITY UNIVERSITY OF NEW YORK,http://www.law.cuny.edu/,2010,,,2017-09-08
116,CLEVELAND STATE,http://www.law.csuohio.edu/,2016,,,2017-09-08
116,CLEVELAND STATE,http://www.law.csuohio.edu/,2015,,,2017-09-08
116,CLEVELAND STATE,http://www.law.csuohio.edu/,2014,,,2017-09-08
116,CLEVELAND STATE,http://www.law.csuohio.edu/,2013,,,2017-09-08
116,CLEVELAND STATE,http://www.law.csuohio.edu/,2012,,,2017-09-08
116,CLEVELAND STATE,http://www.law.csuohio.edu/,2011,,,2017-09-08
116,CLEVELAND STATE,http://www.law.csuohio.edu/,2010,,,2017-09-08
22,COLORADO,http://www.colorado.edu/law,2016,,,2017-09-08
22,COLORADO,http://www.colorado.edu/law,2015,,,2017-09-08
22,COLORADO,http://www.colorado.edu/law,2014,,,2017-09-08
22,COLORADO,http://www.colorado.edu/law,2013,,,2017-09-08
22,COLORADO,http://www.colorado.edu/law,2012,,,2017-09-08
22,COLORADO,http://www.colorado.edu/law,2011,,,2017-09-08
22,COLORADO,http://www.colorado.edu/law,2010,,,2017-09-08
101,COLUMBIA,http://www.law.columbia.edu/,2016,,,2017-09-08
101,COLUMBIA,http://www.law.columbia.edu/,2015,,,2017-09-08
101,COLUMBIA,http://www.law.columbia.edu/,2014,,,2017-09-08
101,COLUMBIA,http://www.law.columbia.edu/,2013,,,2017-09-08
101,COLUMBIA,http://www.law.columbia.edu/,2012,,,2017-09-08
101,COLUMBIA,http://www.law.columbia.edu/,2011,,,2017-09-08
101,COLUMBIA,http://www.law.columbia.edu/,2010,,,2017-09-08
212,CONCORDIA,http://law.cu-portland.edu/,2016,,,2017-09-08
212,CONCORDIA,http://law.cu-portland.edu/,2015,,,2017-09-08
212,CONCORDIA,http://law.cu-portland.edu/,2014,,,2017-09-08
212,CONCORDIA,http://law.cu-portland.edu/,2013,,,2017-09-08
212,CONCORDIA,http://law.cu-portland.edu/,2012,,,2017-09-08
212,CONCORDIA,http://law.cu-portland.edu/,2011,,,2017-09-08
212,CONCORDIA,http://law.cu-portland.edu/,2010,,,2017-09-08
24,CONNECTICUT,http://www.law.uconn.edu/,2016,,,2017-09-08
24,CONNECTICUT,http://www.law.uconn.edu/,2015,,,2017-09-08
24,CONNECTICUT,http://www.law.uconn.edu/,2014,,,2017-09-08
24,CONNECTICUT,http://www.law.uconn.edu/,2013,,,2017-09-08
24,CONNECTICUT,http://www.law.uconn.edu/,2012,,,2017-09-08
24,CONNECTICUT,http://www.law.uconn.edu/,2011,,,2017-09-08
24,CONNECTICUT,http://www.law.uconn.edu/,2010,,,2017-09-08
99,CORNELL,http://www.lawschool.cornell.edu/,2016,,,2017-09-08
99,CORNELL,http://www.lawschool.cornell.edu/,2015,,,2017-09-08
99,CORNELL,http://www.lawschool.cornell.edu/,2014,,,2017-09-08
99,CORNELL,http://www.lawschool.cornell.edu/,2013,,,2017-09-08
99,CORNELL,http://www.lawschool.cornell.edu/,2012,,,2017-09-08
99,CORNELL,http://www.lawschool.cornell.edu/,2011,,,2017-09-08
99,CORNELL,http://www.lawschool.cornell.edu/,2010,,,2017-09-08
91,CREIGHTON,http://law.creighton.edu/,2016,,,2017-09-08
91,CREIGHTON,http://law.creighton.edu/,2015,,,2017-09-08
91,CREIGHTON,http://law.creighton.edu/,2014,,,2017-09-08
91,CREIGHTON,http://law.creighton.edu/,2013,,,2017-09-08
91,CREIGHTON,http://law.creighton.edu/,2012,,,2017-09-08
91,CREIGHTON,http://law.creighton.edu/,2011,,,2017-09-08
91,CREIGHTON,http://law.creighton.edu/,2010,,,2017-09-08
121,DAYTON,http://law.udayton.edu/,2016,,,2017-09-08
121,DAYTON,http://law.udayton.edu/,2015,,,2017-09-08
121,DAYTON,http://law.udayton.edu/,2014,,,2017-09-08
121,DAYTON,http://law.udayton.edu/,2013,,,2017-09-08
121,DAYTON,http://law.udayton.edu/,2012,,,2017-09-08
121,DAYTON,http://law.udayton.edu/,2011,,,2017-09-08
121,DAYTON,http://law.udayton.edu/,2010,,,2017-09-08
23,DENVER,http://www.law.du.edu/,2016,,,2017-09-08
23,DENVER,http://www.law.du.edu/,2015,,,2017-09-08
23,DENVER,http://www.law.du.edu/,2014,,,2017-09-08
23,DENVER,http://www.law.du.edu/,2013,,,2017-09-08
23,DENVER,http://www.law.du.edu/,2012,,,2017-09-08
23,DENVER,http://www.law.du.edu/,2011,,,2017-09-08
23,DENVER,http://www.law.du.edu/,2010,,,2017-09-08
46,DEPAUL,http://www.law.depaul.edu/,2016,,,2017-09-08
46,DEPAUL,http://www.law.depaul.edu/,2015,,,2017-09-08
46,DEPAUL,http://www.law.depaul.edu/,2014,,,2017-09-08
46,DEPAUL,http://www.law.depaul.edu/,2013,,,2017-09-08
46,DEPAUL,http://www.law.depaul.edu/,2012,,,2017-09-08
46,DEPAUL,http://www.law.depaul.edu/,2011,,,2017-09-08
46,DEPAUL,http://www.law.depaul.edu/,2010,,,2017-09-08
78,DETROIT MERCY,http://www.law.udmercy.edu/,2016,,,2017-09-08
78,DETROIT MERCY,http://www.law.udmercy.edu/,2015,,,2017-09-08
78,DETROIT MERCY,http://www.law.udmercy.edu/,2014,,,2017-09-08
78,DETROIT MERCY,http://www.law.udmercy.edu/,2013,,,2017-09-08
78,DETROIT MERCY,http://www.law.udmercy.edu/,2012,,,2017-09-08
78,DETROIT MERCY,http://www.law.udmercy.edu/,2011,,,2017-09-08
78,DETROIT MERCY,http://www.law.udmercy.edu/,2010,,,2017-09-08
180,DISTRICT OF COLUMBIA,http://www.law.udc.edu/,2016,,,2017-09-08
180,DISTRICT OF COLUMBIA,http://www.law.udc.edu/,2015,,,2017-09-08
180,DISTRICT OF COLUMBIA,http://www.law.udc.edu/,2014,,,2017-09-08
180,DISTRICT OF COLUMBIA,http://www.law.udc.edu/,2013,,,2017-09-08
180,DISTRICT OF COLUMBIA,http://www.law.udc.edu/,2012,,,2017-09-08
180,DISTRICT OF COLUMBIA,http://www.law.udc.edu/,2011,,,2017-09-08
180,DISTRICT OF COLUMBIA,http://www.law.udc.edu/,2010,,,2017-09-08
55,DRAKE,http://www.law.drake.edu/,2016,,,2017-09-08
55,DRAKE,http://www.law.drake.edu/,2015,,,2017-09-08
55,DRAKE,http://www.law.drake.edu/,2014,,,2017-09-08
55,DRAKE,http://www.law.drake.edu/,2013,,,2017-09-08
55,DRAKE,http://www.law.drake.edu/,2012,,,2017-09-08
55,DRAKE,http://www.law.drake.edu/,2011,,,2017-09-08
55,DRAKE,http://www.law.drake.edu/,2010,,,2017-09-08
207,DREXEL,http://www.drexel.edu/law/,2016,,,2017-09-08
207,DREXEL,http://www.drexel.edu/law/,2015,,,2017-09-08
207,DREXEL,http://www.drexel.edu/law/,2014,,,2017-09-08
207,DREXEL,http://www.drexel.edu/law/,2013,,,2017-09-08
207,DREXEL,http://www.drexel.edu/law/,2012,,,2017-09-08
207,DREXEL,http://www.drexel.edu/law/,2011,,,2017-09-08
207,DREXEL,http://www.drexel.edu/law/,2010,,,2017-09-08
109,DUKE,http://www.law.duke.edu/,2016,,,2017-09-08
109,DUKE,http://www.law.duke.edu/,2015,,,2017-09-08
109,DUKE,http://www.law.duke.edu/,2014,,,2017-09-08
109,DUKE,http://www.law.duke.edu/,2013,,,2017-09-08
109,DUKE,http://www.law.duke.edu/,2012,,,2017-09-08
109,DUKE,http://www.law.duke.edu/,2011,,,2017-09-08
109,DUKE,http://www.law.duke.edu/,2010,,,2017-09-08
131,DUQUESNE,http://www.law.duq.edu/,2016,,,2017-09-08
131,DUQUESNE,http://www.law.duq.edu/,2015,,,2017-09-08
131,DUQUESNE,http://www.law.duq.edu/,2014,,,2017-09-08
131,DUQUESNE,http://www.law.duq.edu/,2013,,,2017-09-08
131,DUQUESNE,http://www.law.duq.edu/,2012,,,2017-09-08
131,DUQUESNE,http://www.law.duq.edu/,2011,,,2017-09-08
131,DUQUESNE,http://www.law.duq.edu/,2010,,,2017-09-08
205,ELON,http://www.elon.edu/e-web/law,2016,,,2017-09-08
205,ELON,http://www.elon.edu/e-web/law,2015,,,2017-09-08
205,ELON,http://www.elon.edu/e-web/law,2014,,,2017-09-08
205,ELON,http://www.elon.edu/e-web/law,2013,,,2017-09-08
205,ELON,http://www.elon.edu/e-web/law,2012,,,2017-09-08
205,ELON,http://www.elon.edu/e-web/law,2011,,,2017-09-08
205,ELON,http://www.elon.edu/e-web/law,2010,,,2017-09-08
39,EMORY,http://www.law.emory.edu/,2016,,,2017-09-08
39,EMORY,http://www.law.emory.edu/,2015,,,2017-09-08
39,EMORY,http://www.law.emory.edu/,2014,,,2017-09-08
39,EMORY,http://www.law.emory.edu/,2013,,,2017-09-08
39,EMORY,http://www.law.emory.edu/,2012,,,2017-09-08
39,EMORY,http://www.law.emory.edu/,2011,,,2017-09-08
39,EMORY,http://www.law.emory.edu/,2010,,,2017-09-08
200,FAULKNER,http://www.faulkner.edu/jsl/,2016,,,2017-09-08
200,FAULKNER,http://www.faulkner.edu/jsl/,2015,,,2017-09-08
200,FAULKNER,http://www.faulkner.edu/jsl/,2014,,,2017-09-08
200,FAULKNER,http://www.faulkner.edu/jsl/,2013,,,2017-09-08
200,FAULKNER,http://www.faulkner.edu/jsl/,2012,,,2017-09-08
200,FAULKNER,http://www.faulkner.edu/jsl/,2011,,,2017-09-08
200,FAULKNER,http://www.faulkner.edu/jsl/,2010,,,2017-09-08
34,FLORIDA,http://www.law.ufl.edu/,2016,,,2017-09-08
34,FLORIDA,http://www.law.ufl.edu/,2015,,,2017-09-08
34,FLORIDA,http://www.law.ufl.edu/,2014,,,2017-09-08
34,FLORIDA,http://www.law.ufl.edu/,2013,,,2017-09-08
34,FLORIDA,http://www.law.ufl.edu/,2012,,,2017-09-08
34,FLORIDA,http://www.law.ufl.edu/,2011,,,2017-09-08
34,FLORIDA,http://www.law.ufl.edu/,2010,,,2017-09-08
195,FLORIDA A&M,http://law.famu.edu/,2016,,,2017-09-08
195,FLORIDA A&M,http://law.famu.edu/,2015,,,2017-09-08
195,FLORIDA A&M,http://law.famu.edu/,2014,,,2017-09-08
195,FLORIDA A&M,http://law.famu.edu/,2013,,,2017-09-08
195,FLORIDA A&M,http://law.famu.edu/,2012,,,2017-09-08
195,FLORIDA A&M,http://law.famu.edu/,2011,,,2017-09-08
195,FLORIDA A&M,http://law.famu.edu/,2010,,,2017-09-08
189,FLORIDA COASTAL,http://www.fcsl.edu/,2016,,,2017-09-08
189,FLORIDA COASTAL,http://www.fcsl.edu/,2015,,,2017-09-08
189,FLORIDA COASTAL,http://www.fcsl.edu/,2014,,,2017-09-08
189,FLORIDA COASTAL,http://www.fcsl.edu/,2013,,,2017-09-08
189,FLORIDA COASTAL,http://www.fcsl.edu/,2012,,,2017-09-08
189,FLORIDA COASTAL,http://www.fcsl.edu/,2011,,,2017-09-08
189,FLORIDA COASTAL,http://www.fcsl.edu/,2010,,,2017-09-08
196,FLORIDA INTERNATIONAL,http://law.fiu.edu/,2016,,,2017-09-08
196,FLORIDA INTERNATIONAL,http://law.fiu.edu/,2015,,,2017-09-08
196,FLORIDA INTERNATIONAL,http://law.fiu.edu/,2014,,,2017-09-08
196,FLORIDA INTERNATIONAL,http://law.fiu.edu/,2013,,,2017-09-08
196,FLORIDA INTERNATIONAL,http://law.fiu.edu/,2012,,,2017-09-08
196,FLORIDA INTERNATIONAL,http://law.fiu.edu/,2011,,,2017-09-08
196,FLORIDA INTERNATIONAL,http://law.fiu.edu/,2010,,,2017-09-08
36,FLORIDA STATE,http://www.law.fsu.edu/,2016,,,2017-09-08
36,FLORIDA STATE,http://www.law.fsu.edu/,2015,,,2017-09-08
36,FLORIDA STATE,http://www.law.fsu.edu/,2014,,,2017-09-08
36,FLORIDA STATE,http://www.law.fsu.edu/,2013,,,2017-09-08
36,FLORIDA STATE,http://www.law.fsu.edu/,2012,,,2017-09-08
36,FLORIDA STATE,http://www.law.fsu.edu/,2011,,,2017-09-08
36,FLORIDA STATE,http://www.law.fsu.edu/,2010,,,2017-09-08
102,FORDHAM,http://law.fordham.edu,2016,,,2017-09-08
102,FORDHAM,http://law.fordham.edu,2015,,,2017-09-08
102,FORDHAM,http://law.fordham.edu,2014,,,2017-09-08
102,FORDHAM,http://law.fordham.edu,2013,,,2017-09-08
102,FORDHAM,http://law.fordham.edu,2012,,,2017-09-08
102,FORDHAM,http://law.fordham.edu,2011,,,2017-09-08
102,FORDHAM,http://law.fordham.edu,2010,,,2017-09-08
171,GEORGE MASON,http://www.law.gmu.edu/,2016,,,2017-09-08
171,GEORGE MASON,http://www.law.gmu.edu/,2015,,,2017-09-08
171,GEORGE MASON,http://www.law.gmu.edu/,2014,,,2017-09-08
171,GEORGE MASON,http://www.law.gmu.edu/,2013,,,2017-09-08
171,GEORGE MASON,http://www.law.gmu.edu/,2012,,,2017-09-08
171,GEORGE MASON,http://www.law.gmu.edu/,2011,,,2017-09-08
171,GEORGE MASON,http://www.law.gmu.edu/,2010,,,2017-09-08
31,GEORGE WASHINGTON,http://www.law.gwu.edu/,2016,,,2017-09-08
31,GEORGE WASHINGTON,http://www.law.gwu.edu/,2015,,,2017-09-08
31,GEORGE WASHINGTON,http://www.law.gwu.edu/,2014,,,2017-09-08
31,GEORGE WASHINGTON,http://www.law.gwu.edu/,2013,,,2017-09-08
31,GEORGE WASHINGTON,http://www.law.gwu.edu/,2012,,,2017-09-08
31,GEORGE WASHINGTON,http://www.law.gwu.edu/,2011,,,2017-09-08
31,GEORGE WASHINGTON,http://www.law.gwu.edu/,2010,,,2017-09-08
30,GEORGETOWN,http://www.law.georgetown.edu/,2016,,,2017-09-08
30,GEORGETOWN,http://www.law.georgetown.edu/,2015,,,2017-09-08
30,GEORGETOWN,http://www.law.georgetown.edu/,2014,,,2017-09-08
30,GEORGETOWN,http://www.law.georgetown.edu/,2013,,,2017-09-08
30,GEORGETOWN,http://www.law.georgetown.edu/,2012,,,2017-09-08
30,GEORGETOWN,http://www.law.georgetown.edu/,2011,,,2017-09-08
30,GEORGETOWN,http://www.law.georgetown.edu/,2010,,,2017-09-08
38,GEORGIA,http://www.law.uga.edu/,2016,,,2017-09-08
38,GEORGIA,http://www.law.uga.edu/,2015,,,2017-09-08
38,GEORGIA,http://www.law.uga.edu/,2014,,,2017-09-08
38,GEORGIA,http://www.law.uga.edu/,2013,,,2017-09-08
38,GEORGIA,http://www.law.uga.edu/,2012,,,2017-09-08
38,GEORGIA,http://www.law.uga.edu/,2011,,,2017-09-08
38,GEORGIA,http://www.law.uga.edu/,2010,,,2017-09-08
175,GEORGIA STATE,http://law.gsu.edu/,2016,,,2017-09-08
175,GEORGIA STATE,http://law.gsu.edu/,2015,,,2017-09-08
175,GEORGIA STATE,http://law.gsu.edu/,2014,,,2017-09-08
175,GEORGIA STATE,http://law.gsu.edu/,2013,,,2017-09-08
175,GEORGIA STATE,http://law.gsu.edu/,2012,,,2017-09-08
175,GEORGIA STATE,http://law.gsu.edu/,2011,,,2017-09-08
175,GEORGIA STATE,http://law.gsu.edu/,2010,,,2017-09-08
17,GOLDEN GATE,http://www.ggu.edu/law,2016,,,2017-09-08
17,GOLDEN GATE,http://www.ggu.edu/law,2015,,,2017-09-08
17,GOLDEN GATE,http://www.ggu.edu/law,2014,,,2017-09-08
17,GOLDEN GATE,http://www.ggu.edu/law,2013,,,2017-09-08
17,GOLDEN GATE,http://www.ggu.edu/law,2012,,,2017-09-08
17,GOLDEN GATE,http://www.ggu.edu/law,2011,,,2017-09-08
17,GOLDEN GATE,http://www.ggu.edu/law,2010,,,2017-09-08
159,GONZAGA,http://www.law.gonzaga.edu/,2016,,,2017-09-08
159,GONZAGA,http://www.law.gonzaga.edu/,2015,,,2017-09-08
159,GONZAGA,http://www.law.gonzaga.edu/,2014,,,2017-09-08
159,GONZAGA,http://www.law.gonzaga.edu/,2013,,,2017-09-08
159,GONZAGA,http://www.law.gonzaga.edu/,2012,,,2017-09-08
159,GONZAGA,http://www.law.gonzaga.edu/,2011,,,2017-09-08
159,GONZAGA,http://www.law.gonzaga.edu/,2010,,,2017-09-08
74,HARVARD,http://www.law.harvard.edu/,2016,,,2017-09-08
74,HARVARD,http://www.law.harvard.edu/,2015,,,2017-09-08
74,HARVARD,http://www.law.harvard.edu/,2014,,,2017-09-08
74,HARVARD,http://www.law.harvard.edu/,2013,,,2017-09-08
74,HARVARD,http://www.law.harvard.edu/,2012,,,2017-09-08
74,HARVARD,http://www.law.harvard.edu/,2011,,,2017-09-08
74,HARVARD,http://www.law.harvard.edu/,2010,,,2017-09-08
41,HAWAII,http://www.law.hawaii.edu/,2016,,,2017-09-08
41,HAWAII,http://www.law.hawaii.edu/,2015,,,2017-09-08
41,HAWAII,http://www.law.hawaii.edu/,2014,,,2017-09-08
41,HAWAII,http://www.law.hawaii.edu/,2013,,,2017-09-08
41,HAWAII,http://www.law.hawaii.edu/,2012,,,2017-09-08
41,HAWAII,http://www.law.hawaii.edu/,2011,,,2017-09-08
41,HAWAII,http://www.law.hawaii.edu/,2010,,,2017-09-08
103,HOFSTRA,http://www.hofstra.edu/law,2016,,,2017-09-08
103,HOFSTRA,http://www.hofstra.edu/law,2015,,,2017-09-08
103,HOFSTRA,http://www.hofstra.edu/law,2014,,,2017-09-08
103,HOFSTRA,http://www.hofstra.edu/law,2013,,,2017-09-08
103,HOFSTRA,http://www.hofstra.edu/law,2012,,,2017-09-08
103,HOFSTRA,http://www.hofstra.edu/law,2011,,,2017-09-08
103,HOFSTRA,http://www.hofstra.edu/law,2010,,,2017-09-08
144,HOUSTON,http://www.law.uh.edu/,2016,,,2017-09-08
144,HOUSTON,http://www.law.uh.edu/,2015,,,2017-09-08
144,HOUSTON,http://www.law.uh.edu/,2014,,,2017-09-08
144,HOUSTON,http://www.law.uh.edu/,2013,,,2017-09-08
144,HOUSTON,http://www.law.uh.edu/,2012,,,2017-09-08
144,HOUSTON,http://www.law.uh.edu/,2011,,,2017-09-08
144,HOUSTON,http://www.law.uh.edu/,2010,,,2017-09-08
32,HOWARD,http://www.law.howard.edu/,2016,,,2017-09-08
32,HOWARD,http://www.law.howard.edu/,2015,,,2017-09-08
32,HOWARD,http://www.law.howard.edu/,2014,,,2017-09-08
32,HOWARD,http://www.law.howard.edu/,2013,,,2017-09-08
32,HOWARD,http://www.law.howard.edu/,2012,,,2017-09-08
32,HOWARD,http://www.law.howard.edu/,2011,,,2017-09-08
32,HOWARD,http://www.law.howard.edu/,2010,,,2017-09-08
42,IDAHO,http://www.uidaho.edu/law/,2016,,,2017-09-08
42,IDAHO,http://www.uidaho.edu/law/,2015,,,2017-09-08
42,IDAHO,http://www.uidaho.edu/law/,2014,,,2017-09-08
42,IDAHO,http://www.uidaho.edu/law/,2013,,,2017-09-08
42,IDAHO,http://www.uidaho.edu/law/,2012,,,2017-09-08
42,IDAHO,http://www.uidaho.edu/law/,2011,,,2017-09-08
42,IDAHO,http://www.uidaho.edu/law/,2010,,,2017-09-08
44,ILLINOIS,http://www.law.uiuc.edu/,2016,,,2017-09-08
44,ILLINOIS,http://www.law.uiuc.edu/,2015,,,2017-09-08
44,ILLINOIS,http://www.law.uiuc.edu/,2014,,,2017-09-08
44,ILLINOIS,http://www.law.uiuc.edu/,2013,,,2017-09-08
44,ILLINOIS,http://www.law.uiuc.edu/,2012,,,2017-09-08
44,ILLINOIS,http://www.law.uiuc.edu/,2011,,,2017-09-08
44,ILLINOIS,http://www.law.uiuc.edu/,2010,,,2017-09-08
51,INDIANA - BLOOMINGTON,http://www.law.indiana.edu/,2016,,,2017-09-08
51,INDIANA - BLOOMINGTON,http://www.law.indiana.edu/,2015,,,2017-09-08
51,INDIANA - BLOOMINGTON,http://www.law.indiana.edu/,2014,,,2017-09-08
51,INDIANA - BLOOMINGTON,http://www.law.indiana.edu/,2013,,,2017-09-08
51,INDIANA - BLOOMINGTON,http://www.law.indiana.edu/,2012,,,2017-09-08
51,INDIANA - BLOOMINGTON,http://www.law.indiana.edu/,2011,,,2017-09-08
51,INDIANA - BLOOMINGTON,http://www.law.indiana.edu/,2010,,,2017-09-08
52,INDIANA UNIVERSITY - INDIANAPOLIS,http://www.mckinneylaw.iu.edu,2016,,,2017-09-08
52,INDIANA UNIVERSITY - INDIANAPOLIS,http://www.mckinneylaw.iu.edu,2015,,,2017-09-08
52,INDIANA UNIVERSITY - INDIANAPOLIS,http://www.mckinneylaw.iu.edu,2014,,,2017-09-08
52,INDIANA UNIVERSITY - INDIANAPOLIS,http://www.mckinneylaw.iu.edu,2013,,,2017-09-08
52,INDIANA UNIVERSITY - INDIANAPOLIS,http://www.mckinneylaw.iu.edu,2012,,,2017-09-08
52,INDIANA UNIVERSITY - INDIANAPOLIS,http://www.mckinneylaw.iu.edu,2011,,,2017-09-08
52,INDIANA UNIVERSITY - INDIANAPOLIS,http://www.mckinneylaw.iu.edu,2010,,,2017-09-08
134,INTER-AMERICAN,http://www.derecho.inter.edu/,2016,,,2017-09-08
134,INTER-AMERICAN,http://www.derecho.inter.edu/,2015,,,2017-09-08
134,INTER-AMERICAN,http://www.derecho.inter.edu/,2014,,,2017-09-08
134,INTER-AMERICAN,http://www.derecho.inter.edu/,2013,,,2017-09-08
134,INTER-AMERICAN,http://www.derecho.inter.edu/,2012,,,2017-09-08
134,INTER-AMERICAN,http://www.derecho.inter.edu/,2011,,,2017-09-08
134,INTER-AMERICAN,http://www.derecho.inter.edu/,2010,,,2017-09-08
56,IOWA,http://www.law.uiowa.edu/,2016,,,2017-09-08
56,IOWA,http://www.law.uiowa.edu/,2015,,,2017-09-08
56,IOWA,http://www.law.uiowa.edu/,2014,,,2017-09-08
56,IOWA,http://www.law.uiowa.edu/,2013,,,2017-09-08
56,IOWA,http://www.law.uiowa.edu/,2012,,,2017-09-08
56,IOWA,http://www.law.uiowa.edu/,2011,,,2017-09-08
56,IOWA,http://www.law.uiowa.edu/,2010,,,2017-09-08
57,KANSAS,http://www.law.ku.edu/,2016,,,2017-09-08
57,KANSAS,http://www.law.ku.edu/,2015,,,2017-09-08
57,KANSAS,http://www.law.ku.edu/,2014,,,2017-09-08
57,KANSAS,http://www.law.ku.edu/,2013,,,2017-09-08
57,KANSAS,http://www.law.ku.edu/,2012,,,2017-09-08
57,KANSAS,http://www.law.ku.edu/,2011,,,2017-09-08
57,KANSAS,http://www.law.ku.edu/,2010,,,2017-09-08
60,KENTUCKY,http://www.uky.edu/Law/,2016,,,2017-09-08
60,KENTUCKY,http://www.uky.edu/Law/,2015,,,2017-09-08
60,KENTUCKY,http://www.uky.edu/Law/,2014,,,2017-09-08
60,KENTUCKY,http://www.uky.edu/Law/,2013,,,2017-09-08
60,KENTUCKY,http://www.uky.edu/Law/,2012,,,2017-09-08
60,KENTUCKY,http://www.uky.edu/Law/,2011,,,2017-09-08
60,KENTUCKY,http://www.uky.edu/Law/,2010,,,2017-09-08
198,LA VERNE,http://law.laverne.edu/,2016,,,2017-09-08
198,LA VERNE,http://law.laverne.edu/,2015,,,2017-09-08
198,LA VERNE,http://law.laverne.edu/,2014,,,2017-09-08
198,LA VERNE,http://law.laverne.edu/,2013,,,2017-09-08
198,LA VERNE,http://law.laverne.edu/,2012,,,2017-09-08
198,LA VERNE,http://law.laverne.edu/,2011,,,2017-09-08
198,LA VERNE,http://law.laverne.edu/,2010,,,2017-09-08
126,LEWIS AND CLARK,http://law.lclark.edu,2016,,,2017-09-08
126,LEWIS AND CLARK,http://law.lclark.edu,2015,,,2017-09-08
126,LEWIS AND CLARK,http://law.lclark.edu,2014,,,2017-09-08
126,LEWIS AND CLARK,http://law.lclark.edu,2013,,,2017-09-08
126,LEWIS AND CLARK,http://law.lclark.edu,2012,,,2017-09-08
126,LEWIS AND CLARK,http://law.lclark.edu,2011,,,2017-09-08
126,LEWIS AND CLARK,http://law.lclark.edu,2010,,,2017-09-08
199,LIBERTY,http://law.liberty.edu/,2016,,,2017-09-08
199,LIBERTY,http://law.liberty.edu/,2015,,,2017-09-08
199,LIBERTY,http://law.liberty.edu/,2014,,,2017-09-08
199,LIBERTY,http://law.liberty.edu/,2013,,,2017-09-08
199,LIBERTY,http://law.liberty.edu/,2012,,,2017-09-08
199,LIBERTY,http://law.liberty.edu/,2011,,,2017-09-08
199,LIBERTY,http://law.liberty.edu/,2010,,,2017-09-08
215,LINCOLN MEMORIAL,http://law.lmunet.edu/,2016,,,2017-09-08
215,LINCOLN MEMORIAL,http://law.lmunet.edu/,2015,,,2017-09-08
215,LINCOLN MEMORIAL,http://law.lmunet.edu/,2014,,,2017-09-08
215,LINCOLN MEMORIAL,http://law.lmunet.edu/,2013,,,2017-09-08
215,LINCOLN MEMORIAL,http://law.lmunet.edu/,2012,,,2017-09-08
215,LINCOLN MEMORIAL,http://law.lmunet.edu/,2011,,,2017-09-08
215,LINCOLN MEMORIAL,http://law.lmunet.edu/,2010,,,2017-09-08
62,LOUISIANA STATE,http://www.law.lsu.edu/,2016,,,2017-09-08
62,LOUISIANA STATE,http://www.law.lsu.edu/,2015,,,2017-09-08
62,LOUISIANA STATE,http://www.law.lsu.edu/,2014,,,2017-09-08
62,LOUISIANA STATE,http://www.law.lsu.edu/,2013,,,2017-09-08
62,LOUISIANA STATE,http://www.law.lsu.edu/,2012,,,2017-09-08
62,LOUISIANA STATE,http://www.law.lsu.edu/,2011,,,2017-09-08
62,LOUISIANA STATE,http://www.law.lsu.edu/,2010,,,2017-09-08
61,LOUISVILLE,http://www.law.louisville.edu/,2016,,,2017-09-08
61,LOUISVILLE,http://www.law.louisville.edu/,2015,,,2017-09-08
61,LOUISVILLE,http://www.law.louisville.edu/,2014,,,2017-09-08
61,LOUISVILLE,http://www.law.louisville.edu/,2013,,,2017-09-08
61,LOUISVILLE,http://www.law.louisville.edu/,2012,,,2017-09-08
61,LOUISVILLE,http://www.law.louisville.edu/,2011,,,2017-09-08
61,LOUISVILLE,http://www.law.louisville.edu/,2010,,,2017-09-08
48,LOYOLA - CHICAGO,http://www.luc.edu/law/,2016,,,2017-09-08
48,LOYOLA - CHICAGO,http://www.luc.edu/law/,2015,,,2017-09-08
48,LOYOLA - CHICAGO,http://www.luc.edu/law/,2014,,,2017-09-08
48,LOYOLA - CHICAGO,http://www.luc.edu/law/,2013,,,2017-09-08
48,LOYOLA - CHICAGO,http://www.luc.edu/law/,2012,,,2017-09-08
48,LOYOLA - CHICAGO,http://www.luc.edu/law/,2011,,,2017-09-08
48,LOYOLA - CHICAGO,http://www.luc.edu/law/,2010,,,2017-09-08
10,LOYOLA - LOS ANGELES,http://www.lls.edu/,2016,,,2017-09-08
10,LOYOLA - LOS ANGELES,http://www.lls.edu/,2015,,,2017-09-08
10,LOYOLA - LOS ANGELES,http://www.lls.edu/,2014,,,2017-09-08
10,LOYOLA - LOS ANGELES,http://www.lls.edu/,2013,,,2017-09-08
10,LOYOLA - LOS ANGELES,http://www.lls.edu/,2012,,,2017-09-08
10,LOYOLA - LOS ANGELES,http://www.lls.edu/,2011,,,2017-09-08
10,LOYOLA - LOS ANGELES,http://www.lls.edu/,2010,,,2017-09-08
64,LOYOLA - NEW ORLEANS,http://www.loyno.edu/law,2016,,,2017-09-08
64,LOYOLA - NEW ORLEANS,http://www.loyno.edu/law,2015,,,2017-09-08
64,LOYOLA - NEW ORLEANS,http://www.loyno.edu/law,2014,,,2017-09-08
64,LOYOLA - NEW ORLEANS,http://www.loyno.edu/law,2013,,,2017-09-08
64,LOYOLA - NEW ORLEANS,http://www.loyno.edu/law,2012,,,2017-09-08
64,LOYOLA - NEW ORLEANS,http://www.loyno.edu/law,2011,,,2017-09-08
64,LOYOLA - NEW ORLEANS,http://www.loyno.edu/law,2010,,,2017-09-08
66,MAINE,http://mainelaw.maine.edu/,2016,,,2017-09-08
66,MAINE,http://mainelaw.maine.edu/,2015,,,2017-09-08
66,MAINE,http://mainelaw.maine.edu/,2014,,,2017-09-08
66,MAINE,http://mainelaw.maine.edu/,2013,,,2017-09-08
66,MAINE,http://mainelaw.maine.edu/,2012,,,2017-09-08
66,MAINE,http://mainelaw.maine.edu/,2011,,,2017-09-08
66,MAINE,http://mainelaw.maine.edu/,2010,,,2017-09-08
163,MARQUETTE,http://www.mu.edu/dept/law,2016,,,2017-09-08
163,MARQUETTE,http://www.mu.edu/dept/law,2015,,,2017-09-08
163,MARQUETTE,http://www.mu.edu/dept/law,2014,,,2017-09-08
163,MARQUETTE,http://www.mu.edu/dept/law,2013,,,2017-09-08
163,MARQUETTE,http://www.mu.edu/dept/law,2012,,,2017-09-08
163,MARQUETTE,http://www.mu.edu/dept/law,2011,,,2017-09-08
163,MARQUETTE,http://www.mu.edu/dept/law,2010,,,2017-09-08
68,MARYLAND,http://www.law.umaryland.edu/,2016,,,2017-09-08
68,MARYLAND,http://www.law.umaryland.edu/,2015,,,2017-09-08
68,MARYLAND,http://www.law.umaryland.edu/,2014,,,2017-09-08
68,MARYLAND,http://www.law.umaryland.edu/,2013,,,2017-09-08
68,MARYLAND,http://www.law.umaryland.edu/,2012,,,2017-09-08
68,MARYLAND,http://www.law.umaryland.edu/,2011,,,2017-09-08
68,MARYLAND,http://www.law.umaryland.edu/,2010,,,2017-09-08
216,MASSACHUSETTS,http://www.umassd.edu/law/,2016,,,2017-09-08
216,MASSACHUSETTS,http://www.umassd.edu/law/,2015,,,2017-09-08
216,MASSACHUSETTS,http://www.umassd.edu/law/,2014,,,2017-09-08
216,MASSACHUSETTS,http://www.umassd.edu/law/,2013,,,2017-09-08
216,MASSACHUSETTS,http://www.umassd.edu/law/,2012,,,2017-09-08
216,MASSACHUSETTS,http://www.umassd.edu/law/,2011,,,2017-09-08
216,MASSACHUSETTS,http://www.umassd.edu/law/,2010,,,2017-09-08
13,MCGEORGE,http://www.mcgeorge.edu/,2016,,,2017-09-08
13,MCGEORGE,http://www.mcgeorge.edu/,2015,,,2017-09-08
13,MCGEORGE,http://www.mcgeorge.edu/,2014,,,2017-09-08
13,MCGEORGE,http://www.mcgeorge.edu/,2013,,,2017-09-08
13,MCGEORGE,http://www.mcgeorge.edu/,2012,,,2017-09-08
13,MCGEORGE,http://www.mcgeorge.edu/,2011,,,2017-09-08
13,MCGEORGE,http://www.mcgeorge.edu/,2010,,,2017-09-08
140,MEMPHIS,http://www.memphis.edu/law/,2016,,,2017-09-08
140,MEMPHIS,http://www.memphis.edu/law/,2015,,,2017-09-08
140,MEMPHIS,http://www.memphis.edu/law/,2014,,,2017-09-08
140,MEMPHIS,http://www.memphis.edu/law/,2013,,,2017-09-08
140,MEMPHIS,http://www.memphis.edu/law/,2012,,,2017-09-08
140,MEMPHIS,http://www.memphis.edu/law/,2011,,,2017-09-08
140,MEMPHIS,http://www.memphis.edu/law/,2010,,,2017-09-08
40,MERCER,http://www.law.mercer.edu/,2016,,,2017-09-08
40,MERCER,http://www.law.mercer.edu/,2015,,,2017-09-08
40,MERCER,http://www.law.mercer.edu/,2014,,,2017-09-08
40,MERCER,http://www.law.mercer.edu/,2013,,,2017-09-08
40,MERCER,http://www.law.mercer.edu/,2012,,,2017-09-08
40,MERCER,http://www.law.mercer.edu/,2011,,,2017-09-08
40,MERCER,http://www.law.mercer.edu/,2010,,,2017-09-08
33,MIAMI,http://www.law.miami.edu/,2016,,,2017-09-08
33,MIAMI,http://www.law.miami.edu/,2015,,,2017-09-08
33,MIAMI,http://www.law.miami.edu/,2014,,,2017-09-08
33,MIAMI,http://www.law.miami.edu/,2013,,,2017-09-08
33,MIAMI,http://www.law.miami.edu/,2012,,,2017-09-08
33,MIAMI,http://www.law.miami.edu/,2011,,,2017-09-08
33,MIAMI,http://www.law.miami.edu/,2010,,,2017-09-08
76,MICHIGAN,http://www.law.umich.edu/,2016,,,2017-09-08
76,MICHIGAN,http://www.law.umich.edu/,2015,,,2017-09-08
76,MICHIGAN,http://www.law.umich.edu/,2014,,,2017-09-08
76,MICHIGAN,http://www.law.umich.edu/,2013,,,2017-09-08
76,MICHIGAN,http://www.law.umich.edu/,2012,,,2017-09-08
76,MICHIGAN,http://www.law.umich.edu/,2011,,,2017-09-08
76,MICHIGAN,http://www.law.umich.edu/,2010,,,2017-09-08
77,MICHIGAN STATE,http://www.law.msu.edu/,2016,,,2017-09-08
77,MICHIGAN STATE,http://www.law.msu.edu/,2015,,,2017-09-08
77,MICHIGAN STATE,http://www.law.msu.edu/,2014,,,2017-09-08
77,MICHIGAN STATE,http://www.law.msu.edu/,2013,,,2017-09-08
77,MICHIGAN STATE,http://www.law.msu.edu/,2012,,,2017-09-08
77,MICHIGAN STATE,http://www.law.msu.edu/,2011,,,2017-09-08
77,MICHIGAN STATE,http://www.law.msu.edu/,2010,,,2017-09-08
81,MINNESOTA,http://www.law.umn.edu/,2016,,,2017-09-08
81,MINNESOTA,http://www.law.umn.edu/,2015,,,2017-09-08
81,MINNESOTA,http://www.law.umn.edu/,2014,,,2017-09-08
81,MINNESOTA,http://www.law.umn.edu/,2013,,,2017-09-08
81,MINNESOTA,http://www.law.umn.edu/,2012,,,2017-09-08
81,MINNESOTA,http://www.law.umn.edu/,2011,,,2017-09-08
81,MINNESOTA,http://www.law.umn.edu/,2010,,,2017-09-08
84,MISSISSIPPI,http://www.law.olemiss.edu/,2016,,,2017-09-08
84,MISSISSIPPI,http://www.law.olemiss.edu/,2015,,,2017-09-08
84,MISSISSIPPI,http://www.law.olemiss.edu/,2014,,,2017-09-08
84,MISSISSIPPI,http://www.law.olemiss.edu/,2013,,,2017-09-08
84,MISSISSIPPI,http://www.law.olemiss.edu/,2012,,,2017-09-08
84,MISSISSIPPI,http://www.law.olemiss.edu/,2011,,,2017-09-08
84,MISSISSIPPI,http://www.law.olemiss.edu/,2010,,,2017-09-08
172,MISSISSIPPI COLLEGE,http://law.mc.edu/,2016,,,2017-09-08
172,MISSISSIPPI COLLEGE,http://law.mc.edu/,2015,,,2017-09-08
172,MISSISSIPPI COLLEGE,http://law.mc.edu/,2014,,,2017-09-08
172,MISSISSIPPI COLLEGE,http://law.mc.edu/,2013,,,2017-09-08
172,MISSISSIPPI COLLEGE,http://law.mc.edu/,2012,,,2017-09-08
172,MISSISSIPPI COLLEGE,http://law.mc.edu/,2011,,,2017-09-08
172,MISSISSIPPI COLLEGE,http://law.mc.edu/,2010,,,2017-09-08
85,MISSOURI,http://www.law.missouri.edu/,2016,,,2017-09-08
85,MISSOURI,http://www.law.missouri.edu/,2015,,,2017-09-08
85,MISSOURI,http://www.law.missouri.edu/,2014,,,2017-09-08
85,MISSOURI,http://www.law.missouri.edu/,2013,,,2017-09-08
85,MISSOURI,http://www.law.missouri.edu/,2012,,,2017-09-08
85,MISSOURI,http://www.law.missouri.edu/,2011,,,2017-09-08
85,MISSOURI,http://www.law.missouri.edu/,2010,,,2017-09-08
86,MISSOURI - KANSAS CITY,http://www.law.umkc.edu/,2016,,,2017-09-08
86,MISSOURI - KANSAS CITY,http://www.law.umkc.edu/,2015,,,2017-09-08
86,MISSOURI - KANSAS CITY,http://www.law.umkc.edu/,2014,,,2017-09-08
86,MISSOURI - KANSAS CITY,http://www.law.umkc.edu/,2013,,,2017-09-08
86,MISSOURI - KANSAS CITY,http://www.law.umkc.edu/,2012,,,2017-09-08
86,MISSOURI - KANSAS CITY,http://www.law.umkc.edu/,2011,,,2017-09-08
86,MISSOURI - KANSAS CITY,http://www.law.umkc.edu/,2010,,,2017-09-08
226,MITCHELL|HAMLINE,http://mitchellhamline.edu/,2016,,,2017-09-08
226,MITCHELL|HAMLINE,http://mitchellhamline.edu/,2015,,,2017-09-08
226,MITCHELL|HAMLINE,http://mitchellhamline.edu/,2014,,,2017-09-08
226,MITCHELL|HAMLINE,http://mitchellhamline.edu/,2013,,,2017-09-08
226,MITCHELL|HAMLINE,http://mitchellhamline.edu/,2012,,,2017-09-08
226,MITCHELL|HAMLINE,http://mitchellhamline.edu/,2011,,,2017-09-08
226,MITCHELL|HAMLINE,http://mitchellhamline.edu/,2010,,,2017-09-08
89,MONTANA,http://www.umt.edu/law,2016,,,2017-09-08
89,MONTANA,http://www.umt.edu/law,2015,,,2017-09-08
89,MONTANA,http://www.umt.edu/law,2014,,,2017-09-08
89,MONTANA,http://www.umt.edu/law,2013,,,2017-09-08
89,MONTANA,http://www.umt.edu/law,2012,,,2017-09-08
89,MONTANA,http://www.umt.edu/law,2011,,,2017-09-08
89,MONTANA,http://www.umt.edu/law,2010,,,2017-09-08
90,NEBRASKA,http://law.unl.edu/,2016,,,2017-09-08
90,NEBRASKA,http://law.unl.edu/,2015,,,2017-09-08
90,NEBRASKA,http://law.unl.edu/,2014,,,2017-09-08
90,NEBRASKA,http://law.unl.edu/,2013,,,2017-09-08
90,NEBRASKA,http://law.unl.edu/,2012,,,2017-09-08
90,NEBRASKA,http://law.unl.edu/,2011,,,2017-09-08
90,NEBRASKA,http://law.unl.edu/,2010,,,2017-09-08
190,NEVADA,http://law.unlv.edu/,2016,,,2017-09-08
190,NEVADA,http://law.unlv.edu/,2015,,,2017-09-08
190,NEVADA,http://law.unlv.edu/,2014,,,2017-09-08
190,NEVADA,http://law.unlv.edu/,2013,,,2017-09-08
190,NEVADA,http://law.unlv.edu/,2012,,,2017-09-08
190,NEVADA,http://law.unlv.edu/,2011,,,2017-09-08
190,NEVADA,http://law.unlv.edu/,2010,,,2017-09-08
70,NEW ENGLAND LAW | BOSTON,http://www.nesl.edu/,2016,,,2017-09-08
70,NEW ENGLAND LAW | BOSTON,http://www.nesl.edu/,2015,,,2017-09-08
70,NEW ENGLAND LAW | BOSTON,http://www.nesl.edu/,2014,,,2017-09-08
70,NEW ENGLAND LAW | BOSTON,http://www.nesl.edu/,2013,,,2017-09-08
70,NEW ENGLAND LAW | BOSTON,http://www.nesl.edu/,2012,,,2017-09-08
70,NEW ENGLAND LAW | BOSTON,http://www.nesl.edu/,2011,,,2017-09-08
70,NEW ENGLAND LAW | BOSTON,http://www.nesl.edu/,2010,,,2017-09-08
92,NEW HAMPSHIRE,http://law.unh.edu/,2016,,,2017-09-08
92,NEW HAMPSHIRE,http://law.unh.edu/,2015,,,2017-09-08
92,NEW HAMPSHIRE,http://law.unh.edu/,2014,,,2017-09-08
92,NEW HAMPSHIRE,http://law.unh.edu/,2013,,,2017-09-08
92,NEW HAMPSHIRE,http://law.unh.edu/,2012,,,2017-09-08
92,NEW HAMPSHIRE,http://law.unh.edu/,2011,,,2017-09-08
92,NEW HAMPSHIRE,http://law.unh.edu/,2010,,,2017-09-08
96,NEW MEXICO,http://lawschool.unm.edu/,2016,,,2017-09-08
96,NEW MEXICO,http://lawschool.unm.edu/,2015,,,2017-09-08
96,NEW MEXICO,http://lawschool.unm.edu/,2014,,,2017-09-08
96,NEW MEXICO,http://lawschool.unm.edu/,2013,,,2017-09-08
96,NEW MEXICO,http://lawschool.unm.edu/,2012,,,2017-09-08
96,NEW MEXICO,http://lawschool.unm.edu/,2011,,,2017-09-08
96,NEW MEXICO,http://lawschool.unm.edu/,2010,,,2017-09-08
104,NEW YORK LAW SCHOOL,http://www.nyls.edu/,2016,,,2017-09-08
104,NEW YORK LAW SCHOOL,http://www.nyls.edu/,2015,,,2017-09-08
104,NEW YORK LAW SCHOOL,http://www.nyls.edu/,2014,,,2017-09-08
104,NEW YORK LAW SCHOOL,http://www.nyls.edu/,2013,,,2017-09-08
104,NEW YORK LAW SCHOOL,http://www.nyls.edu/,2012,,,2017-09-08
104,NEW YORK LAW SCHOOL,http://www.nyls.edu/,2011,,,2017-09-08
104,NEW YORK LAW SCHOOL,http://www.nyls.edu/,2010,,,2017-09-08
105,NEW YORK UNIVERSITY,http://www.law.nyu.edu/,2016,,,2017-09-08
105,NEW YORK UNIVERSITY,http://www.law.nyu.edu/,2015,,,2017-09-08
105,NEW YORK UNIVERSITY,http://www.law.nyu.edu/,2014,,,2017-09-08
105,NEW YORK UNIVERSITY,http://www.law.nyu.edu/,2013,,,2017-09-08
105,NEW YORK UNIVERSITY,http://www.law.nyu.edu/,2012,,,2017-09-08
105,NEW YORK UNIVERSITY,http://www.law.nyu.edu/,2011,,,2017-09-08
105,NEW YORK UNIVERSITY,http://www.law.nyu.edu/,2010,,,2017-09-08
108,NORTH CAROLINA,http://www.law.unc.edu/,2016,,,2017-09-08
108,NORTH CAROLINA,http://www.law.unc.edu/,2015,,,2017-09-08
108,NORTH CAROLINA,http://www.law.unc.edu/,2014,,,2017-09-08
108,NORTH CAROLINA,http://www.law.unc.edu/,2013,,,2017-09-08
108,NORTH CAROLINA,http://www.law.unc.edu/,2012,,,2017-09-08
108,NORTH CAROLINA,http://www.law.unc.edu/,2011,,,2017-09-08
108,NORTH CAROLINA,http://www.law.unc.edu/,2010,,,2017-09-08
110,NORTH CAROLINA CENTRAL,http://law.nccu.edu,2016,,,2017-09-08
110,NORTH CAROLINA CENTRAL,http://law.nccu.edu,2015,,,2017-09-08
110,NORTH CAROLINA CENTRAL,http://law.nccu.edu,2014,,,2017-09-08
110,NORTH CAROLINA CENTRAL,http://law.nccu.edu,2013,,,2017-09-08
110,NORTH CAROLINA CENTRAL,http://law.nccu.edu,2012,,,2017-09-08
110,NORTH CAROLINA CENTRAL,http://law.nccu.edu,2011,,,2017-09-08
110,NORTH CAROLINA CENTRAL,http://law.nccu.edu,2010,,,2017-09-08
112,NORTH DAKOTA,http://www.law.und.nodak.edu/,2016,,,2017-09-08
112,NORTH DAKOTA,http://www.law.und.nodak.edu/,2015,,,2017-09-08
112,NORTH DAKOTA,http://www.law.und.nodak.edu/,2014,,,2017-09-08
112,NORTH DAKOTA,http://www.law.und.nodak.edu/,2013,,,2017-09-08
112,NORTH DAKOTA,http://www.law.und.nodak.edu/,2012,,,2017-09-08
112,NORTH DAKOTA,http://www.law.und.nodak.edu/,2011,,,2017-09-08
112,NORTH DAKOTA,http://www.law.und.nodak.edu/,2010,,,2017-09-08
71,NORTHEASTERN,http://www.northeastern.edu/law,2016,,,2017-09-08
71,NORTHEASTERN,http://www.northeastern.edu/law,2015,,,2017-09-08
71,NORTHEASTERN,http://www.northeastern.edu/law,2014,,,2017-09-08
71,NORTHEASTERN,http://www.northeastern.edu/law,2013,,,2017-09-08
71,NORTHEASTERN,http://www.northeastern.edu/law,2012,,,2017-09-08
71,NORTHEASTERN,http://www.northeastern.edu/law,2011,,,2017-09-08
71,NORTHEASTERN,http://www.northeastern.edu/law,2010,,,2017-09-08
165,NORTHERN ILLINOIS,http://law.niu.edu/,2016,,,2017-09-08
165,NORTHERN ILLINOIS,http://law.niu.edu/,2015,,,2017-09-08
165,NORTHERN ILLINOIS,http://law.niu.edu/,2014,,,2017-09-08
165,NORTHERN ILLINOIS,http://law.niu.edu/,2013,,,2017-09-08
165,NORTHERN ILLINOIS,http://law.niu.edu/,2012,,,2017-09-08
165,NORTHERN ILLINOIS,http://law.niu.edu/,2011,,,2017-09-08
165,NORTHERN ILLINOIS,http://law.niu.edu/,2010,,,2017-09-08
59,NORTHERN KENTUCKY,http://www.nku.edu/~chase,2016,,,2017-09-08
59,NORTHERN KENTUCKY,http://www.nku.edu/~chase,2015,,,2017-09-08
59,NORTHERN KENTUCKY,http://www.nku.edu/~chase,2014,,,2017-09-08
59,NORTHERN KENTUCKY,http://www.nku.edu/~chase,2013,,,2017-09-08
59,NORTHERN KENTUCKY,http://www.nku.edu/~chase,2012,,,2017-09-08
59,NORTHERN KENTUCKY,http://www.nku.edu/~chase,2011,,,2017-09-08
59,NORTHERN KENTUCKY,http://www.nku.edu/~chase,2010,,,2017-09-08
49,NORTHWESTERN,http://www.law.northwestern.edu/,2016,,,2017-09-08
49,NORTHWESTERN,http://www.law.northwestern.edu/,2015,,,2017-09-08
49,NORTHWESTERN,http://www.law.northwestern.edu/,2014,,,2017-09-08
49,NORTHWESTERN,http://www.law.northwestern.edu/,2013,,,2017-09-08
49,NORTHWESTERN,http://www.law.northwestern.edu/,2012,,,2017-09-08
49,NORTHWESTERN,http://www.law.northwestern.edu/,2011,,,2017-09-08
49,NORTHWESTERN,http://www.law.northwestern.edu/,2010,,,2017-09-08
53,NOTRE DAME,http://www.nd.edu/~ndlaw/,2016,,,2017-09-08
53,NOTRE DAME,http://www.nd.edu/~ndlaw/,2015,,,2017-09-08
53,NOTRE DAME,http://www.nd.edu/~ndlaw/,2014,,,2017-09-08
53,NOTRE DAME,http://www.nd.edu/~ndlaw/,2013,,,2017-09-08
53,NOTRE DAME,http://www.nd.edu/~ndlaw/,2012,,,2017-09-08
53,NOTRE DAME,http://www.nd.edu/~ndlaw/,2011,,,2017-09-08
53,NOTRE DAME,http://www.nd.edu/~ndlaw/,2010,,,2017-09-08
37,NOVA SOUTHEASTERN,http://www.nsulaw.nova.edu/,2016,,,2017-09-08
37,NOVA SOUTHEASTERN,http://www.nsulaw.nova.edu/,2015,,,2017-09-08
37,NOVA SOUTHEASTERN,http://www.nsulaw.nova.edu/,2014,,,2017-09-08
37,NOVA SOUTHEASTERN,http://www.nsulaw.nova.edu/,2013,,,2017-09-08
37,NOVA SOUTHEASTERN,http://www.nsulaw.nova.edu/,2012,,,2017-09-08
37,NOVA SOUTHEASTERN,http://www.nsulaw.nova.edu/,2011,,,2017-09-08
37,NOVA SOUTHEASTERN,http://www.nsulaw.nova.edu/,2010,,,2017-09-08
113,OHIO NORTHERN,http://www.law.onu.edu/,2016,,,2017-09-08
113,OHIO NORTHERN,http://www.law.onu.edu/,2015,,,2017-09-08
113,OHIO NORTHERN,http://www.law.onu.edu/,2014,,,2017-09-08
113,OHIO NORTHERN,http://www.law.onu.edu/,2013,,,2017-09-08
113,OHIO NORTHERN,http://www.law.onu.edu/,2012,,,2017-09-08
113,OHIO NORTHERN,http://www.law.onu.edu/,2011,,,2017-09-08
113,OHIO NORTHERN,http://www.law.onu.edu/,2010,,,2017-09-08
119,OHIO STATE,http://moritzlaw.osu.edu/,2016,,,2017-09-08
119,OHIO STATE,http://moritzlaw.osu.edu/,2015,,,2017-09-08
119,OHIO STATE,http://moritzlaw.osu.edu/,2014,,,2017-09-08
119,OHIO STATE,http://moritzlaw.osu.edu/,2013,,,2017-09-08
119,OHIO STATE,http://moritzlaw.osu.edu/,2012,,,2017-09-08
119,OHIO STATE,http://moritzlaw.osu.edu/,2011,,,2017-09-08
119,OHIO STATE,http://moritzlaw.osu.edu/,2010,,,2017-09-08
122,OKLAHOMA,http://www.law.ou.edu/,2016,,,2017-09-08
122,OKLAHOMA,http://www.law.ou.edu/,2015,,,2017-09-08
122,OKLAHOMA,http://www.law.ou.edu/,2014,,,2017-09-08
122,OKLAHOMA,http://www.law.ou.edu/,2013,,,2017-09-08
122,OKLAHOMA,http://www.law.ou.edu/,2012,,,2017-09-08
122,OKLAHOMA,http://www.law.ou.edu/,2011,,,2017-09-08
122,OKLAHOMA,http://www.law.ou.edu/,2010,,,2017-09-08
123,OKLAHOMA CITY,http://www.okcu.edu/law,2016,,,2017-09-08
123,OKLAHOMA CITY,http://www.okcu.edu/law,2015,,,2017-09-08
123,OKLAHOMA CITY,http://www.okcu.edu/law,2014,,,2017-09-08
123,OKLAHOMA CITY,http://www.okcu.edu/law,2013,,,2017-09-08
123,OKLAHOMA CITY,http://www.okcu.edu/law,2012,,,2017-09-08
123,OKLAHOMA CITY,http://www.okcu.edu/law,2011,,,2017-09-08
123,OKLAHOMA CITY,http://www.okcu.edu/law,2010,,,2017-09-08
125,OREGON,http://www.law.uoregon.edu/,2016,,,2017-09-08
125,OREGON,http://www.law.uoregon.edu/,2015,,,2017-09-08
125,OREGON,http://www.law.uoregon.edu/,2014,,,2017-09-08
125,OREGON,http://www.law.uoregon.edu/,2013,,,2017-09-08
125,OREGON,http://www.law.uoregon.edu/,2012,,,2017-09-08
125,OREGON,http://www.law.uoregon.edu/,2011,,,2017-09-08
125,OREGON,http://www.law.uoregon.edu/,2010,,,2017-09-08
166,PACE,http://www.law.pace.edu/,2016,,,2017-09-08
166,PACE,http://www.law.pace.edu/,2015,,,2017-09-08
166,PACE,http://www.law.pace.edu/,2014,,,2017-09-08
166,PACE,http://www.law.pace.edu/,2013,,,2017-09-08
166,PACE,http://www.law.pace.edu/,2012,,,2017-09-08
166,PACE,http://www.law.pace.edu/,2011,,,2017-09-08
166,PACE,http://www.law.pace.edu/,2010,,,2017-09-08
130,PENNSYLVANIA,http://www.law.upenn.edu/,2016,,,2017-09-08
130,PENNSYLVANIA,http://www.law.upenn.edu/,2015,,,2017-09-08
130,PENNSYLVANIA,http://www.law.upenn.edu/,2014,,,2017-09-08
130,PENNSYLVANIA,http://www.law.upenn.edu/,2013,,,2017-09-08
130,PENNSYLVANIA,http://www.law.upenn.edu/,2012,,,2017-09-08
130,PENNSYLVANIA,http://www.law.upenn.edu/,2011,,,2017-09-08
130,PENNSYLVANIA,http://www.law.upenn.edu/,2010,,,2017-09-08
219,PENNSYLVANIA STATE-DICKINSON LAW,https://dickinsonlaw.psu.edu/,2016,,,2017-09-08
219,PENNSYLVANIA STATE-DICKINSON LAW,https://dickinsonlaw.psu.edu/,2015,,,2017-09-08
219,PENNSYLVANIA STATE-DICKINSON LAW,https://dickinsonlaw.psu.edu/,2014,,,2017-09-08
219,PENNSYLVANIA STATE-DICKINSON LAW,https://dickinsonlaw.psu.edu/,2013,,,2017-09-08
219,PENNSYLVANIA STATE-DICKINSON LAW,https://dickinsonlaw.psu.edu/,2012,,,2017-09-08
219,PENNSYLVANIA STATE-DICKINSON LAW,https://dickinsonlaw.psu.edu/,2011,,,2017-09-08
219,PENNSYLVANIA STATE-DICKINSON LAW,https://dickinsonlaw.psu.edu/,2010,,,2017-09-08
220,PENNSYLVANIA STATE-PENN STATE LAW,http://pennstatelaw.psu.edu/,2016,,,2017-09-08
220,PENNSYLVANIA STATE-PENN STATE LAW,http://pennstatelaw.psu.edu/,2015,,,2017-09-08
220,PENNSYLVANIA STATE-PENN STATE LAW,http://pennstatelaw.psu.edu/,2014,,,2017-09-08
220,PENNSYLVANIA STATE-PENN STATE LAW,http://pennstatelaw.psu.edu/,2013,,,2017-09-08
220,PENNSYLVANIA STATE-PENN STATE LAW,http://pennstatelaw.psu.edu/,2012,,,2017-09-08
220,PENNSYLVANIA STATE-PENN STATE LAW,http://pennstatelaw.psu.edu/,2011,,,2017-09-08
220,PENNSYLVANIA STATE-PENN STATE LAW,http://pennstatelaw.psu.edu/,2010,,,2017-09-08
19,PEPPERDINE,http://law.pepperdine.edu/,2016,,,2017-09-08
19,PEPPERDINE,http://law.pepperdine.edu/,2015,,,2017-09-08
19,PEPPERDINE,http://law.pepperdine.edu/,2014,,,2017-09-08
19,PEPPERDINE,http://law.pepperdine.edu/,2013,,,2017-09-08
19,PEPPERDINE,http://law.pepperdine.edu/,2012,,,2017-09-08
19,PEPPERDINE,http://law.pepperdine.edu/,2011,,,2017-09-08
19,PEPPERDINE,http://law.pepperdine.edu/,2010,,,2017-09-08
132,PITTSBURGH,http://www.law.pitt.edu/,2016,,,2017-09-08
132,PITTSBURGH,http://www.law.pitt.edu/,2015,,,2017-09-08
132,PITTSBURGH,http://www.law.pitt.edu/,2014,,,2017-09-08
132,PITTSBURGH,http://www.law.pitt.edu/,2013,,,2017-09-08
132,PITTSBURGH,http://www.law.pitt.edu/,2012,,,2017-09-08
132,PITTSBURGH,http://www.law.pitt.edu/,2011,,,2017-09-08
132,PITTSBURGH,http://www.law.pitt.edu/,2010,,,2017-09-08
135,PONTIFICAL CATHOLIC OF PUERTO RICO,http://www.pucpr.edu/,2016,,,2017-09-08
135,PONTIFICAL CATHOLIC OF PUERTO RICO,http://www.pucpr.edu/,2015,,,2017-09-08
135,PONTIFICAL CATHOLIC OF PUERTO RICO,http://www.pucpr.edu/,2014,,,2017-09-08
135,PONTIFICAL CATHOLIC OF PUERTO RICO,http://www.pucpr.edu/,2013,,,2017-09-08
135,PONTIFICAL CATHOLIC OF PUERTO RICO,http://www.pucpr.edu/,2012,,,2017-09-08
135,PONTIFICAL CATHOLIC OF PUERTO RICO,http://www.pucpr.edu/,2011,,,2017-09-08
135,PONTIFICAL CATHOLIC OF PUERTO RICO,http://www.pucpr.edu/,2010,,,2017-09-08
136,PUERTO RICO,http://www.law.upr.edu,2016,,,2017-09-08
136,PUERTO RICO,http://www.law.upr.edu,2015,,,2017-09-08
136,PUERTO RICO,http://www.law.upr.edu,2014,,,2017-09-08
136,PUERTO RICO,http://www.law.upr.edu,2013,,,2017-09-08
136,PUERTO RICO,http://www.law.upr.edu,2012,,,2017-09-08
136,PUERTO RICO,http://www.law.upr.edu,2011,,,2017-09-08
136,PUERTO RICO,http://www.law.upr.edu,2010,,,2017-09-08
181,QUINNIPIAC,http://law.quinnipiac.edu,2016,,,2017-09-08
181,QUINNIPIAC,http://law.quinnipiac.edu,2015,,,2017-09-08
181,QUINNIPIAC,http://law.quinnipiac.edu,2014,,,2017-09-08
181,QUINNIPIAC,http://law.quinnipiac.edu,2013,,,2017-09-08
181,QUINNIPIAC,http://law.quinnipiac.edu,2012,,,2017-09-08
181,QUINNIPIAC,http://law.quinnipiac.edu,2011,,,2017-09-08
181,QUINNIPIAC,http://law.quinnipiac.edu,2010,,,2017-09-08
178,REGENT,http://www.regent.edu/acad/schlaw,2016,,,2017-09-08
178,REGENT,http://www.regent.edu/acad/schlaw,2015,,,2017-09-08
178,REGENT,http://www.regent.edu/acad/schlaw,2014,,,2017-09-08
178,REGENT,http://www.regent.edu/acad/schlaw,2013,,,2017-09-08
178,REGENT,http://www.regent.edu/acad/schlaw,2012,,,2017-09-08
178,REGENT,http://www.regent.edu/acad/schlaw,2011,,,2017-09-08
178,REGENT,http://www.regent.edu/acad/schlaw,2010,,,2017-09-08
156,RICHMOND,http://law.richmond.edu/,2016,,,2017-09-08
156,RICHMOND,http://law.richmond.edu/,2015,,,2017-09-08
156,RICHMOND,http://law.richmond.edu/,2014,,,2017-09-08
156,RICHMOND,http://law.richmond.edu/,2013,,,2017-09-08
156,RICHMOND,http://law.richmond.edu/,2012,,,2017-09-08
156,RICHMOND,http://law.richmond.edu/,2011,,,2017-09-08
156,RICHMOND,http://law.richmond.edu/,2010,,,2017-09-08
184,ROGER WILLIAMS,http://law.rwu.edu/,2016,,,2017-09-08
184,ROGER WILLIAMS,http://law.rwu.edu/,2015,,,2017-09-08
184,ROGER WILLIAMS,http://law.rwu.edu/,2014,,,2017-09-08
184,ROGER WILLIAMS,http://law.rwu.edu/,2013,,,2017-09-08
184,ROGER WILLIAMS,http://law.rwu.edu/,2012,,,2017-09-08
184,ROGER WILLIAMS,http://law.rwu.edu/,2011,,,2017-09-08
184,ROGER WILLIAMS,http://law.rwu.edu/,2010,,,2017-09-08
224,RUTGERS,http://law.rutgers.edu/,2016,,,2017-09-08
224,RUTGERS,http://law.rutgers.edu/,2015,,,2017-09-08
224,RUTGERS,http://law.rutgers.edu/,2014,,,2017-09-08
224,RUTGERS,http://law.rutgers.edu/,2013,,,2017-09-08
224,RUTGERS,http://law.rutgers.edu/,2012,,,2017-09-08
224,RUTGERS,http://law.rutgers.edu/,2011,,,2017-09-08
224,RUTGERS,http://law.rutgers.edu/,2010,,,2017-09-08
87,SAINT LOUIS,http://law.slu.edu/,2016,,,2017-09-08
87,SAINT LOUIS,http://law.slu.edu/,2015,,,2017-09-08
87,SAINT LOUIS,http://law.slu.edu/,2014,,,2017-09-08
87,SAINT LOUIS,http://law.slu.edu/,2013,,,2017-09-08
87,SAINT LOUIS,http://law.slu.edu/,2012,,,2017-09-08
87,SAINT LOUIS,http://law.slu.edu/,2011,,,2017-09-08
87,SAINT LOUIS,http://law.slu.edu/,2010,,,2017-09-08
1,SAMFORD,http://cumberland.samford.edu/,2016,,,2017-09-08
1,SAMFORD,http://cumberland.samford.edu/,2015,,,2017-09-08
1,SAMFORD,http://cumberland.samford.edu/,2014,,,2017-09-08
1,SAMFORD,http://cumberland.samford.edu/,2013,,,2017-09-08
1,SAMFORD,http://cumberland.samford.edu/,2012,,,2017-09-08
1,SAMFORD,http://cumberland.samford.edu/,2011,,,2017-09-08
1,SAMFORD,http://cumberland.samford.edu/,2010,,,2017-09-08
15,SAN DIEGO,http://www.sandiego.edu/law/,2016,,,2017-09-08
15,SAN DIEGO,http://www.sandiego.edu/law/,2015,,,2017-09-08
15,SAN DIEGO,http://www.sandiego.edu/law/,2014,,,2017-09-08
15,SAN DIEGO,http://www.sandiego.edu/law/,2013,,,2017-09-08
15,SAN DIEGO,http://www.sandiego.edu/law/,2012,,,2017-09-08
15,SAN DIEGO,http://www.sandiego.edu/law/,2011,,,2017-09-08
15,SAN DIEGO,http://www.sandiego.edu/law/,2010,,,2017-09-08
18,SAN FRANCISCO,http://www.usfca.edu/law,2016,,,2017-09-08
18,SAN FRANCISCO,http://www.usfca.edu/law,2015,,,2017-09-08
18,SAN FRANCISCO,http://www.usfca.edu/law,2014,,,2017-09-08
18,SAN FRANCISCO,http://www.usfca.edu/law,2013,,,2017-09-08
18,SAN FRANCISCO,http://www.usfca.edu/law,2012,,,2017-09-08
18,SAN FRANCISCO,http://www.usfca.edu/law,2011,,,2017-09-08
18,SAN FRANCISCO,http://www.usfca.edu/law,2010,,,2017-09-08
20,SANTA CLARA,http://www.scu.edu/law,2016,,,2017-09-08
20,SANTA CLARA,http://www.scu.edu/law,2015,,,2017-09-08
20,SANTA CLARA,http://www.scu.edu/law,2014,,,2017-09-08
20,SANTA CLARA,http://www.scu.edu/law,2013,,,2017-09-08
20,SANTA CLARA,http://www.scu.edu/law,2012,,,2017-09-08
20,SANTA CLARA,http://www.scu.edu/law,2011,,,2017-09-08
20,SANTA CLARA,http://www.scu.edu/law,2010,,,2017-09-08
183,SEATTLE,http://www.law.seattleu.edu/,2016,,,2017-09-08
183,SEATTLE,http://www.law.seattleu.edu/,2015,,,2017-09-08
183,SEATTLE,http://www.law.seattleu.edu/,2014,,,2017-09-08
183,SEATTLE,http://www.law.seattleu.edu/,2013,,,2017-09-08
183,SEATTLE,http://www.law.seattleu.edu/,2012,,,2017-09-08
183,SEATTLE,http://www.law.seattleu.edu/,2011,,,2017-09-08
183,SEATTLE,http://www.law.seattleu.edu/,2010,,,2017-09-08
95,SETON HALL,http://law.shu.edu/,2016,,,2017-09-08
95,SETON HALL,http://law.shu.edu/,2015,,,2017-09-08
95,SETON HALL,http://law.shu.edu/,2014,,,2017-09-08
95,SETON HALL,http://law.shu.edu/,2013,,,2017-09-08
95,SETON HALL,http://law.shu.edu/,2012,,,2017-09-08
95,SETON HALL,http://law.shu.edu/,2011,,,2017-09-08
95,SETON HALL,http://law.shu.edu/,2010,,,2017-09-08
137,SOUTH CAROLINA,http://www.law.sc.edu/,2016,,,2017-09-08
137,SOUTH CAROLINA,http://www.law.sc.edu/,2015,,,2017-09-08
137,SOUTH CAROLINA,http://www.law.sc.edu/,2014,,,2017-09-08
137,SOUTH CAROLINA,http://www.law.sc.edu/,2013,,,2017-09-08
137,SOUTH CAROLINA,http://www.law.sc.edu/,2012,,,2017-09-08
137,SOUTH CAROLINA,http://www.law.sc.edu/,2011,,,2017-09-08
137,SOUTH CAROLINA,http://www.law.sc.edu/,2010,,,2017-09-08
138,SOUTH DAKOTA,http://www.usd.edu/law,2016,,,2017-09-08
138,SOUTH DAKOTA,http://www.usd.edu/law,2015,,,2017-09-08
138,SOUTH DAKOTA,http://www.usd.edu/law,2014,,,2017-09-08
138,SOUTH DAKOTA,http://www.usd.edu/law,2013,,,2017-09-08
138,SOUTH DAKOTA,http://www.usd.edu/law,2012,,,2017-09-08
138,SOUTH DAKOTA,http://www.usd.edu/law,2011,,,2017-09-08
138,SOUTH DAKOTA,http://www.usd.edu/law,2010,,,2017-09-08
145,SOUTH TEXAS-HOUSTON,http://www.stcl.edu/,2016,,,2017-09-08
145,SOUTH TEXAS-HOUSTON,http://www.stcl.edu/,2015,,,2017-09-08
145,SOUTH TEXAS-HOUSTON,http://www.stcl.edu/,2014,,,2017-09-08
145,SOUTH TEXAS-HOUSTON,http://www.stcl.edu/,2013,,,2017-09-08
145,SOUTH TEXAS-HOUSTON,http://www.stcl.edu/,2012,,,2017-09-08
145,SOUTH TEXAS-HOUSTON,http://www.stcl.edu/,2011,,,2017-09-08
145,SOUTH TEXAS-HOUSTON,http://www.stcl.edu/,2010,,,2017-09-08
12,SOUTHERN CALIFORNIA,http://www.usc.edu/dept/law-lib/index.html,2016,,,2017-09-08
12,SOUTHERN CALIFORNIA,http://www.usc.edu/dept/law-lib/index.html,2015,,,2017-09-08
12,SOUTHERN CALIFORNIA,http://www.usc.edu/dept/law-lib/index.html,2014,,,2017-09-08
12,SOUTHERN CALIFORNIA,http://www.usc.edu/dept/law-lib/index.html,2013,,,2017-09-08
12,SOUTHERN CALIFORNIA,http://www.usc.edu/dept/law-lib/index.html,2012,,,2017-09-08
12,SOUTHERN CALIFORNIA,http://www.usc.edu/dept/law-lib/index.html,2011,,,2017-09-08
12,SOUTHERN CALIFORNIA,http://www.usc.edu/dept/law-lib/index.html,2010,,,2017-09-08
43,SOUTHERN ILLINOIS,http://www.law.siu.edu/,2016,,,2017-09-08
43,SOUTHERN ILLINOIS,http://www.law.siu.edu/,2015,,,2017-09-08
43,SOUTHERN ILLINOIS,http://www.law.siu.edu/,2014,,,2017-09-08
43,SOUTHERN ILLINOIS,http://www.law.siu.edu/,2013,,,2017-09-08
43,SOUTHERN ILLINOIS,http://www.law.siu.edu/,2012,,,2017-09-08
43,SOUTHERN ILLINOIS,http://www.law.siu.edu/,2011,,,2017-09-08
43,SOUTHERN ILLINOIS,http://www.law.siu.edu/,2010,,,2017-09-08
143,SOUTHERN METHODIST,http://www.law.smu.edu/,2016,,,2017-09-08
143,SOUTHERN METHODIST,http://www.law.smu.edu/,2015,,,2017-09-08
143,SOUTHERN METHODIST,http://www.law.smu.edu/,2014,,,2017-09-08
143,SOUTHERN METHODIST,http://www.law.smu.edu/,2013,,,2017-09-08
143,SOUTHERN METHODIST,http://www.law.smu.edu/,2012,,,2017-09-08
143,SOUTHERN METHODIST,http://www.law.smu.edu/,2011,,,2017-09-08
143,SOUTHERN METHODIST,http://www.law.smu.edu/,2010,,,2017-09-08
63,SOUTHERN UNIVERSITY,http://www.sulc.edu/,2016,,,2017-09-08
63,SOUTHERN UNIVERSITY,http://www.sulc.edu/,2015,,,2017-09-08
63,SOUTHERN UNIVERSITY,http://www.sulc.edu/,2014,,,2017-09-08
63,SOUTHERN UNIVERSITY,http://www.sulc.edu/,2013,,,2017-09-08
63,SOUTHERN UNIVERSITY,http://www.sulc.edu/,2012,,,2017-09-08
63,SOUTHERN UNIVERSITY,http://www.sulc.edu/,2011,,,2017-09-08
63,SOUTHERN UNIVERSITY,http://www.sulc.edu/,2010,,,2017-09-08
11,SOUTHWESTERN,http://www.swlaw.edu/,2016,,,2017-09-08
11,SOUTHWESTERN,http://www.swlaw.edu/,2015,,,2017-09-08
11,SOUTHWESTERN,http://www.swlaw.edu/,2014,,,2017-09-08
11,SOUTHWESTERN,http://www.swlaw.edu/,2013,,,2017-09-08
11,SOUTHWESTERN,http://www.swlaw.edu/,2012,,,2017-09-08
11,SOUTHWESTERN,http://www.swlaw.edu/,2011,,,2017-09-08
11,SOUTHWESTERN,http://www.swlaw.edu/,2010,,,2017-09-08
106,ST. JOHN'S,http://www.stjohns.edu/law,2016,,,2017-09-08
106,ST. JOHN'S,http://www.stjohns.edu/law,2015,,,2017-09-08
106,ST. JOHN'S,http://www.stjohns.edu/law,2014,,,2017-09-08
106,ST. JOHN'S,http://www.stjohns.edu/law,2013,,,2017-09-08
106,ST. JOHN'S,http://www.stjohns.edu/law,2012,,,2017-09-08
106,ST. JOHN'S,http://www.stjohns.edu/law,2011,,,2017-09-08
106,ST. JOHN'S,http://www.stjohns.edu/law,2010,,,2017-09-08
148,ST. MARY'S,http://www.stmarytx.edu/law,2016,,,2017-09-08
148,ST. MARY'S,http://www.stmarytx.edu/law,2015,,,2017-09-08
148,ST. MARY'S,http://www.stmarytx.edu/law,2014,,,2017-09-08
148,ST. MARY'S,http://www.stmarytx.edu/law,2013,,,2017-09-08
148,ST. MARY'S,http://www.stmarytx.edu/law,2012,,,2017-09-08
148,ST. MARY'S,http://www.stmarytx.edu/law,2011,,,2017-09-08
148,ST. MARY'S,http://www.stmarytx.edu/law,2010,,,2017-09-08
177,ST. THOMAS (FLORIDA),http://www.stu.edu/,2016,,,2017-09-08
177,ST. THOMAS (FLORIDA),http://www.stu.edu/,2015,,,2017-09-08
177,ST. THOMAS (FLORIDA),http://www.stu.edu/,2014,,,2017-09-08
177,ST. THOMAS (FLORIDA),http://www.stu.edu/,2013,,,2017-09-08
177,ST. THOMAS (FLORIDA),http://www.stu.edu/,2012,,,2017-09-08
177,ST. THOMAS (FLORIDA),http://www.stu.edu/,2011,,,2017-09-08
177,ST. THOMAS (FLORIDA),http://www.stu.edu/,2010,,,2017-09-08
194,ST. THOMAS (MINNESOTA),http://www.stthomas.edu/law/,2016,,,2017-09-08
194,ST. THOMAS (MINNESOTA),http://www.stthomas.edu/law/,2015,,,2017-09-08
194,ST. THOMAS (MINNESOTA),http://www.stthomas.edu/law/,2014,,,2017-09-08
194,ST. THOMAS (MINNESOTA),http://www.stthomas.edu/law/,2013,,,2017-09-08
194,ST. THOMAS (MINNESOTA),http://www.stthomas.edu/law/,2012,,,2017-09-08
194,ST. THOMAS (MINNESOTA),http://www.stthomas.edu/law/,2011,,,2017-09-08
194,ST. THOMAS (MINNESOTA),http://www.stthomas.edu/law/,2010,,,2017-09-08
21,STANFORD,http://www.law.stanford.edu/,2016,,,2017-09-08
21,STANFORD,http://www.law.stanford.edu/,2015,,,2017-09-08
21,STANFORD,http://www.law.stanford.edu/,2014,,,2017-09-08
21,STANFORD,http://www.law.stanford.edu/,2013,,,2017-09-08
21,STANFORD,http://www.law.stanford.edu/,2012,,,2017-09-08
21,STANFORD,http://www.law.stanford.edu/,2011,,,2017-09-08
21,STANFORD,http://www.law.stanford.edu/,2010,,,2017-09-08
98,STATE UNIVERSITY OF NEW YORK-BUFFALO,http://www.buffalo.edu/law/,2016,,,2017-09-08
98,STATE UNIVERSITY OF NEW YORK-BUFFALO,http://www.buffalo.edu/law/,2015,,,2017-09-08
98,STATE UNIVERSITY OF NEW YORK-BUFFALO,http://www.buffalo.edu/law/,2014,,,2017-09-08
98,STATE UNIVERSITY OF NEW YORK-BUFFALO,http://www.buffalo.edu/law/,2013,,,2017-09-08
98,STATE UNIVERSITY OF NEW YORK-BUFFALO,http://www.buffalo.edu/law/,2012,,,2017-09-08
98,STATE UNIVERSITY OF NEW YORK-BUFFALO,http://www.buffalo.edu/law/,2011,,,2017-09-08
98,STATE UNIVERSITY OF NEW YORK-BUFFALO,http://www.buffalo.edu/law/,2010,,,2017-09-08
35,STETSON,http://www.law.stetson.edu/,2016,,,2017-09-08
35,STETSON,http://www.law.stetson.edu/,2015,,,2017-09-08
35,STETSON,http://www.law.stetson.edu/,2014,,,2017-09-08
35,STETSON,http://www.law.stetson.edu/,2013,,,2017-09-08
35,STETSON,http://www.law.stetson.edu/,2012,,,2017-09-08
35,STETSON,http://www.law.stetson.edu/,2011,,,2017-09-08
35,STETSON,http://www.law.stetson.edu/,2010,,,2017-09-08
72,SUFFOLK,http://www.law.suffolk.edu/,2016,,,2017-09-08
72,SUFFOLK,http://www.law.suffolk.edu/,2015,,,2017-09-08
72,SUFFOLK,http://www.law.suffolk.edu/,2014,,,2017-09-08
72,SUFFOLK,http://www.law.suffolk.edu/,2013,,,2017-09-08
72,SUFFOLK,http://www.law.suffolk.edu/,2012,,,2017-09-08
72,SUFFOLK,http://www.law.suffolk.edu/,2011,,,2017-09-08
72,SUFFOLK,http://www.law.suffolk.edu/,2010,,,2017-09-08
107,SYRACUSE,http://www.law.syr.edu/,2016,,,2017-09-08
107,SYRACUSE,http://www.law.syr.edu/,2015,,,2017-09-08
107,SYRACUSE,http://www.law.syr.edu/,2014,,,2017-09-08
107,SYRACUSE,http://www.law.syr.edu/,2013,,,2017-09-08
107,SYRACUSE,http://www.law.syr.edu/,2012,,,2017-09-08
107,SYRACUSE,http://www.law.syr.edu/,2011,,,2017-09-08
107,SYRACUSE,http://www.law.syr.edu/,2010,,,2017-09-08
129,TEMPLE,http://www.law.temple.edu/,2016,,,2017-09-08
129,TEMPLE,http://www.law.temple.edu/,2015,,,2017-09-08
129,TEMPLE,http://www.law.temple.edu/,2014,,,2017-09-08
129,TEMPLE,http://www.law.temple.edu/,2013,,,2017-09-08
129,TEMPLE,http://www.law.temple.edu/,2012,,,2017-09-08
129,TEMPLE,http://www.law.temple.edu/,2011,,,2017-09-08
129,TEMPLE,http://www.law.temple.edu/,2010,,,2017-09-08
139,TENNESSEE,http://www.law.utk.edu/,2016,,,2017-09-08
139,TENNESSEE,http://www.law.utk.edu/,2015,,,2017-09-08
139,TENNESSEE,http://www.law.utk.edu/,2014,,,2017-09-08
139,TENNESSEE,http://www.law.utk.edu/,2013,,,2017-09-08
139,TENNESSEE,http://www.law.utk.edu/,2012,,,2017-09-08
139,TENNESSEE,http://www.law.utk.edu/,2011,,,2017-09-08
139,TENNESSEE,http://www.law.utk.edu/,2010,,,2017-09-08
142,TEXAS,http://www.utexas.edu/law/,2016,,,2017-09-08
142,TEXAS,http://www.utexas.edu/law/,2015,,,2017-09-08
142,TEXAS,http://www.utexas.edu/law/,2014,,,2017-09-08
142,TEXAS,http://www.utexas.edu/law/,2013,,,2017-09-08
142,TEXAS,http://www.utexas.edu/law/,2012,,,2017-09-08
142,TEXAS,http://www.utexas.edu/law/,2011,,,2017-09-08
142,TEXAS,http://www.utexas.edu/law/,2010,,,2017-09-08
182,TEXAS A&M,http://law.tamu.edu/,2016,,,2017-09-08
182,TEXAS A&M,http://law.tamu.edu/,2015,,,2017-09-08
182,TEXAS A&M,http://law.tamu.edu/,2014,,,2017-09-08
182,TEXAS A&M,http://law.tamu.edu/,2013,,,2017-09-08
182,TEXAS A&M,http://law.tamu.edu/,2012,,,2017-09-08
182,TEXAS A&M,http://law.tamu.edu/,2011,,,2017-09-08
182,TEXAS A&M,http://law.tamu.edu/,2010,,,2017-09-08
146,TEXAS SOUTHERN,http://www.tsulaw.edu/,2016,,,2017-09-08
146,TEXAS SOUTHERN,http://www.tsulaw.edu/,2015,,,2017-09-08
146,TEXAS SOUTHERN,http://www.tsulaw.edu/,2014,,,2017-09-08
146,TEXAS SOUTHERN,http://www.tsulaw.edu/,2013,,,2017-09-08
146,TEXAS SOUTHERN,http://www.tsulaw.edu/,2012,,,2017-09-08
146,TEXAS SOUTHERN,http://www.tsulaw.edu/,2011,,,2017-09-08
146,TEXAS SOUTHERN,http://www.tsulaw.edu/,2010,,,2017-09-08
147,TEXAS TECH,http://www.law.ttu.edu/,2016,,,2017-09-08
147,TEXAS TECH,http://www.law.ttu.edu/,2015,,,2017-09-08
147,TEXAS TECH,http://www.law.ttu.edu/,2014,,,2017-09-08
147,TEXAS TECH,http://www.law.ttu.edu/,2013,,,2017-09-08
147,TEXAS TECH,http://www.law.ttu.edu/,2012,,,2017-09-08
147,TEXAS TECH,http://www.law.ttu.edu/,2011,,,2017-09-08
147,TEXAS TECH,http://www.law.ttu.edu/,2010,,,2017-09-08
47,THE JOHN MARSHALL LAW SCHOOL,http://www.jmls.edu/,2016,,,2017-09-08
47,THE JOHN MARSHALL LAW SCHOOL,http://www.jmls.edu/,2015,,,2017-09-08
47,THE JOHN MARSHALL LAW SCHOOL,http://www.jmls.edu/,2014,,,2017-09-08
47,THE JOHN MARSHALL LAW SCHOOL,http://www.jmls.edu/,2013,,,2017-09-08
47,THE JOHN MARSHALL LAW SCHOOL,http://www.jmls.edu/,2012,,,2017-09-08
47,THE JOHN MARSHALL LAW SCHOOL,http://www.jmls.edu/,2011,,,2017-09-08
47,THE JOHN MARSHALL LAW SCHOOL,http://www.jmls.edu/,2010,,,2017-09-08
185,THOMAS JEFFERSON,http://www.tjsl.edu/,2016,,,2017-09-08
185,THOMAS JEFFERSON,http://www.tjsl.edu/,2015,,,2017-09-08
185,THOMAS JEFFERSON,http://www.tjsl.edu/,2014,,,2017-09-08
185,THOMAS JEFFERSON,http://www.tjsl.edu/,2013,,,2017-09-08
185,THOMAS JEFFERSON,http://www.tjsl.edu/,2012,,,2017-09-08
185,THOMAS JEFFERSON,http://www.tjsl.edu/,2011,,,2017-09-08
185,THOMAS JEFFERSON,http://www.tjsl.edu/,2010,,,2017-09-08
80,THOMAS M. COOLEY,http://www.cooley.edu/,2016,,,2017-09-08
80,THOMAS M. COOLEY,http://www.cooley.edu/,2015,,,2017-09-08
80,THOMAS M. COOLEY,http://www.cooley.edu/,2014,,,2017-09-08
80,THOMAS M. COOLEY,http://www.cooley.edu/,2013,,,2017-09-08
80,THOMAS M. COOLEY,http://www.cooley.edu/,2012,,,2017-09-08
80,THOMAS M. COOLEY,http://www.cooley.edu/,2011,,,2017-09-08
80,THOMAS M. COOLEY,http://www.cooley.edu/,2010,,,2017-09-08
120,TOLEDO,http://law.utoledo.edu/,2016,,,2017-09-08
120,TOLEDO,http://law.utoledo.edu/,2015,,,2017-09-08
120,TOLEDO,http://law.utoledo.edu/,2014,,,2017-09-08
120,TOLEDO,http://law.utoledo.edu/,2013,,,2017-09-08
120,TOLEDO,http://law.utoledo.edu/,2012,,,2017-09-08
120,TOLEDO,http://law.utoledo.edu/,2011,,,2017-09-08
120,TOLEDO,http://law.utoledo.edu/,2010,,,2017-09-08
174,TOURO,http://www.tourolaw.edu/,2016,,,2017-09-08
174,TOURO,http://www.tourolaw.edu/,2015,,,2017-09-08
174,TOURO,http://www.tourolaw.edu/,2014,,,2017-09-08
174,TOURO,http://www.tourolaw.edu/,2013,,,2017-09-08
174,TOURO,http://www.tourolaw.edu/,2012,,,2017-09-08
174,TOURO,http://www.tourolaw.edu/,2011,,,2017-09-08
174,TOURO,http://www.tourolaw.edu/,2010,,,2017-09-08
65,TULANE,http://www.law.tulane.edu/,2016,,,2017-09-08
65,TULANE,http://www.law.tulane.edu/,2015,,,2017-09-08
65,TULANE,http://www.law.tulane.edu/,2014,,,2017-09-08
65,TULANE,http://www.law.tulane.edu/,2013,,,2017-09-08
65,TULANE,http://www.law.tulane.edu/,2012,,,2017-09-08
65,TULANE,http://www.law.tulane.edu/,2011,,,2017-09-08
65,TULANE,http://www.law.tulane.edu/,2010,,,2017-09-08
124,TULSA,http://www.utulsa.edu/law/,2016,,,2017-09-08
124,TULSA,http://www.utulsa.edu/law/,2015,,,2017-09-08
124,TULSA,http://www.utulsa.edu/law/,2014,,,2017-09-08
124,TULSA,http://www.utulsa.edu/law/,2013,,,2017-09-08
124,TULSA,http://www.utulsa.edu/law/,2012,,,2017-09-08
124,TULSA,http://www.utulsa.edu/law/,2011,,,2017-09-08
124,TULSA,http://www.utulsa.edu/law/,2010,,,2017-09-08
151,UTAH,http://www.law.utah.edu/,2016,,,2017-09-08
151,UTAH,http://www.law.utah.edu/,2015,,,2017-09-08
151,UTAH,http://www.law.utah.edu/,2014,,,2017-09-08
151,UTAH,http://www.law.utah.edu/,2013,,,2017-09-08
151,UTAH,http://www.law.utah.edu/,2012,,,2017-09-08
151,UTAH,http://www.law.utah.edu/,2011,,,2017-09-08
151,UTAH,http://www.law.utah.edu/,2010,,,2017-09-08
54,VALPARAISO,http://www.valpo.edu/law,2016,,,2017-09-08
54,VALPARAISO,http://www.valpo.edu/law,2015,,,2017-09-08
54,VALPARAISO,http://www.valpo.edu/law,2014,,,2017-09-08
54,VALPARAISO,http://www.valpo.edu/law,2013,,,2017-09-08
54,VALPARAISO,http://www.valpo.edu/law,2012,,,2017-09-08
54,VALPARAISO,http://www.valpo.edu/law,2011,,,2017-09-08
54,VALPARAISO,http://www.valpo.edu/law,2010,,,2017-09-08
141,VANDERBILT,http://www.vanderbilt.edu/Law/,2016,,,2017-09-08
141,VANDERBILT,http://www.vanderbilt.edu/Law/,2015,,,2017-09-08
141,VANDERBILT,http://www.vanderbilt.edu/Law/,2014,,,2017-09-08
141,VANDERBILT,http://www.vanderbilt.edu/Law/,2013,,,2017-09-08
141,VANDERBILT,http://www.vanderbilt.edu/Law/,2012,,,2017-09-08
141,VANDERBILT,http://www.vanderbilt.edu/Law/,2011,,,2017-09-08
141,VANDERBILT,http://www.vanderbilt.edu/Law/,2010,,,2017-09-08
152,VERMONT,http://www.vermontlaw.edu/,2016,,,2017-09-08
152,VERMONT,http://www.vermontlaw.edu/,2015,,,2017-09-08
152,VERMONT,http://www.vermontlaw.edu/,2014,,,2017-09-08
152,VERMONT,http://www.vermontlaw.edu/,2013,,,2017-09-08
152,VERMONT,http://www.vermontlaw.edu/,2012,,,2017-09-08
152,VERMONT,http://www.vermontlaw.edu/,2011,,,2017-09-08
152,VERMONT,http://www.vermontlaw.edu/,2010,,,2017-09-08
133,VILLANOVA,http://www.law.villanova.edu/,2016,,,2017-09-08
133,VILLANOVA,http://www.law.villanova.edu/,2015,,,2017-09-08
133,VILLANOVA,http://www.law.villanova.edu/,2014,,,2017-09-08
133,VILLANOVA,http://www.law.villanova.edu/,2013,,,2017-09-08
133,VILLANOVA,http://www.law.villanova.edu/,2012,,,2017-09-08
133,VILLANOVA,http://www.law.villanova.edu/,2011,,,2017-09-08
133,VILLANOVA,http://www.law.villanova.edu/,2010,,,2017-09-08
153,VIRGINIA,http://www.law.virginia.edu/,2016,,,2017-09-08
153,VIRGINIA,http://www.law.virginia.edu/,2015,,,2017-09-08
153,VIRGINIA,http://www.law.virginia.edu/,2014,,,2017-09-08
153,VIRGINIA,http://www.law.virginia.edu/,2013,,,2017-09-08
153,VIRGINIA,http://www.law.virginia.edu/,2012,,,2017-09-08
153,VIRGINIA,http://www.law.virginia.edu/,2011,,,2017-09-08
153,VIRGINIA,http://www.law.virginia.edu/,2010,,,2017-09-08
111,WAKE FOREST,http://www.law.wfu.edu/,2016,,,2017-09-08
111,WAKE FOREST,http://www.law.wfu.edu/,2015,,,2017-09-08
111,WAKE FOREST,http://www.law.wfu.edu/,2014,,,2017-09-08
111,WAKE FOREST,http://www.law.wfu.edu/,2013,,,2017-09-08
111,WAKE FOREST,http://www.law.wfu.edu/,2012,,,2017-09-08
111,WAKE FOREST,http://www.law.wfu.edu/,2011,,,2017-09-08
111,WAKE FOREST,http://www.law.wfu.edu/,2010,,,2017-09-08
58,WASHBURN,http://washburnlaw.edu/,2016,,,2017-09-08
58,WASHBURN,http://washburnlaw.edu/,2015,,,2017-09-08
58,WASHBURN,http://washburnlaw.edu/,2014,,,2017-09-08
58,WASHBURN,http://washburnlaw.edu/,2013,,,2017-09-08
58,WASHBURN,http://washburnlaw.edu/,2012,,,2017-09-08
58,WASHBURN,http://washburnlaw.edu/,2011,,,2017-09-08
58,WASHBURN,http://washburnlaw.edu/,2010,,,2017-09-08
158,WASHINGTON,http://www.law.washington.edu/,2016,,,2017-09-08
158,WASHINGTON,http://www.law.washington.edu/,2015,,,2017-09-08
158,WASHINGTON,http://www.law.washington.edu/,2014,,,2017-09-08
158,WASHINGTON,http://www.law.washington.edu/,2013,,,2017-09-08
158,WASHINGTON,http://www.law.washington.edu/,2012,,,2017-09-08
158,WASHINGTON,http://www.law.washington.edu/,2011,,,2017-09-08
158,WASHINGTON,http://www.law.washington.edu/,2010,,,2017-09-08
155,WASHINGTON AND LEE,http://www.law.wlu.edu/,2016,,,2017-09-08
155,WASHINGTON AND LEE,http://www.law.wlu.edu/,2015,,,2017-09-08
155,WASHINGTON AND LEE,http://www.law.wlu.edu/,2014,,,2017-09-08
155,WASHINGTON AND LEE,http://www.law.wlu.edu/,2013,,,2017-09-08
155,WASHINGTON AND LEE,http://www.law.wlu.edu/,2012,,,2017-09-08
155,WASHINGTON AND LEE,http://www.law.wlu.edu/,2011,,,2017-09-08
155,WASHINGTON AND LEE,http://www.law.wlu.edu/,2010,,,2017-09-08
88,WASHINGTON UNIVERSITY,http://law.wustl.edu/,2016,,,2017-09-08
88,WASHINGTON UNIVERSITY,http://law.wustl.edu/,2015,,,2017-09-08
88,WASHINGTON UNIVERSITY,http://law.wustl.edu/,2014,,,2017-09-08
88,WASHINGTON UNIVERSITY,http://law.wustl.edu/,2013,,,2017-09-08
88,WASHINGTON UNIVERSITY,http://law.wustl.edu/,2012,,,2017-09-08
88,WASHINGTON UNIVERSITY,http://law.wustl.edu/,2011,,,2017-09-08
88,WASHINGTON UNIVERSITY,http://law.wustl.edu/,2010,,,2017-09-08
79,WAYNE STATE,http://www.law.wayne.edu/,2016,,,2017-09-08
79,WAYNE STATE,http://www.law.wayne.edu/,2015,,,2017-09-08
79,WAYNE STATE,http://www.law.wayne.edu/,2014,,,2017-09-08
79,WAYNE STATE,http://www.law.wayne.edu/,2013,,,2017-09-08
79,WAYNE STATE,http://www.law.wayne.edu/,2012,,,2017-09-08
79,WAYNE STATE,http://www.law.wayne.edu/,2011,,,2017-09-08
79,WAYNE STATE,http://www.law.wayne.edu/,2010,,,2017-09-08
161,WEST VIRGINIA,http://www.wvu.edu/~law/,2016,,,2017-09-08
161,WEST VIRGINIA,http://www.wvu.edu/~law/,2015,,,2017-09-08
161,WEST VIRGINIA,http://www.wvu.edu/~law/,2014,,,2017-09-08
161,WEST VIRGINIA,http://www.wvu.edu/~law/,2013,,,2017-09-08
161,WEST VIRGINIA,http://www.wvu.edu/~law/,2012,,,2017-09-08
161,WEST VIRGINIA,http://www.wvu.edu/~law/,2011,,,2017-09-08
161,WEST VIRGINIA,http://www.wvu.edu/~law/,2010,,,2017-09-08
75,WESTERN NEW ENGLAND,http://www1.law.wne.edu,2016,,,2017-09-08
75,WESTERN NEW ENGLAND,http://www1.law.wne.edu,2015,,,2017-09-08
75,WESTERN NEW ENGLAND,http://www1.law.wne.edu,2014,,,2017-09-08
75,WESTERN NEW ENGLAND,http://www1.law.wne.edu,2013,,,2017-09-08
75,WESTERN NEW ENGLAND,http://www1.law.wne.edu,2012,,,2017-09-08
75,WESTERN NEW ENGLAND,http://www1.law.wne.edu,2011,,,2017-09-08
75,WESTERN NEW ENGLAND,http://www1.law.wne.edu,2010,,,2017-09-08
188,WESTERN STATE,http://www.wsulaw.edu/,2016,,,2017-09-08
188,WESTERN STATE,http://www.wsulaw.edu/,2015,,,2017-09-08
188,WESTERN STATE,http://www.wsulaw.edu/,2014,,,2017-09-08
188,WESTERN STATE,http://www.wsulaw.edu/,2013,,,2017-09-08
188,WESTERN STATE,http://www.wsulaw.edu/,2012,,,2017-09-08
188,WESTERN STATE,http://www.wsulaw.edu/,2011,,,2017-09-08
188,WESTERN STATE,http://www.wsulaw.edu/,2010,,,2017-09-08
167,WHITTIER,http://www.law.whittier.edu/,2016,,,2017-09-08
167,WHITTIER,http://www.law.whittier.edu/,2015,,,2017-09-08
167,WHITTIER,http://www.law.whittier.edu/,2014,,,2017-09-08
167,WHITTIER,http://www.law.whittier.edu/,2013,,,2017-09-08
167,WHITTIER,http://www.law.whittier.edu/,2012,,,2017-09-08
167,WHITTIER,http://www.law.whittier.edu/,2011,,,2017-09-08
167,WHITTIER,http://www.law.whittier.edu/,2010,,,2017-09-08
179,WIDENER-COMMONWEALTH,http://commonwealthlaw.widener.edu/,2016,,,2017-09-08
179,WIDENER-COMMONWEALTH,http://commonwealthlaw.widener.edu/,2015,,,2017-09-08
179,WIDENER-COMMONWEALTH,http://commonwealthlaw.widener.edu/,2014,,,2017-09-08
179,WIDENER-COMMONWEALTH,http://commonwealthlaw.widener.edu/,2013,,,2017-09-08
179,WIDENER-COMMONWEALTH,http://commonwealthlaw.widener.edu/,2012,,,2017-09-08
179,WIDENER-COMMONWEALTH,http://commonwealthlaw.widener.edu/,2011,,,2017-09-08
179,WIDENER-COMMONWEALTH,http://commonwealthlaw.widener.edu/,2010,,,2017-09-08
26,WIDENER-DELAWARE,http://delawarelaw.widener.edu/,2016,,,2017-09-08
26,WIDENER-DELAWARE,http://delawarelaw.widener.edu/,2015,,,2017-09-08
26,WIDENER-DELAWARE,http://delawarelaw.widener.edu/,2014,,,2017-09-08
26,WIDENER-DELAWARE,http://delawarelaw.widener.edu/,2013,,,2017-09-08
26,WIDENER-DELAWARE,http://delawarelaw.widener.edu/,2012,,,2017-09-08
26,WIDENER-DELAWARE,http://delawarelaw.widener.edu/,2011,,,2017-09-08
26,WIDENER-DELAWARE,http://delawarelaw.widener.edu/,2010,,,2017-09-08
127,WILLAMETTE,http://www.willamette.edu/wucl,2016,,,2017-09-08
127,WILLAMETTE,http://www.willamette.edu/wucl,2015,,,2017-09-08
127,WILLAMETTE,http://www.willamette.edu/wucl,2014,,,2017-09-08
127,WILLAMETTE,http://www.willamette.edu/wucl,2013,,,2017-09-08
127,WILLAMETTE,http://www.willamette.edu/wucl,2012,,,2017-09-08
127,WILLAMETTE,http://www.willamette.edu/wucl,2011,,,2017-09-08
127,WILLAMETTE,http://www.willamette.edu/wucl,2010,,,2017-09-08
157,WILLIAM AND MARY,http://law.wm.edu,2016,,,2017-09-08
157,WILLIAM AND MARY,http://law.wm.edu,2015,,,2017-09-08
157,WILLIAM AND MARY,http://law.wm.edu,2014,,,2017-09-08
157,WILLIAM AND MARY,http://law.wm.edu,2013,,,2017-09-08
157,WILLIAM AND MARY,http://law.wm.edu,2012,,,2017-09-08
157,WILLIAM AND MARY,http://law.wm.edu,2011,,,2017-09-08
157,WILLIAM AND MARY,http://law.wm.edu,2010,,,2017-09-08
162,WISCONSIN,http://www.law.wisc.edu/,2016,,,2017-09-08
162,WISCONSIN,http://www.law.wisc.edu/,2015,,,2017-09-08
162,WISCONSIN,http://www.law.wisc.edu/,2014,,,2017-09-08
162,WISCONSIN,http://www.law.wisc.edu/,2013,,,2017-09-08
162,WISCONSIN,http://www.law.wisc.edu/,2012,,,2017-09-08
162,WISCONSIN,http://www.law.wisc.edu/,2011,,,2017-09-08
162,WISCONSIN,http://www.law.wisc.edu/,2010,,,2017-09-08
164,WYOMING,http://uwadmnweb.uwyo.edu/Law/,2016,,,2017-09-08
164,WYOMING,http://uwadmnweb.uwyo.edu/Law/,2015,,,2017-09-08
164,WYOMING,http://uwadmnweb.uwyo.edu/Law/,2014,,,2017-09-08
164,WYOMING,http://uwadmnweb.uwyo.edu/Law/,2013,,,2017-09-08
164,WYOMING,http://uwadmnweb.uwyo.edu/Law/,2012,,,2017-09-08
164,WYOMING,http://uwadmnweb.uwyo.edu/Law/,2011,,,2017-09-08
164,WYOMING,http://uwadmnweb.uwyo.edu/Law/,2010,,,2017-09-08
25,YALE,http://www.law.yale.edu/,2016,,,2017-09-08
25,YALE,http://www.law.yale.edu/,2015,,,2017-09-08
25,YALE,http://www.law.yale.edu/,2014,,,2017-09-08
25,YALE,http://www.law.yale.edu/,2013,,,2017-09-08
25,YALE,http://www.law.yale.edu/,2012,,,2017-09-08
25,YALE,http://www.law.yale.edu/,2011,,,2017-09-08
25,YALE,http://www.law.yale.edu/,2010,,,2017-09-08