school_uuid,class_of,url_source,downloaded_on
1,2016,https://www.samford.edu/cumberlandlaw/files/ABA_Employment_Data_2016.pdf,
1,2015,https://www.samford.edu/cumberlandlaw/files/ABA_Employment_Data_2015.pdf,
1,2014,https://www.samford.edu/cumberlandlaw/files/ABA-2014.pdf,
1,2013,https://www.samford.edu/cumberlandlaw/files/ABA-2013.pdf,
1,2012,https://www.samford.edu/cumberlandlaw/files/ABA-2012.pdf,
1,2011,N/A,N/A
1,2010,N/A,N/A
2,2016,https://www.law.ua.edu/wp-content/uploads/ABA-2016-Employment-Final.pdf,2017-09-08
2,2015,https://www.law.ua.edu/wp-content/uploads/2015-ABA-Placement-Summary.pdf,2017-09-08
2,2014,https://www.law.ua.edu/wp-content/uploads/2014-ABA-Placement-Summary.pdf,2017-09-08
2,2013,https://www.law.ua.edu/wp-content/uploads/2013-ABA-Placement-Summary.pdf,2017-09-08
2,2012,https://www.law.ua.edu/wp-content/uploads/2012-ABA-Placement-Summary.pdf,2017-09-08
2,2011,N/A,N/A
2,2010,N/A,N/A
3,2016,https://law.asu.edu/sites/default/files/abadisclosures/summary-report-2016-graduates.pdf,2017-09-09
3,2015,https://law.asu.edu/sites/default/files/multimedia/abadisclosures/employment-summary-2015_update.pdf,2017-09-09
3,2014,https://law.asu.edu/sites/default/files/multimedia/abadisclosures/employment-questionnaire-2014.pdf,2017-09-09
3,2013,N/A,N/A
3,2012,N/A,N/A
3,2011,N/A,N/A
3,2010,N/A,N/A
4,2016,https://law.arizona.edu/sites/default/files/aba_employment_summary_for_2016_graduates.pdf,2017-09-09
4,2015,https://law.arizona.edu/sites/default/files/employment_summary_2015_grads_09202016.pdf,2017-09-09
4,2014,http://law2.arizona.edu/career/documents/ABA%20Employment%20Summary%20Arizona%20Law%20Class%20of%202014.PDF,2017-09-09
4,2013,http://www.law2.arizona.edu/Admissions/About_AZLAW/ABA_Employment_2013.pdf,2017-09-09
4,2012,http://www.law2.arizona.edu/Admissions/About_AZLAW/EmploymentSummaryClass2012.pdf,2017-09-09
4,2011,http://www.law2.arizona.edu/career/Statistics2011.pdf,2017-09-09
4,2010,http://www.law2.arizona.edu/career/Statistics2010.pdf,2017-09-09
4,2009,http://www.law2.arizona.edu/career/Statistics2009.pdf,2017-09-09
5,2016,https://law.uark.edu/_documents/509/EmploymentOutcomes2016.pdf,2017-09-09
5,2015,https://law.uark.edu/_documents/509/EmploymentOutcomes2015.pdf,2017-09-09
5,2014,https://law.uark.edu/_documents/509/EmploymentOutcomes2014.pdf,2017-09-09
5,2013,https://law.uark.edu/_documents/509/EmploymentSummary-2013.pdf,2017-09-09
5,2012,https://law.uark.edu/_documents/509/EmploymentSummary-2012.pdf,2017-09-09
5,2011,N/A,N/A
5,2010,N/A,N/A
6,2016,http://ualr.edu/law/files/2010/09/ABA-Employment-Statistics-2016.pdf,2017-09-09
6,2015,http://ualr.edu/law/files/2010/09/ABA-Employment-Summary-2015-Grads.pdf,2017-09-09
6,2014,http://ualr.edu/law/files/2010/09/ABA-Employment-Summary-2014-Grads.pdf,2017-09-09
6,2013,http://ualr.edu/law/files/2010/09/ABA-Employment-Summary-2013-Grads.pdf,2017-09-09
6,2012,http://ualr.edu/law/files/2013/05/EmploymentSummary-2013.pdf,2017-09-09
6,2011,N/A,N/A
6,2010,N/A,N/A
7,2016,https://www.law.berkeley.edu/wp-content/uploads/2017/04/EmploymentQuestionnaireSummary-04-12-2017.pdf,2017-09-09
7,2015,https://www.law.berkeley.edu/wp-content/uploads/2016/04/EmploymentQuestionnaireSummary-Class-of-2015.pdf,2017-09-09
7,2014,https://www.law.berkeley.edu/wp-content/uploads/2015/04/Employment_Summary2014grads.pdf,2017-09-09
7,2013,N/A,N/A
7,2012,N/A,N/A
7,2011,N/A,N/A
7,2010,N/A,N/A
8,2016,https://law.ucdavis.edu/career-services/statistics/files/ABA-590.pdf,2017-09-09
8,2015,https://law.ucdavis.edu/career-services/statistics/files/ABA-509-1.pdf,2017-09-09
8,2014,https://law.ucdavis.edu/career-services/statistics/files/ABA-509-2.pdf,2017-09-09
8,2013,N/A,N/A
8,2012,N/A,N/A
8,2011,N/A,N/A
8,2010,N/A,N/A
9,2016,https://law.ucla.edu/~/media/Assets/Careers/Documents/Employment%20Statistics/EmploymentQuestionnaireSummary-9-10-04-07-2017%2014-52-45.ashx,2017-09-09
9,2015,https://law.ucla.edu/~/media/Assets/Careers/Documents/Employment%20Statistics/ABA%20Employment%20Summary%20Class%20of%202015%20rev%20083116.ashx,2017-09-09
9,2014,https://law.ucla.edu/~/media/Assets/Careers/Documents/Employment%20Statistics/Class_of_2014_ABA_Employment_Summary.ashx,2017-09-09
9,2013,https://law.ucla.edu/~/media/Assets/Careers/Documents/Employment%20Statistics/Class_of_2013_ABA_Employment_Summary.ashx,2017-09-09
9,2012,N/A,N/A
9,2011,N/A,N/A
9,2010,N/A,N/A
10,2016,http://www.lls.edu/media/loyolalawschool/careerdevelopmentoffice/resources/ABA_Class_of_2016_Employment_Summary.pdf,
10,2015,http://www.lls.edu/media/loyolalawschool/careerdevelopmentoffice/resources/ABA_Class_of_2015_Employment_Summary.pdf,
10,2014,http://www.lls.edu/media/loyolalawschool/careerdevelopmentoffice/resources/ABA_Class_of_2014_Employment_Summary.pdf,
10,2013,http://www.lls.edu/media/loyolalawschool/careerdevelopmentoffice/resources/ABA_Class_of_2013_Employment_Summary.pdf,
10,2012,http://www.lls.edu/media/loyolalawschool/careerdevelopmentoffice/resources/ABA_Class_of_2012_Employment_Summary.pdf,
10,2011,http://www.lls.edu/media/loyolalawschool/careerdevelopmentoffice/resources/ABA_Class_of_2011_Employment_Summary.pdf,
10,2010,N/A,N/A
12,2016,http://gould.usc.edu/resources/downloads/careers/jd/students/statistics/ABA_Employment_Summary_for_2016_Graduates.pdf,
12,2015,http://gould.usc.edu/resources/downloads/careers/jd/students/statistics/ABA_Employment_Summary_for_2015_Graduates.pdf,
12,2014,http://gould.usc.edu/resources/downloads/careers/jd/students/statistics/ABA_Employment_Summary_for_2014_graduates.pdf,
12,2013,N/A,N/A
12,2012,N/A,N/A
12,2011,N/A,N/A
12,2010,N/A,N/A
13,2016,http://www.mcgeorge.edu/Documents/CDO/2016ClassABASummaryReport.pdf,
13,2015,http://www.mcgeorge.edu/Documents/CDO/2015ClassABASummaryReport.pdf,
13,2014,http://www.mcgeorge.edu/Documents/CDO/2014ClassABASummaryReport.pdf,
13,2013,http://www.mcgeorge.edu/Documents/CDO/2013ClassABASummaryReport.pdf,
13,2012,http://www.mcgeorge.edu/Documents/CDO/2012ClassABASummaryReport.pdf,
13,2011,http://www.mcgeorge.edu/Documents/CDO/2011ClassABASummaryReport.pdf,
13,2010,http://www.mcgeorge.edu/Documents/CDO/2010ClassABASummaryReport.pdf,
14,2016,https://www.cwsl.edu/-/media/files/career-and-professional-development/aba_employment_summary_2016.ashx?la=en,2017-09-09
14,2015,https://www.cwsl.edu/-/media/files/career-and-professional-development/aba_employment_survey_summary_sheet_classof2015.ashx?la=en,2017-09-09
14,2014,https://www.cwsl.edu/-/media/files/career-and-professional-development/final_erss_summarysheet_classof2014.ashx?la=en,2017-09-09
14,2013,https://www.cwsl.edu/-/media/files/career-and-professional-development/2013_erss_summary-sheet.ashx?la=en,2017-09-09
14,2012,https://www.cwsl.edu/-/media/files/career-and-professional-development/2012_erss_summary_sheet.ashx?la=en,2017-09-09
14,2011,https://www.cwsl.edu/-/media/files/career-and-professional-development/final_2011_erss_summary-sheet.ashx?la=en,2017-09-09
14,2010,https://www.cwsl.edu/-/media/files/career-and-professional-development/final_2010_erss_summary_sheet_62712.ashx?la=en,2017-09-09
15,2016,https://www.sandiego.edu/law/documents/careers/2016-corrected-aba-employment-questionnaire-summary-6-5-17.pdf#https://cms.sandiego.edu/entity/open.act?id=b9a5a8ca0a51a54b29733df768b79ab3&type=file&,
15,2015,https://www.sandiego.edu/law/documents/careers/EmploymentSummary-2015%20corrected%20with%20153%20for%20website%209-20-16.pdf#https://cms.sandiego.edu/entity/open.act?id=b9a5a8ca0a51a54b29733df768b79ab3&type=file&,
15,2014,https://www.sandiego.edu/law/documents/careers/2014%20Emp%20Data%20ABA%20updated%20with%20268%204-28-15.pdf#https://cms.sandiego.edu/entity/open.act?id=b9a5a8ca0a51a54b29733df768b79ab3&type=file&,
15,2013,N/A,N/A
15,2012,N/A,N/A
15,2011,N/A,N/A
15,2010,N/A,N/A
16,2016,http://www.uchastings.edu/about/consumer-info/2017EmploymentSummaryReport.pdf,2017-09-09
16,2015,http://www.uchastings.edu/career-office/docs/ABA%20Summary%20for%20website.pdf,2017-09-09
16,2014,http://www.uchastings.edu/about/consumer-info/docs/2014%20ABA%20Employment%20Summary.pdf,2017-09-09
16,2013,http://www.uchastings.edu/about/consumer-info/docs/2014EmploymentSummaryReport.pdf,2017-09-09
16,2012,http://www.uchastings.edu/about/consumer-info/docs/EmploymentSummary2012.pdf,2017-09-09
16,2011,http://www.uchastings.edu/about/consumer-info/docs/EmploymentSummary2011.pdf,2017-09-09
16,2010,N/A,N/A
17,2016,http://www.ggu.edu/media/law/documents/career-development/ggu-aba-employment-summary-class-of-2016.pdf,2017-09-11
17,2015,http://www.ggu.edu/media/law/documents/career-development/ggu-aba-employment-summary-class-of-2015.pdf,2017-09-11
17,2014,http://www.ggu.edu/media/law/documents/career-development/ggu-aba-employment-summary-class-of-2014.pdf,2017-09-11
17,2013,http://www.ggu.edu/media/law/documents/career-development/ggu-aba-employment-summary-class-of-2013.pdf,2017-09-11
17,2012,https://s3.amazonaws.com/symp.csm.usprod/law-ggu/files/a86/a86c983ab6196931f164ea53971174ca.pdf,2017-09-11
17,2011,https://s3.amazonaws.com/symp.csm.usprod/law-ggu/files/b25/b25ceddad57b8e3755603e4e7dd7aba1.pdf,2017-09-11
17,2010,N/A,N/A
18,2016,https://dgfmssnschws7.cloudfront.net/sites/default/files/law/usf_law_class_of_2016_aba_employment_summary_report.pdf,
18,2015,https://dgfmssnschws7.cloudfront.net/sites/default/files/law/aba_report_4.5.16_0.pdf,
18,2014,https://dgfmssnschws7.cloudfront.net/sites/default/files/law/usf_law_class_of_2014_aba_employment_summary_report.pdf,
18,2013,https://dgfmssnschws7.cloudfront.net/sites/default/files/law/classof2013abasummaryemploymentreport.pdf,
18,2012,https://dgfmssnschws7.cloudfront.net/sites/default/files/law/usf_class_of_2012_aba_employmentsummary_report.pdf,
18,2011,https://dgfmssnschws7.cloudfront.net/sites/default/files/law/employmentsummary-2011.pdf,
18,2010,N/A,N/A
19,2016,https://law.pepperdine.edu/career-development/content/aba-data-2016.pdf,
19,2015,https://law.pepperdine.edu/career-development/content/aba-data-2015.pdf,
19,2014,https://law.pepperdine.edu/career-development/content/aba-data-2014.pdf,
19,2013,https://law.pepperdine.edu/career-development/content/aba-data-2013.pdf,
19,2012,N/A,N/A
19,2011,N/A,N/A
19,2010,N/A,N/A
20,2016,http://1x937u16qcra1vnejt2hj4jl.wpengine.netdna-cdn.com/wp-content/uploads/EmploymentQuestionnaireSummary-2016.pdf,
20,2015,http://1x937u16qcra1vnejt2hj4jl.wpengine.netdna-cdn.com/wp-content/uploads/EmploymentQuestionnaireSummary-20-1535-04-12-2016-18-13-17.pdf,
20,2014,http://1x937u16qcra1vnejt2hj4jl.wpengine.netdna-cdn.com/wp-content/uploads/EmploymentQuestionnaireSummary-20-4696-04-27-2015-15-26-59.pdf,
20,2013,N/A,N/A
20,2012,N/A,N/A
20,2011,N/A,N/A
20,2010,N/A,N/A
21,2016,https://www-cdn.law.stanford.edu/wp-content/uploads/2015/05/Class-of-2016-FINAL-ABA-Stats.pdf,
21,2015,https://www-cdn.law.stanford.edu/wp-content/uploads/2016/04/Class-of-2015-As-of-March-15-ABA-Stats-3-29-16-3.pdf,
21,2014,https://law.stanford.edu/index.php?webauth-document=child-page/351563/doc/slspublic/ABA%20Stats%20-%202014%20-%204-6-15.pdf,
21,2013,https://law.stanford.edu/index.php?webauth-document=child-page/351563/doc/slspublic/ABA%20Stats%20-%202013%20-%20UPDATED.pdf,
21,2012,https://law.stanford.edu/index.php?webauth-document=child-page/351563/doc/slspublic/ABA%20Stats%20-%202012%20-%20UPDATED.pdf,
21,2011,N/A,N/A
21,2010,N/A,N/A
22,2016,http://www.colorado.edu/law/sites/default/files/attached-files/class_of_2016_aba_employment_summary_-_updated.pdf,2017-09-09
22,2015,http://www.colorado.edu/law/sites/default/files/Class%20of%202015%20ABA%20Employment%20Summary.pdf,2017-09-09
22,2014,http://www.colorado.edu/law/sites/default/files/Class%20of%202014%20Report_0.pdf,2017-09-09
22,2013,http://www.colorado.edu/law/sites/default/files/Class%20of%202013%20NALP%20Report.pdf,2017-09-09
22,2012,N/A,N/A
22,2011,N/A,N/A
22,2010,N/A,N/A
23,2016,http://www.law.du.edu/documents/career-development-and-opportunities/2016-ABA-Report.pdf,2017-09-11
23,2015,http://www.law.du.edu/documents/career-development-and-opportunities/2015-ABA-Report.pdf,2017-09-11
23,2014,http://www.law.du.edu/documents/career-development-and-opportunities/2014-ABA-Report.pdf,2017-09-11
23,2013,http://www.law.du.edu/documents/career-development-and-opportunities/2013-ABA-Report.pdf,2017-09-11
23,2012,http://www.law.du.edu/documents/career-development-and-opportunities/ABAEmploymentSummary-2012.pdf,2017-09-11
23,2011,http://www.law.du.edu/documents/career-development-and-opportunities/2011-ABA-Report.pdf,2017-09-11
23,2010,http://www.law.du.edu/documents/career-development-and-opportunities/2010-ABA-Report.pdf,2017-09-11
24,2016,https://www.law.uconn.edu/sites/default/files/content-page/ABA-509-Employment-Report-Class-of-2016-04-12-17.pdf,2017-09-09
24,2015,https://www.law.uconn.edu/sites/default/files/content-page/Graduate-Employment-Outcomes-Class-of-2015-2016-04-26.pdf,2017-09-09
24,2014,https://www.law.uconn.edu/sites/default/files/content-page/Graduate%20Employment%20Outcomes%20Class%20of%202014.pdf,2017-09-09
24,2013,https://www.law.uconn.edu/sites/default/files/content-page/Graduate%20Employment%20Outcomes%20Class%20of%202013%2003-21-14.pdf,2017-09-09
24,2012,https://www.law.uconn.edu/sites/default/files/content-page/Graduate%20Employment%20Outcomes%20Class%20of%202012%20%28updated%29.pdf,2017-09-09
24,2011,https://www.law.uconn.edu/sites/default/files/content-page/Graduate%20Employment%20Outcomes%20Class%20of%202011%20%28updated%29.pdf,2017-09-09
24,2010,https://www.law.uconn.edu/sites/default/files/content-page/Graduate%20Employment%20Outcomes%20Class%20of%202010.pdf,2017-09-09
25,2016,https://law.yale.edu/student-life/career-development/employment-data/class-2016-employment,
25,2015,https://law.yale.edu/student-life/career-development/employment-data/class-2015-employment,
25,2014,N/A,N/A
25,2013,N/A,N/A
25,2012,N/A,N/A
25,2011,N/A,N/A
25,2010,N/A,N/A
26,2016,http://delawarelaw.widener.edu/files/resources/abaemploymentstatsclassof201617a1700px.jpg,
26,2015,http://delawarelaw.widener.edu/files/resources/abaemploymentstatsclassof2015pp1.jpg,
26,2014,http://delawarelaw.widener.edu/files/resources/declassof2014employmentstatistics.jpg,
26,2013,N/A,N/A
26,2012,N/A,N/A
26,2011,N/A,N/A
26,2010,N/A,N/A
27,2016,https://www.wcl.american.edu/career/documents/EmploymentSummary-2017.pdf,2017-09-09
27,2015,https://www.wcl.american.edu/career/documents/statistics2015_000.pdf,2017-09-09
27,2014,https://www.wcl.american.edu/career/documents/statistics2014.pdf,2017-09-09
27,2013,https://www.wcl.american.edu/career/documents/statistics2013.pdf,2017-09-09
27,2012,https://www.wcl.american.edu/career/documents/2012Statistics.pdf,2017-09-09
27,2011,N/A,N/A
27,2010,N/A,N/A
29,2016,http://www.law.edu/res/docs/2017-EmploymentClassof2016.pdf,2017-09-09
29,2015,http://www.law.edu/res/docs/ABAEmploymentSummaryfor2015Graduates.pdf,2017-09-09
29,2014,http://www.law.edu/res/docs/EmploymentQuestionnaireSummary.pdf,2017-09-09
29,2013,N/A,N/A
29,2012,N/A,N/A
29,2011,N/A,N/A
29,2010,N/A,N/A
30,2016,https://www.law.georgetown.edu/careers/upload/L16-ABA-Employment-Summary-4.pdf,2017-09-11
30,2015,https://www.law.georgetown.edu/careers/upload/Employment-Summary-for-2015-Graduates.pdf,2017-09-11
30,2014,https://www.law.georgetown.edu/careers/upload/2014-Bundle-for-Website-Revised-2.pdf,2017-09-11
30,2013,N/A,N/A
30,2012,N/A,N/A
30,2011,N/A,N/A
30,2010,N/A,N/A
31,2016,https://www.law.gwu.edu/sites/www.law.gwu.edu/files/downloads/GW-Law-Employment-Data-Class-of-2016.pdf,2017-09-11
31,2015,https://www.law.gwu.edu/sites/www.law.gwu.edu/files/downloads/GW-Law-ABA-Employment-Data-for-Class-of-2015.pdf,2017-09-11
31,2014,https://www.law.gwu.edu/sites/www.law.gwu.edu/files/downloads/Employement_Data_2014.pdf,2017-09-11
31,2013,https://www.law.gwu.edu/sites/www.law.gwu.edu/files/downloads/Employment_Data_Class_of_2013.pdf,2017-09-11
31,2012,https://www.law.gwu.edu/sites/www.law.gwu.edu/files/downloads/Final_2012_ABA.pdf,2017-09-11
31,2011,N/A,N/A
31,2010,N/A,N/A
32,2016,http://law.howard.edu/sites/default/files/EmploymentQuestionnaireSummary-32-25038-04-07-2017%2014-41-21.pdf,2017-09-11
32,2015,http://law.howard.edu/sites/default/files/EmploymentQuestionnaireSummary_For_Publication.pdf,2017-09-11
32,2014,http://law.howard.edu/sites/default/files/ABA_HUSL_041615.pdf,2017-09-11
32,2013,http://law.howard.edu/sites/default/files/ABA_Employment_Summary_Class_of_2013.pdf,2017-09-11
32,2012,http://law.howard.edu/sites/default/files/ABA_Employment_Summary_Class_of_2012.pdf,2017-09-11
32,2011,N/A,N/A
32,2010,N/A,N/A
33,2016,http://media.law.miami.edu/career-development-office/pdf/2017/aba-employment-summary-2016.pdf,
33,2015,http://media.law.miami.edu/employmentdata/pdf/aba-employment-summary-2015.pdf,
33,2014,http://media.law.miami.edu/employmentdata/pdf/aba-employment-summary-2014.pdf,
33,2013,http://media.law.miami.edu/employmentdata/pdf/aba-employment-summary-2013.pdf,
33,2012,http://media.law.miami.edu/employmentdata/pdf/aba-employment-summary-2012.pdf,
33,2011,http://media.law.miami.edu/employmentdata/pdf/aba-employment-summary-2011.pdf,
33,2010,http://media.law.miami.edu/employmentdata/pdf/aba-employment-summary-2010.pdf,
33,2009,http://media.law.miami.edu/employmentdata/pdf/miami-law-class-of-2009-graduate-employment-statistics.pdf,
34,2016,https://www.law.ufl.edu/law/wp-content/uploads/2012/12/aba-employment-summary-for-2016-graduates.pdf,2017-09-11
34,2015,https://www.law.ufl.edu/law/wp-content/uploads/2016/04/aba-employment-summary-for-2015-graduates.pdf,2017-09-11
34,2014,https://www.law.ufl.edu/law/wp-content/uploads/2015/03/aba-employment-summary-for-2014-graduates.pdf,2017-09-11
34,2013,https://www.law.ufl.edu/law/wp-content/uploads/2012/05/ABA-Employment-Summary-For-2013-Graduates.pdf,2017-09-11
34,2012,https://www.law.ufl.edu/_pdf/career/employers/EmploymentSummary-2013.pdf,2017-09-11
34,2011,N/A,N/A
34,2010,N/A,N/A
35,2016,http://www.stetson.edu/law/career/media/2016-employment-report.pdf,
35,2015,http://www.stetson.edu/law/career/media/2015-employment-report.pdf,
35,2014,http://www.stetson.edu/law/career/media/2014-employment-report.pdf,
35,2013,http://www.stetson.edu/law/career/media/2013-employment-report.pdf,
35,2012,N/A,N/A
35,2011,N/A,N/A
35,2010,N/A,N/A
36,2016,http://www.law.fsu.edu/docs/default-source/default-document-library/abadata.pdf?sfvrsn=12,2017-09-09
36,2015,N/A,N/A
36,2014,N/A,N/A
36,2013,N/A,N/A
36,2012,N/A,N/A
36,2011,N/A,N/A
36,2010,N/A,N/A
37,2016,https://www.law.nova.edu/about/documents/ABA%20Employment%20Summary%20-%20NSU%20Class%20of%202016.pdf,
37,2015,https://www.law.nova.edu/about/documents/ABA%20Employment%20Summary%20-%20NSU%20Class%20of%202015.pdf,
37,2014,https://www.law.nova.edu/about/documents/EmploymentQuestionnaireSummary-37-37-04-10-2015_14-12-25_1.pdf,
37,2013,https://www.law.nova.edu/about/documents/ABA%20Employment%20Summary%20-%20NSU%20Class%20of%202013.pdf,
37,2012,N/A,N/A
37,2011,N/A,N/A
37,2010,N/A,N/A
38,2016,http://www.law.uga.edu/sites/default/files/Classof2016ABASummary041017_700pxwide.jpg,2017-09-11
38,2015,http://www.law.uga.edu/sites/default/files/EmploymentQuestionnaireSummary041916_web.jpg,2017-09-11
38,2014,http://www.law.uga.edu/sites/default/files/2014EmploymentData_web.jpg,2017-09-11
38,2013,http://www.law.uga.edu/sites/default/files/EmploymentSummary50714_web.jpg,2017-09-11
38,2012,http://www.law.uga.edu/sites/default/files/UGA%20Class%20of%202012%20ABA%20Report%20as%20of%205.23.2013%20downloaded%20from%20ABA%20site.jpg,2017-09-11
38,2011,N/A,N/A
38,2010,N/A,N/A
39,2016,http://law.emory.edu/_includes/documents/sections/about/ABA-documents/aba-employment-summary-2016.pdf,2017-09-11
39,2015,http://law.emory.edu/_includes/documents/sections/about/ABA-documents/EmploymentQuestionnaireSummary-39-39-04-07-2016-15-00-51.pdf,2017-09-11
39,2014,http://law.emory.edu/_includes/documents/sections/about/ABA-documents/EmploymentQuestionnaireSummary-39-39-04-07-2015%2015-36-36.pdf,2017-09-11
39,2013,N/A,N/A
39,2012,N/A,N/A
39,2011,N/A,N/A
39,2010,N/A,N/A
40,2016,https://law.mercer.edu/www/mu-law/career/employment/upload/ABA-Final-EmploymentQuestionnaireSummary-Class-2016-4-7-17.pdf,
40,2015,https://law.mercer.edu/www/mu-law/career/employment/upload/ABA-Employment-Summary-for-2015-Graduates-Final-4-7-16.pdf,
40,2014,https://law.mercer.edu/mu-law/career/employment/upload/ABA-EmploymentSummary-2015-Revised-4-28-15.pdf,
40,2013,https://law.mercer.edu/mu-law/career/employment/upload/ABA-Employment-Summary-Class-of-2013.pdf,
40,2012,N/A,N/A
40,2011,N/A,N/A
40,2010,N/A,N/A
41,2016,https://www.law.hawaii.edu/sites/www.law.hawaii.edu/files/content/Careers/DOC041417.pdf,2017-09-11
41,2015,https://www.law.hawaii.edu/sites/www.law.hawaii.edu/files/content/Careers/Class%20of%202015%20%2810%20mos%20post%20grad%29%20Employment%20Statistics%20LATEST%204-12-16.pdf,2017-09-11
41,2014,https://www.law.hawaii.edu/sites/www.law.hawaii.edu/files/content/Copy%20of%20Class%20of%202014%20Employment%20Statistics%20CORRECTED%2012-15edit.pdf,2017-09-11
41,2013,https://www.law.hawaii.edu/sites/www.law.hawaii.edu/files/content/ABA%20Employment%20Summary%20Class%202013.pdf,2017-09-11
41,2012,https://www.law.hawaii.edu/sites/www.law.hawaii.edu/files/content/about-us/ABA%20EmploymentSummary-Class%20of%202012%20%281%29.pdf,2017-09-11
41,2011,N/A,N/A
41,2010,N/A,N/A
42,2016,https://www.uidaho.edu/~/media/UIdaho-Responsive/Files/law/career-development/employment-statistics/2016-aba-employment-summary.ashx,2017-09-11
42,2015,https://www.uidaho.edu/~/media/UIdaho-Responsive/Files/law/career-development/employment-statistics/2015-aba-employment-summary.ashx,2017-09-11
42,2014,https://www.uidaho.edu/~/media/UIdaho-Responsive/Files/law/career-development/employment-statistics/2014-aba-employment-summary.ashx,2017-09-11
42,2013,N/A,N/A
42,2012,N/A,N/A
42,2011,N/A,N/A
42,2010,N/A,N/A
43,2016,http://www.law.siu.edu/_common/documents/aba-employment-2016.pdf,
43,2015,http://www.law.siu.edu/_common/documents/aba-employment-2015.pdf,
43,2014,http://www.law.siu.edu/_common/documents/aba-employment-2014.pdf,
43,2013,http://www.law.siu.edu/_common/documents/aba-employment-2013.pdf,
43,2012,http://www.law.siu.edu/_common/documents/aba-2012.pdf,
43,2011,http://www.law.siu.edu/_common/documents/aba-2011.pdf,
43,2010,N/A,N/A
44,2016,https://law.illinois.edu/wp-content/uploads/2017/04/ABA-Employment-Summary-for-Law-School-Graduates.pdf,2017-09-11
44,2015,https://law.illinois.edu/wp-content/uploads/2016/12/ABA-Class-of-2015-Employment-Summary-1.pdf,2017-09-11
44,2014,https://law.illinois.edu/wp-content/uploads/2016/12/ABA-Employment-Summary-for-2014-Graduates-1.pdf,2017-09-11
44,2013,N/A,N/A
44,2012,N/A,N/A
44,2011,N/A,N/A
44,2010,N/A,N/A
45,2016,http://www.kentlaw.iit.edu/Documents/Departments/Career%20Services/Handouts/Chicago-Kent%202016%20ABA%20Stats.pdf,2017-09-09
45,2015,http://www.kentlaw.iit.edu/Documents/Departments/Career%20Services/Chicago-Kent%202015%20ABA%20Employment%20Summary.pdf,2017-09-09
45,2014,http://www.kentlaw.iit.edu/Documents/Departments/Career%20Services/Handouts/C-K_ABA_EmploymentQuestionnaireSummary-REV-04-27-2015(0).pdf,2017-09-09
45,2013,http://www.kentlaw.iit.edu/Documents/Departments/Career%20Services/Handouts/ABAEmploymentSummaryFINAL2013.pdf,2017-09-09
45,2012,N/A,N/A
45,2011,N/A,N/A
45,2010,N/A,N/A
46,2016,https://law.depaul.edu/career-services/employment-data/Documents/2017%20ABA%20EQ%20(Submitted%204-7-17).pdf,2017-09-11
46,2015,https://law.depaul.edu/career-services/employment-data/Documents/aba_empl_summary_2015_final.pdf,2017-09-11
46,2014,https://law.depaul.edu/career-services/employment-data/Documents/aba_empl_summary_2014.pdf,2017-09-11
46,2013,https://law.depaul.edu/career-services/employment-data/Documents/aba_empl_summary_2013.pdf,2017-09-11
46,2012,N/A,N/A
46,2011,N/A,N/A
46,2010,N/A,N/A
47,2016,http://www.jmls.edu/career-services/job-stats/pdf/2016-employment.pdf,
47,2015,http://www.jmls.edu/career-services/job-stats/pdf/2015-employment.pdf,
47,2014,http://www.jmls.edu/career-services/job-stats/pdf/2014-employment.pdf,
47,2013,N/A,N/A
47,2012,N/A,N/A
47,2011,N/A,N/A
47,2010,N/A,N/A
48,2016,http://www.luc.edu/media/lucedu/law/career/pdfs/2016%20ABA%20EmploymentSummary.pdf,
48,2015,http://www.luc.edu/media/lucedu/law/career/pdfs/2015_ABA.pdf,
48,2014,http://www.luc.edu/media/lucedu/law/career/pdfs/2014_ABA.pdf,
48,2013,http://www.luc.edu/media/lucedu/law/career/pdfs/ABA%20Update%206_10.pdf,
48,2012,http://www.luc.edu/media/lucedu/law/career/pdfs/2012.pdf,
48,2011,http://www.luc.edu/media/lucedu/law/career/pdfs/2011.pdf,
48,2010,http://www.luc.edu/media/lucedu/law/career/pdfs/2010.pdf,
49,2016,http://www.law.northwestern.edu/professional-life/career/stats/documents/northwestern_law_employment_summary_2016.pdf,
49,2015,http://www.law.northwestern.edu/professional-life/career/stats/documents/northwestern_law_employment_summary_2015.pdf,
49,2014,http://www.law.northwestern.edu/professional-life/career/stats/documents/northwestern_law_employment_summary_amended_2014.pdf,
49,2013,http://www.law.northwestern.edu/professional-life/career/stats/documents/northwestern_law_employment_summary_2013.pdf,
49,2012,http://www.law.northwestern.edu/professional-life/career/stats/documents/northwestern_law_employment_summary_2012.pdf,
49,2011,http://www.law.northwestern.edu/professional-life/career/stats/documents/northwestern_law_employment_summary_2011.pdf,
49,2010,N/A,N/A
50,2016,https://www.law.uchicago.edu/files/file/aba_employment_summary_class_of_2016_final.pdf,2017-09-09
50,2015,https://www.law.uchicago.edu/files/file/abaemploymentsummaryclassof2015v2.pdf,2017-09-09
50,2014,https://www.law.uchicago.edu/files/file/abaemploymentsummaryclassof2014.pdf,2017-09-09
50,2013,https://www.law.uchicago.edu/files/file/abaemploymentsummaryclassof2013.pdf,2017-09-09
50,2012,N/A,N/A
50,2011,N/A,N/A
50,2010,N/A,N/A
51,2016,http://www.law.indiana.edu/about/assets/aba-employment-summary-class-of-2016.pdf,2017-09-11
51,2015,http://www.law.indiana.edu/about/assets/employment-summary-2015.pdf,2017-09-11
51,2014,http://www.law.indiana.edu/about/assets/aba-employment-summary-class-of-2014.pdf,2017-09-11
51,2013,http://www.law.indiana.edu/about/assets/aba-employment-summary-class-of-2013.pdf,2017-09-11
51,2012,http://www.law.indiana.edu/about/assets/aba-employment-summary-class-of-2012.pdf,2017-09-11
51,2011,http://www.law.indiana.edu/about/assets/aba-employment-summary-class-of-2011.pdf,2017-09-11
51,2010,http://www.law.indiana.edu/about/assets/aba-employment-summary-class-of-2010.pdf,2017-09-11
52,2016,https://mckinneylaw.iu.edu/careers/_docs/employment-summary-2016_ABA.pdf,2017-09-11
52,2015,https://mckinneylaw.iu.edu/careers/_docs/employment-summary-2015_ABA.pdf,2017-09-11
52,2014,https://mckinneylaw.iu.edu/careers/_docs/employment-summary-2014_ABA.pdf,2017-09-11
52,2013,N/A,N/A
52,2012,N/A,N/A
52,2011,N/A,N/A
52,2010,N/A,N/A
53,2016,http://law.nd.edu/assets/232629/aba_employment_questionnaire_summary_class_of_2016.pdf,
53,2015,http://law.nd.edu/assets/196115/2015_aba_employment_summary.pdf,
53,2014,https://www3.nd.edu/~ndlaw/career/employment/Classof2014ABAWorksheet.pdf,
53,2013,N/A,N/A
53,2012,N/A,N/A
53,2011,N/A,N/A
53,2010,N/A,N/A
54,2016,http://www.valpo.edu/law/wp-content/uploads/2012/12/ABA-Summary-Final-for-Class-of-2016.pdf,
54,2015,http://www.valpo.edu/law/wp-content/uploads/2012/12/Class-of-2015-ABA-Employment-Report.pdf,
54,2014,http://www.valpo.edu/law/wp-content/uploads/2012/12/ABA-Class-of-2014-Final-Employment-Summary-1.pdf,
54,2013,http://www.valpo.edu/law/wp-content/uploads/2012/12/ABAEmploymentSummary-2013Graduates.pdf,
54,2012,N/A,N/A
54,2011,N/A,N/A
54,2010,N/A,N/A
55,2016,http://www.law.drake.edu/2014-ABA-employment-summary.pdf,2017-09-11
55,2015,http://www.drake.edu/media/collegesschools/law/documents/2015%20ABA%20Employment%20Summary.pdf,2017-09-11
55,2014,http://www.law.drake.edu/2016-ABA-employment-summary.pdf,2017-09-11
55,2013,N/A,N/A
55,2012,N/A,N/A
55,2011,N/A,N/A
55,2010,N/A,N/A
56,2016,https://law.uiowa.edu/sites/law.uiowa.edu/files/wysiwyg_uploads/employmentquestionnairesummary-4-6-17.pdf,2017-09-11
56,2015,https://law.uiowa.edu/sites/law.uiowa.edu/files/wysiwyg_uploads/ABA%202016_Employment_Questionnaire_Summary_Page.pdf,2017-09-11
56,2014,https://law.uiowa.edu/sites/law.uiowa.edu/files/wysiwyg_uploads/EmploymentQuestionnaireSummary%204-14-15.pdf,2017-09-11
56,2013,https://law.uiowa.edu/sites/law.uiowa.edu/files/cso_ABAEmploymentSurvey_2013.pdf,2017-09-11
56,2012,https://law.uiowa.edu/sites/law.uiowa.edu/files/cso_ABAEmploymentSurvey_2012.pdf,2017-09-11
56,2011,https://law.uiowa.edu/sites/law.uiowa.edu/files/cso_ABAEmploymentSurvey_2011.pdf,2017-09-11
56,2010,https://law.uiowa.edu/sites/law.uiowa.edu/files/cso_ABAEmploymentSurvey_2010.pdf,2017-09-11
56,2009,https://law.uiowa.edu/sites/law.uiowa.edu/files/cso_ABAEmploymentSurvey_2009.pdf,2017-09-11
57,2016,http://law.ku.edu/sites/law.ku.edu/files/docs/standard_509/aba-employment-summary-2016-update.pdf,
57,2015,http://law.ku.edu/sites/law.ku.edu/files/docs/standard_509/aba-employment-summary-2015-update.pdf,
57,2014,http://law.ku.edu/sites/law.ku.edu/files/docs/standard_509/aba-employment-summary-2014-update.pdf,
57,2013,http://law.ku.edu/sites/law.ku.edu/files/docs/career_services/aba-employment-summary-2013.pdf,
57,2012,http://law.ku.edu/sites/law.ku.edu/files/docs/career_services/aba-employment-summary-2012-update.pdf,
57,2011,http://law.ku.edu/sites/law.drupal.ku.edu/files/docs/career_services/aba-employment-summary-class-of-2011.pdf,
57,2010,N/A,N/A
58,2016,http://washburnlaw.edu/career/statistics/_docs/ABAEmploymentSummary-2016grads.pdf,
58,2015,http://washburnlaw.edu/career/statistics/_docs/ABAEmploymentSummary-2015grads.pdf,
58,2014,http://washburnlaw.edu/career/statistics/_docs/ABAEmploymentSummary-2014grads.pdf,
58,2013,http://washburnlaw.edu/career/statistics/_docs/ABAEmploymentSummary-2013grads.pdf,
58,2012,http://washburnlaw.edu/career/statistics/_docs/ABAEmploymentSummary-2012gradsrevised.pdf,
58,2011,http://washburnlaw.edu/career/statistics/_docs/ABAEmploymentSummary-2011.pdf,
58,2010,http://washburnlaw.edu/career/statistics/_docs/ABAEmploymentSummary-2010.pdf,
59,2016,http://chaselaw.nku.edu/content/dam/chaselaw/docs/careers/ABA%20Employment%20Summary%20for%202016%20Graduates.pdf,
59,2015,http://chaselaw.nku.edu/content/dam/chaselaw/docs/careers/ABA%20Employment%20Summary%20Class%20of%202015%20for%20Website.pdf,
59,2014,http://chaselaw.nku.edu/content/dam/chaselaw/docs/careers/ABA%20Employment%20Summary%20for%202014%20Graduates.pdf,
59,2013,http://chaselaw.nku.edu/content/dam/chaselaw/docs/careers/ABA%20Summary%20Report-Class%20of%202013.pdf,
59,2012,http://chaselaw.nku.edu/content/dam/chaselaw/docs/careers/NKU_Employment_Question_Summary_2012.pdf,
59,2011,http://chaselaw.nku.edu/content/dam/chaselaw/docs/careers/ABA_Class_of_2011_Summary_Report.pdf,
59,2010,N/A,N/A
60,2016,http://law.uky.edu/sites/law.uky.edu/files/docs/careers/ABA%20Employment%20Questionnaire%20Summary%20%28to%20post%29%20-%202017%20%28For%20class%20of%202016%29.pdf,
60,2015,http://law.uky.edu/sites/law.uky.edu/files/docs/careers/Class2015EmploymentSummary.pdf,
60,2014,http://law.uky.edu/sites/law.uky.edu/files/docs/careers/Class2014EmploymentSummary.pdf,
60,2013,http://law.uky.edu/sites/law.uky.edu/files/docs/careers/Class2013EmploymentSummary.pdf,
60,2012,http://law.uky.edu/sites/law.uky.edu/files/docs/careers/Class2012EmploymentSummary.pdf,
60,2011,http://law.uky.edu/sites/law.uky.edu/files/docs/careers/Class2011EmploymentSummary.pdf,
60,2010,N/A,N/A
61,2016,https://louisville.edu/law/about/accreditation/aba-required-disclosures/employment-summary-for-2016-graduates,
61,2015,https://louisville.edu/law/about/accreditation/aba-required-disclosures/employment-summary-for-2015-graduates,
61,2014,https://louisville.edu/law/about/accreditation/aba-required-disclosures/employment-summary-for-2014-graduates,
61,2013,https://louisville.edu/law/about/accreditation/aba-required-disclosures/employment-summary-reports-achive/Employment%20Summary%20for%202013%20Graduates/at_download/file,
61,2012,https://louisville.edu/law/about/accreditation/aba-required-disclosures/employment-summary-reports-achive/Employment%20Summary%20for%202012%20Graduates/at_download/file,
61,2011,https://louisville.edu/law/about/accreditation/aba-required-disclosures/employment-summary-reports-achive/Employment%20Summary%20for%202011%20Graduates/at_download/file,
61,2010,N/A,N/A
62,2016,https://www.law.lsu.edu/disclosures/files/2013/12/EmploymentSummary-2017.pdf,
62,2015,https://www.law.lsu.edu/disclosures/files/2013/12/EmploymentSummary-2016.pdf,
62,2014,https://www.law.lsu.edu/disclosures/files/2013/12/EmploymentSummary-2015.pdf,
62,2013,https://www.law.lsu.edu/disclosures/files/2013/12/EmploymentSummary-2014.pdf,
62,2012,https://www.law.lsu.edu/disclosures/files/2013/12/ABA-EmploymentSummary-2013.pdf,
62,2011,https://www.law.lsu.edu/disclosures/files/2013/12/ABA-EmploymentSummary-2012.pdf,
62,2010,https://www.law.lsu.edu/disclosures/files/2013/12/ABA-EmploymentSummary-2011.pdf,
63,2016,http://www.sulc.edu/wp-content/uploads/2017/04/EmploymentQuestionnaireSummary2016.pdf,
63,2015,http://www.sulc.edu/wp-content/uploads/2017/04/EmploymentQuestionnaireSummary2015.pdf,
63,2014,http://www.sulc.edu/wp-content/uploads/2017/04/EmploymentQuestionnaireSummary2014.pdf,
63,2013,http://www.sulc.edu/wp-content/uploads/2017/04/EmploymentQuestionnaireSummary2013.pdf,
63,2012,N/A,N/A
63,2011,N/A,N/A
63,2010,N/A,N/A
64,2016,http://law.loyno.edu/sites/law.loyno.edu/files/file_attach/2017%20ABAReport%20for2016Grads.pdf,
64,2015,http://www.loyno.edu/lawcareers/sites/loyno.edu.lawcareers/files/Employment%20Summary%20For%202015%20Graduates.pdf,
64,2014,http://law.loyno.edu/sites/law.loyno.edu/files/2014%20Official%20ABA%20Employment%20Report_0.pdf,
64,2013,http://law.loyno.edu/sites/law.loyno.edu/files/EmploymentSummary-2014.pdf,
64,2012,http://law.loyno.edu/sites/law.loyno.edu/files/EmploymentSummary-2013.pdf,
64,2011,http://law.loyno.edu/sites/law.loyno.edu/files/EmploymentSummary-2012.pdf,
64,2010,http://law.loyno.edu/sites/law.loyno.edu/files/EmploymentSummary-2011.pdf,
65,2016,http://www.law.tulane.edu/uploadedFiles/Careers/Employment_and_ABA/ClassOf2016ABAReport.pdf,
65,2015,http://www.law.tulane.edu/uploadedFiles/Careers/Employment_and_ABA/ClassOf2015ABAReport.pdf,
65,2014,http://www.law.tulane.edu/uploadedFiles/Careers/Employment_and_ABA/ClassOf2014ABAReport.pdf,
65,2013,N/A,N/A
65,2012,N/A,N/A
65,2011,N/A,N/A
65,2010,N/A,N/A
66,2016,https://mainelaw.maine.edu/career-services/wp-content/uploads/sites/6/ABA-Employ-Summary-Reports-2016-2015-2014.pdf,2017-09-09
66,2015,https://mainelaw.maine.edu/career-services/wp-content/uploads/sites/6/ABA-Employ-Summary-Reports-2016-2015-2014.pdf,2017-09-09
66,2014,https://mainelaw.maine.edu/career-services/wp-content/uploads/sites/6/ABA-Employ-Summary-Reports-2016-2015-2014.pdf,2017-09-09
66,2013,N/A,N/A
66,2012,N/A,N/A
66,2011,N/A,N/A
66,2010,N/A,N/A
67,2016,http://law.ubalt.edu/about/Class2016_UPDATED2_ABAEmploymentSummary.pdf,2017-09-09
67,2015,http://law.ubalt.edu/about/pdfs/Class2015_UPDATED2_ABAEmploymentData2016.pdf,2017-09-09
67,2014,http://law.ubalt.edu/academics/images/ABA2015_FINAL_EQSummary_Class2014.pdf,2017-09-09
67,2013,N/A,N/A
67,2012,N/A,N/A
67,2011,N/A,N/A
67,2010,N/A,N/A
68,2016,http://www.law.umaryland.edu/prospective/documents/EmploymentSummary-2016.pdf,
68,2015,http://www.law.umaryland.edu/prospective/documents/EmploymentSummary-2015.pdf,
68,2014,http://www.law.umaryland.edu/prospective/documents/EmploymentSummary-2014.pdf,
68,2013,http://www.law.umaryland.edu/prospective/documents/EmploymentSummary-2013.pdf,
68,2012,http://www.law.umaryland.edu/prospective/documents/EmploymentSummary-2012.pdf,
68,2011,http://www.law.umaryland.edu/prospective/documents/EmploymentSummary-2011.pdf,
68,2010,http://www.law.umaryland.edu/prospective/documents/EmploymentSummary-2010.pdf,
69,2016,https://www.bu.edu/law/files/2017/04/Class-of-2016-Final-Summary-4.7.17.pdf,2017-09-09
69,2015,https://www.bu.edu/law/files/2016/05/Employment-Questionnaire-Summary-Revised-FINAL-5.9.16.pdf,2017-09-09
69,2014,https://www.bu.edu/law/files/2015/08/Classof2014ABAEmploymentQuestionnaireSummaryforwebsite.pdf,2017-09-09
69,2013,N/A,N/A
69,2012,N/A,N/A
69,2011,N/A,N/A
69,2010,N/A,N/A
70,2016,https://www.nesl.edu/docs/default-source/Career-Services/aba-class-of-2016-employment-summary-fx.pdf?sfvrsn=2,
70,2015,https://www.nesl.edu/docs/default-source/Career-Services/employmentsummary-for-class-of-2015_updated-fx.pdf?sfvrsn=2,
70,2014,https://www.nesl.edu/docs/default-source/Career-Services/employment-summary-2014-fx.pdf?sfvrsn=2,
70,2013,N/A,N/A
70,2012,N/A,N/A
70,2011,N/A,N/A
70,2010,N/A,N/A
71,2016,http://www.northeastern.edu/law/pdfs/careers/statistics-2016.pdf,
71,2015,http://www.northeastern.edu/law/pdfs/careers/statistics-2015.pdf,
71,2014,http://www.northeastern.edu/law/pdfs/careers/statistics-2014.pdf,
71,2013,N/A,N/A
71,2012,N/A,N/A
71,2011,N/A,N/A
71,2010,N/A,N/A
72,2016,http://www.suffolk.edu/documents/Law%20PCD/2016ABASummary.pdf,
72,2015,http://www.suffolk.edu/documents/Law%20PCD/Graduate_Survey_2015.pdf,
72,2014,http://www.suffolk.edu/documents/Law%20PCD/Graduate_Survey_2014.pdf,
72,2013,N/A,N/A
72,2012,N/A,N/A
72,2011,N/A,N/A
72,2010,N/A,N/A
73,2016,https://www.bc.edu/content/dam/bc1/schools/law/careers/employment/2016_BC_Law_ABA_EmploymentQuestionnaireSummary.pdf,2017-09-09
73,2015,https://www.bc.edu/content/dam/bc1/schools/law/careers/employment/2015_aba_summary_report_bclaw.pdf,2017-09-09
73,2014,https://www.bc.edu/content/dam/bc1/schools/law/careers/employment/2014%20ABA%20Employment%20Summary%20Report.pdf,2017-09-09
73,2013,N/A,N/A
73,2012,N/A,N/A
73,2011,N/A,N/A
73,2010,N/A,N/A
74,2016,http://hls.harvard.edu/content/uploads/2017/04/ABA-Employment-Summary-for-Class-of-2016-Graduates.pdf,2017-09-11
74,2015,http://hls.harvard.edu/content/uploads/2016/04/ABA-Employment-Summary-for-Class-of-2015-Graduates.pdf,2017-09-11
74,2014,http://hls.harvard.edu/content/uploads/2015/04/ABA-Employment-Summary-for-2014-Graduates-Final.pdf,2017-09-11
74,2013,http://hls.harvard.edu/content/uploads/2014/09/2013_employment_statistics.pdf,2017-09-11
74,2012,http://hls.harvard.edu/content/uploads/2014/09/2012_employment_statistics.pdf,2017-09-11
74,2011,http://hls.harvard.edu/content/uploads/2014/09/2011_employment_statistics.pdf,2017-09-11
74,2010,N/A,N/A
75,2016,http://www1.wne.edu/law/career-services/doc/aba-employmentsummary-2016.pdf,
75,2015,http://www1.wne.edu/law/career-services/doc/EmploymentQuestionnaireSummary.pdf,
75,2014,http://www1.wne.edu/law/career-services/doc/ABA%20profile%20-%20web%202014.pdf,
75,2013,N/A,N/A
75,2012,N/A,N/A
75,2011,N/A,N/A
75,2010,N/A,N/A
76,2016,https://www.law.umich.edu/careers/classstats/Documents/ABASummaryClassof2016.pdf,
76,2015,https://www.law.umich.edu/careers/classstats/Documents/ABASummaryClassof2015.pdf,
76,2014,https://www.law.umich.edu/careers/classstats/Documents/ABASummaryClassof2014.pdf,
76,2013,https://www.law.umich.edu/careers/classstats/Documents/ABASummaryClassof2013.pdf,
76,2012,https://www.law.umich.edu/careers/classstats/Documents/MichiganLawABASummaryClass2012.pdf,
76,2011,https://www.law.umich.edu/careers/classstats/Documents/MLSABAEmploymentSummary2011Grads.pdf,
76,2010,N/A,N/A
77,2016,https://www.law.msu.edu/careers/ABA_employment_summary_class_of_2016.pdf,
77,2015,https://www.law.msu.edu/careers/ABA_employment_summary_class_of_2015.pdf,
77,2014,https://www.law.msu.edu/careers/ABA%20Employment%20Summary%20Class%20of%202014.pdf,
77,2013,https://www.law.msu.edu/careers/ABA%20Employment%20Summary%20Class%20of%202013.pdf,
77,2012,https://www.law.msu.edu/careers/EmploymentSummaryClassof2012.pdf,
77,2011,https://www.law.msu.edu/careers/ABA%20EmploymentSummary-2012-5.pdf,
77,2010,https://www.law.msu.edu/careers/ABA%20EmploymentSummary-2011-3.pdf,
78,2016,http://www.law.udmercy.edu/_files/pdf/career-services/EmploymentStatistics2016.pdf,2017-09-11
78,2015,http://www.law.udmercy.edu/career-services/pdf-images/EmploymentQuestionnaireSummaryFinal2015.pdf,2017-09-11
78,2014,http://www.law.udmercy.edu/_files/pdf/career-services/2014%20Employment%20Statistics.pdf,2017-09-11
78,2013,N/A,N/A
78,2012,N/A,N/A
78,2011,N/A,N/A
78,2010,N/A,N/A
79,2016,https://law.wayne.edu/pdfs/04-11-17_employment_questionnaire_summary_2017.pdf,
79,2015,https://law.wayne.edu/pdfs/aba_employment_summary_report_for_2015_graduates.pdf,
79,2014,https://law.wayne.edu/pdfs/wayne_law_aba_employment_data_for_2014_graduates.pdf,
79,2013,https://law.wayne.edu/pdfs/class_of_2013_aba_employment_report.pdf,
79,2012,N/A,N/A
79,2011,N/A,N/A
79,2010,N/A,N/A
80,2016,https://www.cooley.edu/sites/default/files/media/docs/2017_ABA_Employment_Questionnaire_Summary_FINAL_Submitted_04072017.pdf,
80,2015,https://www.cooley.edu/sites/default/files/media/docs/2016_ABA_EQ_Summary_ALL_FINAL_Submitted04072016FINAL.pdf,
80,2014,https://www.cooley.edu/sites/default/files/media/docs/WMU_TMCLS_Placement_Summary_2014.pdf,
80,2013,N/A,N/A
80,2012,N/A,N/A
80,2011,N/A,N/A
80,2010,N/A,N/A
81,2016,https://www.law.umn.edu/sites/law.umn.edu/files/aba_2016_summary_report.pdf,
81,2015,https://www.law.umn.edu/sites/law.umn.edu/files/aba_employment_summary_for_2015_graduates.pdf,
81,2014,https://www.law.umn.edu/sites/law.umn.edu/files/2014-aba-emplyment-summary.pdf,
81,2013,N/A,N/A
81,2012,N/A,N/A
81,2011,N/A,N/A
81,2010,N/A,N/A
84,2016,https://law.olemiss.edu/assets/ABA-Employment-Summary-for-2016-Graduates.pdf,
84,2015,https://law.olemiss.edu/assets/ABA-REVISED-Employment-Questionnaire.pdf,
84,2014,https://law.olemiss.edu/assets/ABA-EmploymentSummary-Class-of-2014.pdf,
84,2013,https://law.olemiss.edu/assets/class-of-2013-for-ABA-disclosures-2.pdf,
84,2012,N/A,N/A
84,2011,N/A,N/A
84,2010,N/A,N/A
85,2016,http://law.missouri.edu/careers/files/2017/04/ABA-Employment-Questionnaire-Summary-prelim.pdf,
85,2015,https://missouri.box.com/shared/static/aiey7wr04nf6vm39njpx1ipwd8oaah4w.pdf,
85,2014,https://missouri.box.com/shared/static/zwg02bqx6oqvyzc81gjli0jhjbhu83wm.pdf,
85,2013,https://missouri.box.com/shared/static/do0phw01tca1kry7ymu29qssobntj4b3.pdf,
85,2012,https://missouri.box.com/shared/static/d6mr491ck3kc5rv978a6ibjccs9z4otb.pdf,
85,2011,https://missouri.box.com/shared/static/alc30nyahkp9vnzzwb2a6yarcoem14o8.pdf,
85,2010,N/A,N/A
86,2016,N/A,N/A
86,2015,N/A,N/A
86,2014,N/A,N/A
86,2013,N/A,N/A
86,2012,N/A,N/A
86,2011,N/A,N/A
86,2010,N/A,N/A
87,2016,http://law.slu.edu/sites/default/files/aba_required_disclosure_-_class_of_2016_employment_report.pdf,
87,2015,http://law.slu.edu/sites/default/files/aba_required_disclosure_-_class_of_2015_employment_report.pdf,
87,2014,http://law.slu.edu/sites/default/files/employmentsummary-2015_class_of_2014.pdf,
87,2013,http://law.slu.edu/sites/default/files/employmentsummary2013_.pdf,
87,2012,N/A,N/A
87,2011,N/A,N/A
87,2010,N/A,N/A
88,2016,http://law.wustl.edu/career_services/employmentdata/EmploymentSummary-2017.pdf,
88,2015,http://law.wustl.edu/career_services/employmentdata/employmentsummary-2015.pdf,
88,2014,http://law.wustl.edu/admissions/documents/EMPSummaryABAReport2015.pdf,
88,2013,N/A,N/A
88,2012,N/A,N/A
88,2011,N/A,N/A
88,2010,N/A,N/A
89,2016,https://www.umt.edu/law/files/career-services/class-of-2016-employment-report.pdf,
89,2015,https://www.umt.edu/law/files/career-services/class-of-2015-employment-report.pdf,
89,2014,https://www.umt.edu/law/files/career-services/class-of-2014-employment-report.pdf,
89,2013,https://www.umt.edu/law/files/career-services/class-of-2013-employment-report.pdf,
89,2012,https://www.umt.edu/law/files/career-services/class-of-2012-employment-report.pdf,
89,2011,https://www.umt.edu/law/files/career-services/class-of-2011-employment-report.pdf,
89,2010,N/A,N/A
90,2016,http://law.unl.edu/ABA-Employment-Summary-2016.pdf,
90,2015,http://law.unl.edu/documents/ABAEmploymentSummary2015.pdf,
90,2014,http://law.unl.edu/documents/ABAEmploymentStats.pdf,
90,2013,http://law.unl.edu/documents/career_services/aba_employment_summary2013.pdf,
90,2012,http://law.unl.edu/documents/career_services/aba_employment_summary2012.pdf,
90,2011,http://law.unl.edu/documents/career_services/aba_employment_summary_class_of_2011.pdf,
90,2010,N/A,N/A
91,2016,https://law.creighton.edu/sites/law.creighton.edu/files/2016-ABA-EmploymentQuestionnaireSummary.pdf,2017-09-09
91,2015,https://law.creighton.edu/sites/law.creighton.edu/files/UpdatedEmploymentQuestionnaireSummary-91-25062-09-26-201615-29-48.pdf,2017-09-09
91,2014,https://law.creighton.edu/sites/law.creighton.edu/files/ABASummary2014.pdf,2017-09-09
91,2013,https://law.creighton.edu/sites/law.creighton.edu/files/media/ABA_Employment_Data_Report_2013.pdf,2017-09-09
91,2012,https://law.creighton.edu/sites/law.creighton.edu/files/media/ABAEmploymentDataReport-2012.pdf,2017-09-09
91,2011,https://law.creighton.edu/sites/law.creighton.edu/files/media/ABAEmploymentDataReport-2011.pdf,2017-09-09
91,2010,N/A,N/A
92,2016,https://law.unh.edu/sites/default/files/media/employmentquestionnairesummary-2016.pdf,
92,2015,https://law.unh.edu/sites/default/files/media/employment_outcomes_from_aba_-_06-10-2016_15-05-08.pdf,
92,2014,https://law.unh.edu/sites/default/files/media/pdf/aba_employment_summary_for_2014_grads.pdf,
92,2013,https://law.unh.edu/sites/default/files/media/pdf/aba_employment_summary_for_2013_grads.pdf,
92,2012,N/A,N/A
92,2011,N/A,N/A
92,2010,N/A,N/A
95,2016,http://law.shu.edu/Admissions/upload/aba-shls-employment-summary-2016-graduates.pdf,
95,2015,http://law.shu.edu/Admissions/upload/aba-shls-employment-summary-2015-graduates.pdf,
95,2014,http://law.shu.edu/Admissions/upload/aba-shls-employment-summary-2014-graduates.pdf,
95,2013,http://law.shu.edu/Admissions/upload/ABA-Data-Placement-Summary-Class-of-2013-Seton-Hall-Law.pdf,
95,2012,http://law.shu.edu/ProspectiveStudents/upload/ABA-Employment-Summary-SHLS-Dec-17-2013.pdf,
95,2011,N/A,N/A
95,2010,N/A,N/A
96,2016,http://lawschool.unm.edu/careers/common/docs/employment-summary-2016-grads.pdf,
96,2015,http://lawschool.unm.edu/careers/common/docs/employment-summary-2015-grads.pdf,
96,2014,http://lawschool.unm.edu/careers/common/docs/employment-summary-2014-grads.pdf,
96,2013,http://lawschool.unm.edu/careers/common/docs/employment-summary-2013-grads.pdf,
96,2012,N/A,N/A
96,2011,N/A,N/A
96,2010,N/A,N/A
97,2016,http://www.albanylaw.edu/careers/employment-statistics/Documents/ABA%20Employment%20Questionnaire%20-%20Class%20of%202016.pdf,2017-09-08
97,2015,http://www.albanylaw.edu/careers/employment-statistics/Documents/Class%20of%202015%20ABA%20Summary.pdf,2017-09-08
97,2014,http://www.albanylaw.edu/careers/employment-statistics/Documents/ABA%20Employment%20Summary%20for%20Class%20of%202014.pdf,2017-09-08
97,2013,http://www.albanylaw.edu/careers/employment-statistics/Documents/ABA%20Employment%20Summary%20-%20Class%20of%202013.pdf,2017-09-08
97,2012,http://www.albanylaw.edu/about/employment/Documents/ABA%20EmploymentSummary%20-%20Class%20of%202012.pdf,2017-09-08
97,2011,N/A,N/A
97,2010,N/A,N/A
98,2016,http://www.law.buffalo.edu/content/dam/law/restricted-assets/pdf/about/es16.pdf,
98,2015,http://www.law.buffalo.edu/content/dam/law/restricted-assets/pdf/about/es15.pdf,
98,2014,http://www.law.buffalo.edu/content/dam/law/restricted-assets/pdf/about/es14.pdf,
98,2013,http://www.law.buffalo.edu/content/dam/law/restricted-assets/pdf/about/es13.pdf,
98,2012,http://www.law.buffalo.edu/content/dam/law/restricted-assets/pdf/about/es12.pdf,
98,2011,N/A,N/A
98,2010,N/A,N/A
99,2016,http://www.lawschool.cornell.edu/careers/aboutus/upload/2016-ABA-Employment-Summary.pdf,2017-09-09
99,2015,http://www.lawschool.cornell.edu/careers/aboutus/upload/2015-ABA-Graduate-Employment-Data.pdf,2017-09-09
99,2014,http://www.lawschool.cornell.edu/careers/aboutus/upload/ABA-Class-of-2014-Summary.pdf,2017-09-09
99,2013,http://www.lawschool.cornell.edu/careers/aboutus/upload/ABA_GradEmployment2013.pdf,2017-09-09
99,2012,http://www.lawschool.cornell.edu/careers/aboutus/upload/2012-Grad-Stats.pdf,2017-09-09
99,2011,http://www.lawschool.cornell.edu/careers/aboutus/upload/2011-Grad-Stats-2.pdf,2017-09-09
99,2010,http://www.lawschool.cornell.edu/careers/aboutus/upload/2010finalstats-2.pdf,2017-09-09
100,2016,https://www.brooklaw.edu/-/media/PDF/Careers/2016_ABA_Employment_Summary.pdf?la=en&hash=6E97ACF68B01856A7E166881C1BC9139DCFB835C,2017-09-09
100,2015,https://www.brooklaw.edu/-/media/PDF/Careers/2015_ABA_Employment_Summary.pdf?la=en&hash=51B6FB50C45D26609C168DC7F5FEAAE23AC2CC2E,2017-09-09
100,2014,https://www.brooklaw.edu/-/media/PDF/Careers/2014_ABA_Employment_Summary.pdf?la=en&hash=FF5B83ACF394F0AAA6C0E51DE9E11ADC891E572A,2017-09-09
100,2013,https://www.brooklaw.edu/-/media/PDF/Careers/2013_ABA_Employment_Summary.pdf?la=en&hash=BD947CAD9583E04A8CF27B7AF57BB5CE323B3091,2017-09-09
100,2012,N/A,N/A
100,2011,N/A,N/A
100,2010,N/A,N/A
101,2016,http://www.law.columbia.edu/sites/default/files/microsites/career-services/files/employmentquestionnairesummary_2017_final.pdf,2017-09-09
101,2015,http://www.law.columbia.edu/sites/default/files/microsites/careers/files/2015_aba_employment_summary.pdf,2017-09-09
101,2014,http://www.law.columbia.edu/sites/default/files/microsites/careers/files/2014_aba_employment_summary.pdf,2017-09-09
101,2013,N/A,N/A
101,2012,N/A,N/A
101,2011,N/A,N/A
101,2010,N/A,N/A
102,2016,https://www.fordham.edu/download/downloads/id/8087/class_of_2016_at_10_months.pdf,2017-09-09
102,2015,https://www.fordham.edu/download/downloads/id/5271/class_of_2015_at_10_months.pdf,2017-09-09
102,2014,https://www.fordham.edu/download/downloads/id/1166/class_of_2014_at_10_months.pdf,2017-09-09
102,2013,N/A,N/A
102,2012,N/A,N/A
102,2011,N/A,N/A
102,2010,N/A,N/A
103,2016,https://law.hofstra.edu/_site_support/files/pdf/academics/careerservices/employmentstatistics/classof2016/employment-statistics-for-the-class-of-2016.pdf,2017-09-11
103,2015,https://law.hofstra.edu/_site_support/files/pdf/academics/careerservices/employmentstatistics/classof2015/employment-statistics-for-the-class-of-2015.pdf,2017-09-11
103,2014,https://law.hofstra.edu/_site_support/files/pdf/academics/careerservices/employmentstatistics/classof2014/employment-statistics-for-the-class-of-2014.pdf,2017-09-11
103,2013,N/A,N/A
103,2012,N/A,N/A
103,2011,N/A,N/A
103,2010,N/A,N/A
104,2016,http://www.nyls.edu/about_the_school/wp-content/uploads/sites/145/2013/07/Class-of-2016-Employment-Statistics.pdf,
104,2015,http://www.nyls.edu/news-and-events/wp-content/uploads/sites/163/2016/11/EmploymentQuestionnaireSummary-2015-Graduates.pdf,
104,2014,http://www.nyls.edu/about_the_school/wp-content/uploads/sites/145/2015/04/EmploymentQuestionnaireSummary-2014-Grads.pdf,
104,2013,N/A,N/A
104,2012,N/A,N/A
104,2011,N/A,N/A
104,2010,N/A,N/A
105,2016,http://www.law.nyu.edu/sites/default/files/upload_documents/ABA%20Employment%20Summary-Class%20of%202016.pdf,
105,2015,http://www.law.nyu.edu/sites/default/files/NYULaw-ABA-Report-Employment-Summary-2015-Graduates.pdf,
105,2014,http://www.law.nyu.edu/sites/default/files/NYULawABAReportEmploymentSummary2014Graduates.pdf,
105,2013,N/A,N/A
105,2012,N/A,N/A
105,2011,N/A,N/A
105,2010,N/A,N/A
106,2016,http://www.stjohns.edu/sites/default/files/st._johns_2016_aba_final_summary.pdf,
106,2015,http://www.stjohns.edu/sites/default/files/st._johns_class_of_2015_employment_aba.pdf,
106,2014,http://www.stjohns.edu/sites/default/files/law/sju_law_class_of_2014_aba_final_employment_summary_-_post_update.pdf,
106,2013,http://www.stjohns.edu/sites/default/files/documents/law/aba-placement-2013.pdf,
106,2012,http://www.stjohns.edu/sites/default/files/st._johns_aba_employment_summary_-_class_of_2012.pdf,
106,2011,http://www.stjohns.edu/sites/default/files/documents/law/aba_placement_questionnaire_-_data_submitted_on_placement_for_class_of_2011_march_15_2012.pdf,
106,2010,N/A,N/A
107,2016,http://law.syr.edu/uploads/docs/career-services/EmploymentQuestionnaireSummary-Class_of_2016.pdf,
107,2015,http://law.syr.edu/uploads/docs/career-services/Class_of_2015_ABA_Employment_Summary.pdf,
107,2014,http://law.syr.edu/uploads/docs/career-services/ABA_EmploymentQuestionnaireSummary_2014.pdf,
107,2013,http://law.syr.edu/uploads/docs/ABA_Employment_Summary_03-13-2014.pdf,
107,2012,http://law.syr.edu/uploads/docs/ABA_Employment_Summary-SU_Law_Class_of_2012.pdf,
107,2011,N/A,N/A
107,2010,N/A,N/A
108,2016,http://www.law.unc.edu/documents/career/employmentdata/abareport2016v2.pdf,
108,2015,http://www.law.unc.edu/documents/career/employmentdata/abareport2015.pdf,
108,2014,http://www.law.unc.edu/documents/career/employmentdata/abareport2014.pdf,
108,2013,http://www.law.unc.edu/documents/career/employmentdata/abareport2013.pdf,
108,2012,N/A,N/A
108,2011,N/A,N/A
108,2010,N/A,N/A
109,2016,https://law.duke.edu/sites/default/files/career/abareport-class2016v2.pdf,2017-09-11
109,2015,https://law.duke.edu/sites/default/files/career/ABAReport-Class2015.pdf,2017-09-11
109,2014,https://law.duke.edu/sites/default/files/career/ABAReport-Class2014.pdf,2017-09-11
109,2013,N/A,N/A
109,2012,N/A,N/A
109,2011,N/A,N/A
109,2010,N/A,N/A
110,2016,http://law.nccu.edu/wordpress/wp-content/uploads/2013/04/2016-Graduate-ABA-Report.pdf,
110,2015,http://law.nccu.edu/wordpress/wp-content/uploads/2013/04/ABA-Employment-Profile-2015.pdf,
110,2014,http://law.nccu.edu/wordpress/wp-content/uploads/2013/04/Class-of-2014-ABA-Employment-Report.pdf,
110,2013,N/A,N/A
110,2012,N/A,N/A
110,2011,N/A,N/A
110,2010,N/A,N/A
111,2016,http://career.law.wfu.edu/files/2017/04/EmploymentQuestionnaireSummary2016_FINAL.pdf,
111,2015,http://career.law.wfu.edu/files/2016/08/UPDATE-SEQPlacementSummary2015andLessthan2015.pdf,
111,2014,http://career.law.wfu.edu/files/2015/04/EmploymentQuestionnaireSummaryABA2015.pdf,
111,2013,http://career.law.wfu.edu/files/2014/03/ABA-EmploymentSummary-Class-of-2013.pdf,
111,2012,http://career.law.wfu.edu/files/2013/04/EmploymentSummary-2012.pdf,
111,2011,N/A,N/A
111,2010,N/A,N/A
112,2016,https://law.und.edu/_files/docs/other/und-law-aba-employment-2016-e.pdf,
112,2015,https://law.und.edu/_files/docs/other/und-law-aba-employment-2015.pdf,
112,2014,https://law.und.edu/_files/docs/other/und-law-aba-employment-2014.pdf,
112,2013,https://law.und.edu/_files/docs/other/und-law-aba-employment-2013.pdf,
112,2012,https://law.und.edu/_files/docs/other/und-law-aba-employment-2012.pdf,
112,2011,https://law.und.edu/_files/docs/other/und-law-aba-placement-2011.pdf,
112,2010,https://law.und.edu/_files/docs/other/und-law-aba-placement-2010.pdf,
113,2016,http://law.onu.edu/sites/default/files/class_of_2016_employment_summary.pdf,
113,2015,https://law.onu.edu/sites/default/files/2015_employmentquestionairecummary.pdf,
113,2014,http://law.onu.edu/sites/default/files/aba_employment_report_2014.pdf,
113,2013,http://law.onu.edu/sites/default/files/aba_2013_1_0.png,
113,2012,http://law.onu.edu/sites/default/files/2012_employmentquestionnairesummary.pdf,
113,2011,http://law.onu.edu/sites/default/files/2011_employmentquestionnairesummary.pdf,
113,2010,N/A,N/A
114,2016,https://www.uakron.edu/law/docs/2017-08-24.employment-report.pdf,2017-09-08
114,2015,https://www.uakron.edu/law/docs/2015_EmploymentSummary.pdf,2017-09-08
114,2014,https://www.uakron.edu/law/docs/2015-4-27-employmentSurvey-ver2.pdf,2017-09-08
114,2013,https://www.uakron.edu/law/docs/EmploymentSummary-2014[1].pdf,2017-09-08
114,2012,https://www.uakron.edu/law/docs/EmploymentSummary-2013[2].pdf,2017-09-08
114,2011,https://www.uakron.edu/law/docs/EmploymentSummary-2012[1].pdf,2017-09-08
114,2010,N/A,N/A
115,2016,https://www.law.uc.edu/sites/default/files/ABAEmployment-Statistics-2016.pdf,2017-09-09
115,2015,https://www.law.uc.edu/sites/default/files/2015EmploymentQuestionnaireSummary-115-1259-04-06-2016%2015-29-18.pdf,2017-09-09
115,2014,https://www.law.uc.edu/sites/default/files/ABA%202014%20Employment%20Outcomes%20Chart.pdf,2017-09-09
115,2013,https://www.law.uc.edu/sites/default/files/ABA%20Employment%20Summary%2003%2017%2014.pdf,2017-09-09
115,2012,https://www.law.uc.edu/sites/default/files/EmploymentSummary-2013%20%281%29.pdf,2017-09-09
115,2011,N/A,N/A
115,2010,N/A,N/A
116,2016,https://www.law.csuohio.edu/sites/default/files/careerplanning/final_cmlaw_employmentsummary-2017.pdf,2017-09-09
116,2015,https://www.law.csuohio.edu/sites/default/files/careerplanning/eq_report-no_watermark.pdf,2017-09-09
116,2014,https://www.law.csuohio.edu/sites/default/files/careerplanning/employmentquestionnairesummary-final-7.24.15.pdf,2017-09-09
116,2013,https://www.law.csuohio.edu/sites/default/files/careerplanning/aba-summary-report-final-4.30.14.pdf,2017-09-09
116,2012,https://www.law.csuohio.edu/sites/default/files/careerplanning/aba2012employmentsummary.pdf,2017-09-09
116,2011,N/A,N/A
116,2010,N/A,N/A
117,2016,http://law.case.edu/Portals/0/Documents/ABA_Employment_Summary_Class_of_2016.pdf,2017-09-09
117,2015,http://law.case.edu/Portals/0/Documents/ABA_Employment_Summary_Class_of_2015.pdf,2017-09-09
117,2014,http://law.case.edu/Portals/0/Documents/ABA_Employment_Summary_Class_of_2014.pdf,2017-09-09
117,2013,N/A,N/A
117,2012,N/A,N/A
117,2011,N/A,N/A
117,2010,N/A,N/A
118,2016,http://law.capital.edu/WorkArea/DownloadAsset.aspx?id=36846,2017-09-09
118,2015,http://law.capital.edu/WorkArea/DownloadAsset.aspx?id=36077,2017-09-09
118,2014,http://law.capital.edu/WorkArea/DownloadAsset.aspx?id=35036,2017-09-09
118,2013,http://law.capital.edu/WorkArea/DownloadAsset.aspx?id=33327,2017-09-09
118,2012,http://law.capital.edu/WorkArea/DownloadAsset.aspx?id=30179,2017-09-09
118,2011,http://law.capital.edu/2011ABASummaryReport/,2017-09-09
118,2010,http://law.capital.edu/2010ABASummaryReport/,2017-09-09
119,2016,http://moritzlaw.osu.edu/careers/wp-content/uploads/sites/13/2017/04/Class-of-2016-ABA-Report.pdf,
119,2015,http://moritzlaw.osu.edu/careers/wp-content/uploads/sites/13/2016/04/Class-of-2015-ABA-Report1.pdf,
119,2014,http://moritzlaw.osu.edu/careers/wp-content/uploads/sites/13/2015/04/Class-of-2014-ABA-Report.pdf,
119,2013,N/A,N/A
119,2012,N/A,N/A
119,2011,N/A,N/A
119,2010,N/A,N/A
120,2016,http://www.utoledo.edu/law/career-services/pdf/Classof2016ABAEmploymentSummary.pdf,
120,2015,http://www.utoledo.edu/law/career-services/pdf/Classof2015EmploymentSummary.pdf,
120,2014,http://www.utoledo.edu/law/career-services/pdf/Classof2014ABAEmploymentSummary.pdf,
120,2013,http://www.utoledo.edu/law/career-services/pdf/Classof2013ABAEmploymentSummary.pdf,
120,2012,http://www.utoledo.edu/law/career-services/pdf/Classof2012ABAEmploymentSummary.pdf,
120,2011,N/A,N/A
120,2010,N/A,N/A
121,2016,https://udayton.edu/law/_resources/documents/career_services/employment_stats/aba_employment_summary_for_2016_grads.pdf,2017-09-09
121,2015,https://udayton.edu/law/_resources/documents/career_services/employment_stats/aba_employment_summary_for_2015_grads.pdf,2017-09-09
121,2014,https://udayton.edu/law/_resources/documents/career_services/employment_stats/aba_employment_summary_for_2014_grads.pdf,2017-09-09
121,2013,https://udayton.edu/law/_resources/documents/career_services/employment_stats/aba_employment_summary_for_2013_grads.pdf,2017-09-09
121,2012,https://udayton.edu/law/_resources/documents/career_services/employment_stats/aba_employment_summary_for_2012_grads.pdf,2017-09-09
121,2011,https://udayton.edu/law/_resources/documents/career_services/employment_stats/aba_employment_summary-2011.pdf,2017-09-09
121,2010,https://udayton.edu/law/_resources/documents/career_services/employment_stats/aba_employment_summary-2010.pdf,2017-09-09
122,2016,http://www.law.ou.edu/sites/default/files/ou_law_aba_employment_2016.pdf,
122,2015,http://www.law.ou.edu/sites/default/files/ou_law_aba_employment_2015.pdf,
122,2014,http://www.law.ou.edu/sites/default/files/ou_law_aba_employment_2014.pdf,
122,2013,http://www.law.ou.edu/sites/default/files/ou_law_aba_employment_2013_0.pdf,
122,2012,http://www.law.ou.edu/sites/default/files/ou_law_aba_employment_2012.pdf,
122,2011,http://www.law.ou.edu/sites/default/files/ou_law_aba_employment_2011.pdf,
122,2010,N/A,N/A
123,2016,http://law.okcu.edu/wp-content/uploads/2010/06/ABA-Employment-Summary-for-2016-Graduates.pdf,
123,2015,http://law.okcu.edu/wp-content/uploads/2016/05/ABA-Employment-Summary-for-2015-Graduates-Rev.pdf,
123,2014,http://law.okcu.edu/wp-content/uploads/2015/04/EmploymentQuestionnaireSummary-123-3190-04-14-2015-13-45-24.pdf,
123,2013,http://law.okcu.edu/wp-content/uploads/2014/03/2013-employment-summary-031414.pdf,
123,2012,http://law.okcu.edu/wp-content/uploads/2013/12/ABA-Employment-Summary-Report-Class-of-2012.pdf,
123,2011,http://law.okcu.edu/wp-content/uploads/2010/06/ABA-Class-of-2011-Summary.pdf,
123,2010,http://law.okcu.edu/wp-content/uploads/2013/03/ABA-Employment-Summary-Report-Class-of-2010.pdf,
123,2009,http://law.okcu.edu/wp-content/uploads/2010/06/ABA-Employment-Summary-Report-Class-of-2009.pdf,
124,2016,https://45e2ly1gtqp9jmqme2fiw751-wpengine.netdna-ssl.com/wp-content/uploads/sites/3/2017/04/ABA-EmploymentQuestionnaireSummary-April-6-2017.pdf,
124,2015,https://45e2ly1gtqp9jmqme2fiw751-wpengine.netdna-ssl.com/wp-content/uploads/sites/3/2014/12/ABA-2015-EmploymentQuestionnaireSummary-124-25029-04-04-2016-11-51-23.pdf,
124,2014,https://45e2ly1gtqp9jmqme2fiw751-wpengine.netdna-ssl.com/wp-content/uploads/sites/3/2014/12/University-of-Tulsa-College-of-Law-2014-ABA-Employment-Summary.pdf,
124,2013,https://45e2ly1gtqp9jmqme2fiw751-wpengine.netdna-ssl.com/wp-content/uploads/sites/3/2014/12/2013EmploymentSummary.pdf,
124,2012,https://45e2ly1gtqp9jmqme2fiw751-wpengine.netdna-ssl.com/wp-content/uploads/sites/3/2017/04/ABA-2012.pdf,
124,2011,N/A,N/A
124,2010,N/A,N/A
125,2016,https://law.uoregon.edu/images/uploads/entries/2017_ABA_EQ_Summary.pdf,
125,2015,https://law.uoregon.edu/images/uploads/entries/Oregon_Law_Employment_Summary_-_2015_Graduates.pdf,
125,2014,https://law.uoregon.edu/images/uploads/entries/Employment_summary_-_Class_of_2014.pdf,
125,2013,N/A,N/A
125,2012,N/A,N/A
125,2011,N/A,N/A
125,2010,N/A,N/A
126,2016,http://law.lclark.edu/live/files/23890-aba-employment-summary-class-of-2016,
126,2015,http://law.lclark.edu/live/files/21608-aba-employment-summary-class-of-2015pdf,
126,2014,http://law.lclark.edu/live/files/19196-class-of-2014-aba-employment-survey-summary,
126,2013,http://law.lclark.edu/live/files/16614-aba-employment-summary-class-of-2013,
126,2012,http://law.lclark.edu/live/files/10885-aba-placement-summary-2012-scanpdf,
126,2011,N/A,N/A
126,2010,N/A,N/A
127,2016,http://willamette.edu/law/pdf/careers/aba-employment-summary-2016.pdf,
127,2015,http://willamette.edu/law/pdf/careers/aba-employment-summary-2015.pdf,
127,2014,http://willamette.edu/law/pdf/careers/aba-employment-summary-2014.pdf,
127,2013,http://willamette.edu/law/pdf/careers/aba-employment-summary-2013.pdf,
127,2012,http://willamette.edu/law/pdf/careers/aba-employment-summary-2012.pdf,
127,2011,N/A,N/A
127,2010,N/A,N/A
129,2016,https://www.law.temple.edu/site/wp-content/uploads/Temple-Law-ABA-Summary-Report-2016.pdf,
129,2015,http://www.law.temple.edu/site/wp-content/uploads/Temple-Law-2015-ABA-Employment-Report.pdf,
129,2014,http://www.law.temple.edu/site/wp-content/uploads/2015/04/Temple-Law-FINAL-2014-ABA-Report-Spring-2015.pdf,
129,2013,http://www.law.temple.edu/site/wp-content/uploads/2015/02/Temple-Law-ABA-Summary-Report-2013.pdf,
129,2012,http://www.law.temple.edu/site/wp-content/uploads/2015/02/Temple-Law-ABA-Summary-Report-2012.pdf,
129,2011,http://www.law.temple.edu/site/wp-content/uploads/2015/02/Temple-Law-ABA-Summary-Report-2011.pdf,
129,2010,N/A,N/A
130,2016,https://www.law.upenn.edu/live/files/6443-penn-law-class-of-2016-aba-employment-data,
130,2015,https://www.law.upenn.edu/live/files/5483-penn-law-class-of-2015-aba-employment-datapdf,
130,2014,https://www.law.upenn.edu/live/files/4303-class-of-2014-aba-data-for-websitepdf,
130,2013,https://www.law.upenn.edu/live/files/3019-class-of-2013-aba-statisticspdf,
130,2012,https://www.law.upenn.edu/live/files/1827-class-of-2012-aba-statistics,
130,2011,N/A,N/A
130,2010,N/A,N/A
131,2016,http://law.duq.edu/sites/default/files/documents/CareerServices/ABA%20Summary%20Class%20of%202016%20REVISED.pdf,2017-09-11
131,2015,http://law.duq.edu/sites/default/files/documents/CareerServices/2015%20-%20Career%20Statatistics%20-%20ABA%20Employment%20Summary.pdf,2017-09-11
131,2014,http://law.duq.edu/sites/default/files/documents/CareerServices/EmploymentQuestionnaireSummary-131-131-04-28-2015%2009-32-21.pdf,2017-09-11
131,2013,N/A,N/A
131,2012,N/A,N/A
131,2011,N/A,N/A
131,2010,N/A,N/A
132,2016,http://law.pitt.edu/sites/default/files/files/aba_employment_summary_for_class_of_2016.pdf,
132,2015,http://law.pitt.edu/sites/default/files/node/22641/files/aba_employment_2015.pdf,
132,2014,http://law.pitt.edu/sites/default/files/node/22641/files/aba_employment_2014.pdf,
132,2013,N/A,N/A
132,2012,N/A,N/A
132,2011,N/A,N/A
132,2010,N/A,N/A
133,2016,http://www1.villanova.edu/content/dam/villanova/law/documents/forms/Careers/EmploymentDataClassof2016.pdf,
133,2015,http://www1.villanova.edu/content/dam/villanova/law/documents/forms/Careers/EmploymentQuestionnaireSummary-Final-Class-of-2015.pdf,
133,2014,http://www1.villanova.edu/content/dam/villanova/law/documents/forms/Careers/EmploymentQuestionnaireSummary-Final%20Class%20of%202014.pdf,
133,2013,N/A,N/A
133,2012,N/A,N/A
133,2011,N/A,N/A
133,2010,N/A,N/A
134,2016,N/A,N/A
134,2015,N/A,N/A
134,2014,N/A,N/A
134,2013,N/A,N/A
134,2012,N/A,N/A
134,2011,N/A,N/A
134,2010,N/A,N/A
135,2016,N/A,N/A
135,2015,N/A,N/A
135,2014,N/A,N/A
135,2013,N/A,N/A
135,2012,N/A,N/A
135,2011,N/A,N/A
135,2010,N/A,N/A
136,2016,N/A,N/A
136,2015,N/A,N/A
136,2014,N/A,N/A
136,2013,N/A,N/A
136,2012,N/A,N/A
136,2011,N/A,N/A
136,2010,N/A,N/A
137,2016,http://sc.edu/study/colleges_schools/law/docs/employmentsummary_2016_graduates.pdf,
137,2015,http://sc.edu/study/colleges_schools/law/docs/employmentsummary_2015_graduates.pdf,
137,2014,http://sc.edu/study/colleges_schools/law/docs/employmentsummary_2014_graduates.pdf,
137,2013,http://sc.edu/study/colleges_schools/law/docs/employmentsummary_2013_graduates.pdf,
137,2012,http://sc.edu/study/colleges_schools/law/docs/employmentsummary_2012_graduates.pdf,
137,2011,http://sc.edu/study/colleges_schools/law/docs/employmentsummary_2011_graduates.pdf,
137,2010,http://sc.edu/study/colleges_schools/law/docs/employmentsummary_2010_graduates.pdf,
138,2016,http://www.usd.edu/-/media/files/law/2016abaemploymentoutcomes-summary.ashx?la=en,
138,2015,http://www.usd.edu/-/media/files/law/eq2015.ashx?la=en,
138,2014,http://www.usd.edu/-/media/files/law/class2014employmentsummary.ashx?la=en,
138,2013,http://www.usd.edu/-/media/files/law/class2013employmentsummary.ashx?la=en,
138,2012,N/A,N/A
138,2011,N/A,N/A
138,2010,N/A,N/A
139,2016,http://law.utk.edu/wp-content/uploads/2017/04/Employment-Questionnaire-Summary-updated-4-7-17.pdf,
139,2015,http://law.utk.edu/wp-content/uploads/2016/04/2015-ABA-Employment-Summary.pdf,
139,2014,http://law.utk.edu/wp-content/uploads/2015/04/2014-ABA-Employment-Summary.pdf,
139,2013,http://law.utk.edu/wp-content/uploads/2015/01/2014-ABA-Employment-Questionnaire-Summary.pdf,
139,2012,http://law.utk.edu/wp-content/uploads/2015/01/EmploymentSummary2013.pdf,
139,2011,http://law.utk.edu/wp-content/uploads/2015/01/2011-ABA-Employment-Summary.pdf,
139,2010,N/A,N/A
140,2016,http://www.memphis.edu/law/documents/classof2016employment.pdf,
140,2015,http://www.memphis.edu/law/documents/aba-employmentquestionnaire-2015.pdf,
140,2014,http://www.memphis.edu/law/documents/aba-04-13-15.pdf,
140,2013,N/A,N/A
140,2012,N/A,N/A
140,2011,N/A,N/A
140,2010,N/A,N/A
141,2016,https://law.vanderbilt.edu/2016-EmploymentSummary.pdf,
141,2015,https://law.vanderbilt.edu/2015-EmploymentSummary.pdf,
141,2014,https://law.vanderbilt.edu/2014-EmploymentSummary.pdf,
141,2013,https://law.vanderbilt.edu/employers-cs/2013-EmploymentSummary.pdf,
141,2012,N/A,N/A
141,2011,N/A,N/A
141,2010,N/A,N/A
142,2016,https://law.utexas.edu/wp-content/uploads/sites/4/2017/04/ABA-Employment-Summary-Classof2016.pdf,
142,2015,https://law.utexas.edu/wp-content/uploads/sites/4/2016/04/ABA-Employment-Summary-Classof2015.pdf,
142,2014,https://law.utexas.edu/wp-content/uploads/sites/4/2015/04/ABA-2014.pdf,
142,2013,N/A,N/A
142,2012,N/A,N/A
142,2011,N/A,N/A
142,2010,N/A,N/A
143,2016,http://www.law.smu.edu/getattachment/Career-Services/Employment-Data/Class-of-2016-ABA-EmploymentQuestionnaireSummary-for-website.pdf,
143,2015,http://www.law.smu.edu/getattachment/Career-Services/Employment-Data/Class-of-2015-Employment-Questionnaire-Summary-4-11-16.pdf,
143,2014,http://www.law.smu.edu/linkable-documents/aba-employment-summary-class-of-2014.aspx,
143,2013,http://www.law.smu.edu/linkable-documents/aba-employment-summary-class-of-2013.aspx,
143,2012,N/A,N/A
143,2011,N/A,N/A
143,2010,N/A,N/A
144,2016,http://www.law.uh.edu/career/employment-statistics/ABA%20Employment%20Summary%20for%20the%20Class%20of%202016.pdf,2017-09-11
144,2015,http://www.law.uh.edu/career/employment-statistics/ABA%20Employment%20Questionnaire%20Summary%202015.pdf,2017-09-11
144,2014,http://www.law.uh.edu/career/employment-statistics/EmploymentSummary-2014.pdf,2017-09-11
144,2013,N/A,N/A
144,2012,N/A,N/A
144,2011,N/A,N/A
144,2010,N/A,N/A
145,2016,N/A,N/A
145,2015,http://www.stcl.edu/wp-content/uploads/2016/02/EmploymentQuestionnaireSummary-6-2016.pdf,
145,2014,http://www.stcl.edu/wp-content/uploads/2016/02/EmploymentQuestionnaireSummary-class-of-2014.pdf,
145,2013,http://www.stcl.edu/wp-content/uploads/2016/02/ABA_Class_of_2013_Employment_Data.pdf,
145,2012,N/A,N/A
145,2011,N/A,N/A
145,2010,N/A,N/A
146,2016,http://www.tsulaw.edu/EmploymentQuestionnaireSummary-146-146-04-07-2017%2013-26-54.pdf,
146,2015,http://www.tsulaw.edu/2016EmploymentQuestionnaireSummary.pdf,
146,2014,http://www.tsulaw.edu/life/EmploymentQuestionnaireSummary%202015%20(Final%20-%20042815).pdf,
146,2013,N/A,N/A
146,2012,N/A,N/A
146,2011,N/A,N/A
146,2010,N/A,N/A
147,2016,https://www.depts.ttu.edu/law/career-services/docs/EmploymenQuestionnaieSummary147-147-04-05-2017_13-35-21April2017.pdf,
147,2015,https://www.depts.ttu.edu/law/career-services/docs/employmenQuestionnairSummary-147-3171-04-07-2016_12-17-52.pdf,
147,2014,https://www.depts.ttu.edu/law/career-services/docs/employmenQuestionnaireSummaryClassof2014.pdf,
147,2013,N/A,N/A
147,2012,N/A,N/A
147,2011,N/A,N/A
147,2010,N/A,N/A
148,2016,N/A,N/A
148,2015,https://law.stmarytx.edu/wp-content/uploads/2016/07/ABA-Employment-Questionnaire-Summary-2015.pdf,
148,2014,https://law.stmarytx.edu/wp-content/uploads/2016/07/2014-employment-summary.pdf,
148,2013,https://law.stmarytx.edu/wp-content/uploads/2016/07/2013-employment-summary.pdf,
148,2012,https://law.stmarytx.edu/wp-content/uploads/2016/07/2012-employment-summary.pdf,
148,2011,https://law.stmarytx.edu/wp-content/uploads/2016/07/2011-employment-summary.pdf,
148,2010,N/A,N/A
149,2016,http://www.baylor.edu/content/services/document.php/285845.pdf,2017-09-09
149,2015,http://www.baylor.edu/content/services/document.php/262323.pdf,2017-09-09
149,2014,http://www.baylor.edu/content/services/document.php/242557.pdf,2017-09-09
149,2013,http://www.baylor.edu/content/services/document.php/226844.pdf,2017-09-09
149,2012,http://www.baylor.edu/content/services/document.php/197326.pdf,2017-09-09
149,2011,http://www.baylor.edu/content/services/document.php/179074.pdf,2017-09-09
149,2010,N/A,N/A
150,2016,http://law.byu.edu/cso/files/2016_employ.pdf,2017-09-09
150,2015,http://law.byu.edu/cso/files/2015_employ.pdf,2017-09-09
150,2014,http://law.byu.edu/cso/files/2014_employ.pdf,2017-09-09
150,2013,N/A,N/A
150,2012,N/A,N/A
150,2011,N/A,N/A
150,2010,N/A,N/A
151,2016,https://app.box.com/s/rcm259r18bkk0ibjkx8gebvx9izv52by,
151,2015,https://app.box.com/s/wg5w4s2565ik6vjvo9siygg2rkk5m1re,
151,2014,https://app.box.com/s/0k24bowgmtr8fiyreei22tvkvuxblwa9,
151,2013,https://app.box.com/s/rot4p16t1sch0zjq1a39,
151,2012,https://app.box.com/s/6nkoqa7di7sqxm8luegy,
151,2011,N/A,N/A
151,2010,N/A,N/A
152,2016,https://www.vermontlaw.edu/sites/default/files/Assets/Career-Services/ABA_EmploymentSummary_2016Graduates.pdf,
152,2015,https://www.vermontlaw.edu/sites/default/files/Assets/Career-Services/ABA_EmploymentSummary_2015Graduates.pdf,
152,2014,https://www.vermontlaw.edu/sites/default/files/Assets/directories/ABAQuestionnaireClassOf2014SummaryReport.pdf,
152,2013,https://www.vermontlaw.edu/sites/default/files/Assets/directories/ABAEmploymentSummaryClassOf2013.pdf,
152,2012,https://www.vermontlaw.edu/sites/default/files/Assets/directories/ABAReportClassOf2012Mar2013.pdf,
152,2011,N/A,N/A
152,2010,N/A,N/A
153,2016,https://content.law.virginia.edu/system/files/career/2016employment.pdf,
153,2015,https://content.law.virginia.edu/system/files/career/2015employment.pdf,
153,2014,https://content.law.virginia.edu/system/files/career/2014employment.pdf,
153,2013,N/A,N/A
153,2012,N/A,N/A
153,2011,N/A,N/A
153,2010,N/A,N/A
155,2016,http://law2.wlu.edu/admissions/nalp/ABAEmploymentSummary2017.pdf,
155,2015,http://law2.wlu.edu/admissions/nalp/ABAEmploymentSummary2016.pdf,
155,2014,http://law2.wlu.edu/admissions/nalp/ABAEmploymentSummary2015.pdf,
155,2013,N/A,N/A
155,2012,N/A,N/A
155,2011,N/A,N/A
155,2010,N/A,N/A
156,2016,http://law.richmond.edu/admissions/PDF/aba-employment-2016.pdf,
156,2015,http://law.richmond.edu/admissions/PDF/aba-employment-2015.pdf,
156,2014,http://law.richmond.edu/admissions/PDF/Class%20of%202014%20ABA%20Employment%20Summary.pdf,
156,2013,http://law.richmond.edu/docs/cdo/aba-employment-summary-2013.pdf,
156,2012,http://law.richmond.edu/docs/cdo/aba-employment-summary-2012.pdf,
156,2011,N/A,N/A
156,2010,N/A,N/A
157,2016,http://law.wm.edu/careerservices/documents/class_of_2016_aba_summary.pdf,
157,2015,http://law.wm.edu/careerservices/documents/class_of_2015_aba_summary.pdf,
157,2014,http://law.wm.edu/careerservices/employmentoutcomes/aba_classof2014_employment_summary.pdf,
157,2013,N/A,N/A
157,2012,N/A,N/A
157,2011,N/A,N/A
157,2010,N/A,N/A
158,2016,https://www.law.washington.edu/career/employmentsummary2016.pdf,
158,2015,https://www.law.washington.edu/career/employmentsummary2015.pdf,
158,2014,https://www.law.washington.edu/career/employmentsummary2014.pdf,
158,2013,N/A,N/A
158,2012,N/A,N/A
158,2011,N/A,N/A
158,2010,N/A,N/A
159,2016,https://www.law.gonzaga.edu/files/ABA-Employment-Summary-for-2016-graduates.pdf,2017-09-11
159,2015,https://www.law.gonzaga.edu/files/EmploymentQuestionnaireSummary-159-159-04-15-2016-11-44-20-135121.pdf,2017-09-11
159,2014,N/A,N/A
159,2013,https://www.law.gonzaga.edu/files/2013-Employment-Report.pdf,2017-09-11
159,2012,https://www.law.gonzaga.edu/files/EmploymentSummary-2012.pdf,2017-09-11
159,2011,https://www.law.gonzaga.edu/files/EmploymentSummary-2011.pdf,2017-09-11
159,2010,https://www.law.gonzaga.edu/files/EmploymentSummary-2010.pdf,2017-09-11
161,2016,http://www.law.wvu.edu/files/d/9d4cf1c5-77b4-463d-a2c7-e06fa6878cf8/2016-employment-questionnaire-summary.pdf,
161,2015,http://www.law.wvu.edu/files/d/a9be0845-0ae3-4780-9460-f81a29544561/employmentquestionnairesummary-2015-4-13-16.pdf,
161,2014,http://www.law.wvu.edu/files/d/2e02f721-8422-47cd-9bd7-3f9118885a0b/aba-employment-summary-class2014.pdf,
161,2013,http://www.law.wvu.edu/files/d/9c63e5c8-f216-4edb-b22a-a6528e11e83a/employmentsummary-2014.pdf,
161,2012,http://www.law.wvu.edu/files/d/17080035-a2b7-42ea-b8ff-53b13dbabf64/aba-employ-class2012.pdf,
161,2011,http://www.law.wvu.edu/files/d/3af32228-5f39-4ecc-b4b0-d7fe48c2179a/aba-employ-class2011.pdf,
161,2010,N/A,N/A
162,2016,https://law.wisc.edu/prospective/stats.html#employment2016,
162,2015,https://law.wisc.edu/prospective/stats.html#employment2015,
162,2014,https://law.wisc.edu/prospective/stats.html#employment2014,
162,2013,N/A,N/A
162,2012,N/A,N/A
162,2011,N/A,N/A
162,2010,N/A,N/A
163,2016,https://law.marquette.edu/assets/career-planning/pdf/ABA-Employment-Report-2016.pdf,
163,2015,https://law.marquette.edu/assets/career-planning/pdf/ABA-Employment-Report-2015.pdf,
163,2014,https://law.marquette.edu/assets/career-planning/pdf/ABA-Employment-Report-2014.pdf,
163,2013,https://law.marquette.edu/assets/career-planning/pdf/ABA-Employment-Report-2013.pdf,
163,2012,https://law.marquette.edu/assets/career-planning/pdf/ABA-Employment-Report-2012.pdf,
163,2011,https://law.marquette.edu/assets/career-planning/pdf/ABA-Employment-Report-2011.pdf,
163,2010,https://law.marquette.edu/assets/career-planning/pdf/ABA-Employment-Report-2010.pdf,
164,2016,http://www.uwyo.edu/law/career-services/images/eq-final-report-2017.pdf,
164,2015,http://www.uwyo.edu/law/_files/docs/career%20services/aba%20report.final.class%202015.pdf,
164,2014,http://www.uwyo.edu/law/_files/docs/career%20services/aba%20eq%20summary%20final%204_7_15.pdf,
164,2013,http://www.uwyo.edu/law/_files/docs/career%20services/aba-placement-summary-report-class.of.2013.pdf,
164,2012,http://www.uwyo.edu/law/_files/docs/career%20services/aba-placement-summary-report-class.of.2012.pdf,
164,2011,N/A,N/A
164,2010,N/A,N/A
165,2016,https://www.niu.edu/law/_pdfs/consumer-information/employment-summary-2016.pdf,
165,2015,https://www.niu.edu/law/_pdfs/consumer-information/employment-summary-2015.pdf,
165,2014,https://www.niu.edu/law/_pdfs/consumer-information/employment-summary-2014.pdf,
165,2013,https://www.niu.edu/law/_pdfs/consumer-information/employment-summary-2013.pdf,
165,2012,N/A,N/A
165,2011,N/A,N/A
165,2010,N/A,N/A
11,2016,http://www.swlaw.edu/sites/default/files/2017-06/EmploymentSummary-2017.pdf,N/A
11,2015,N/A,N/A
11,2014,N/A,N/A
11,2013,N/A,N/A
11,2012,N/A,N/A
11,2011,N/A,N/A
11,2010,N/A,N/A
166,2016,http://law.pace.edu/sites/default/files/career_development/ABA_Employment_Summary_Class_of_2016.pdf,
166,2015,http://law.pace.edu/sites/default/files/career_development/ABA_Employment_Summary_Class_of_2015.pdf,
166,2014,http://law.pace.edu/sites/default/files/career_development/ABA_Employment_Class_of_2014.pdf,
166,2013,http://www.law.pace.edu/sites/default/files/career_development/ABA_emplyment_summary_CO13.pdf,
166,2012,N/A,N/A
166,2011,N/A,N/A
166,2010,N/A,N/A
167,2016,https://www.law.whittier.edu/resources/careerservices/employment-report-class-of-2016-prelim.pdf,
167,2015,https://www.law.whittier.edu/resources/careerservices/employment-report-class-of-2015.pdf,
167,2014,https://www.law.whittier.edu/resources/careerservices/employment-report-class-of-2014.pdf,
167,2013,https://www.law.whittier.edu/resources/careerservices/employment-report-class-of-2013.pdf,
167,2012,https://www.law.whittier.edu/resources/careerservices/2012EmploymentStatistics.pdf,
167,2011,N/A,N/A
167,2010,N/A,N/A
168,2016,https://cardozo.yu.edu/sites/default/files/EmploymentSummary-2017.pdf,2017-09-09
168,2015,https://cardozo.yu.edu/sites/default/files/Employment%20Questionnaire%20Summary%202015_0.pdf,2017-09-09
168,2014,https://cardozo.yu.edu/sites/default/files/Cardozo%202014%20Employment%20Summary.pdf,2017-09-09
168,2013,https://cardozo.yu.edu/sites/default/files/CardozoEmploymentSummary2013_5.jpg,2017-09-09
168,2012,https://cardozo.yu.edu/sites/default/files/Placement-Summary-3-29-2013-1_0.jpg,2017-09-09
168,2011,N/A,N/A
168,2010,N/A,N/A
169,2016,https://assets.campbell.edu/wp-content/uploads/sites/9/2017/05/abasummary16.pdf,2017-09-09
169,2015,https://assets.campbell.edu/wp-content/uploads/sites/9/2017/04/abasummary15.pdf,2017-09-09
169,2014,https://assets.campbell.edu/wp-content/uploads/sites/9/2017/04/abasummary14.pdf,2017-09-09
169,2013,https://assets.campbell.edu/wp-content/uploads/sites/9/2017/04/ABA_Summary_Report_for_Class_of_2013.pdf,2017-09-09
169,2012,N/A,N/A
169,2011,N/A,N/A
169,2010,N/A,N/A
171,2016,https://www.law.gmu.edu/assets/files/career/ABAEmploymentSummary2016.pdf,2017-09-11
171,2015,https://www.law.gmu.edu/assets/files/career/ABAEmploymentSummary2015.pdf,2017-09-11
171,2014,https://www.law.gmu.edu/assets/files/career/ABAEmploymentSummary2014.pdf,2017-09-11
171,2013,https://www.law.gmu.edu/assets/files/career/ABAEmploymentSummary2013.pdf,2017-09-11
171,2012,N/A,N/A
171,2011,N/A,N/A
171,2010,N/A,N/A
172,2016,https://law.mc.edu/files/3214/9520/7467/ABA_EmploymentSummary-2016_Graduates.pdf,
172,2015,https://law.mc.edu/files/1014/8181/8564/EmploymentQuestionnaireSummary-172-170-12-14-2016_21-07-27.pdf,
172,2014,https://law.mc.edu/files/6314/6073/6268/employment-summary-2014.pdf,
172,2013,https://law.mc.edu/files/9414/6073/6268/employment-summary-2013.pdf,
172,2012,N/A,N/A
172,2011,N/A,N/A
172,2010,N/A,N/A
174,2016,http://www.tourolaw.edu/pdf/Employment_Summary_for_the_class_of_2016.pdf,
174,2015,http://www.tourolaw.edu/pdf/Employment_Summary_for_the_class_of_2015.pdf,
174,2014,http://www.tourolaw.edu/uploads/Employment%20Summary%20for%20the%20Class%20of%202014.pdf,
174,2013,http://www.tourolaw.edu/pdf/consumerInformation_EmploymentOutcomes.pdf,
174,2012,N/A,N/A
174,2011,N/A,N/A
174,2010,N/A,N/A
175,2016,http://law.gsu.edu/files/2017/04/ABA-Summary-Report-Class-of-2016.pdf,2017-09-11
175,2015,http://law.gsu.edu/files/2016/04/4-12-16-ABA-Employment-Summary.pdf,2017-09-11
175,2014,http://law.gsu.edu/files/2015/04/Class-2014-ABA-Summary.pdf,2017-09-11
175,2013,http://law.gsu.edu/files/2014/07/EmploymentSummary-20141.pdf,2017-09-11
175,2012,http://law.gsu.edu/files/2014/04/EmploymentSummary-2013.pdf,2017-09-11
175,2011,http://law.gsu.edu/files/2014/04/EmploymentSummary-2012.pdf,2017-09-11
175,2010,http://law.gsu.edu/files/2014/04/EmploymentSummary-2011.pdf,2017-09-11
176,2016,http://www.law.cuny.edu/career/employment-statistics/employment-summary2016-class.pdf,2017-09-09
176,2015,http://www.law.cuny.edu/career/employment-statistics/employmentsurmmary2015classfinal.pdf,2017-09-09
176,2014,http://www.law.cuny.edu/career/employment-statistics/Employment-Questionnaire-Summary-2014-06012015.pdf,2017-09-09
176,2013,http://www.law.cuny.edu/career/employment-statistics/ABA-Employment-Summary-Class-of-2013.pdf,2017-09-09
176,2012,http://www.law.cuny.edu/career/employment-statistics/ABA-Employment-Summary-2012.pdf,2017-09-09
176,2011,N/A,N/A
176,2010,N/A,N/A
177,2016,https://www.stu.edu/Portals/law/docs/careers/ABA-Summary-Class-of-2016.pdf,
177,2015,https://www.stu.edu/Portals/law/docs/careers/ABA-Summary-Class-of-2015.pdf,
177,2014,https://www.stu.edu/Portals/law/docs/careers/ABA-Summary-Class-of-2014.pdf,
177,2013,https://www.stu.edu/Portals/law/docs/careers/ABA-Summary-Class-of-2013.pdf,
177,2012,https://www.stu.edu/Portals/law/docs/careers/ABA-Summary-Class-of-2012.pdf,
177,2011,https://www.stu.edu/Portals/law/docs/careers/ABA-Summary-Class-of-2011.pdf,
177,2010,N/A,N/A
178,2016,N/A,N/A
178,2015,http://www.regent.edu/acad/schlaw/careeralumni/docs/EmploymentStatistics2015.pdf,
178,2014,http://www.regent.edu/acad/schlaw/careeralumni/docs/EmploymentStatistics2014.pdf,
178,2013,http://www.regent.edu/acad/schlaw/careeralumni/docs/EmploymentStatistics2013.pdf,
178,2012,N/A,N/A
178,2011,N/A,N/A
178,2010,N/A,N/A
179,2016,http://commonwealthlaw.widener.edu/files/resources/2016employmentsummary.pdf,
179,2015,http://commonwealthlaw.widener.edu/files/resources/2015_2016_employmentstatsandtrendswidenercommonwea.pdf,
179,2014,N/A,N/A
179,2013,N/A,N/A
179,2012,N/A,N/A
179,2011,N/A,N/A
179,2010,N/A,N/A
180,2016,http://c.ymcdn.com/sites/www.law.udc.edu/resource/resmgr/WebABA/abaempsumm_2016grads.pdf,2017-09-11
180,2015,http://c.ymcdn.com/sites/www.law.udc.edu/resource/resmgr/WebABA/ABAEmpSumm_2015Grads.pdf,2017-09-11
180,2014,http://c.ymcdn.com/sites/www.law.udc.edu/resource/resmgr/WebABA/ABAEmpSumm_2014Grads.pdf,2017-09-11
180,2013,N/A,N/A
180,2012,N/A,N/A
180,2011,N/A,N/A
180,2010,N/A,N/A
181,2016,https://www.qu.edu/content/dam/qu/documents/sol/2016-aba-employment-summary.pdf,
181,2015,https://www.qu.edu/content/dam/qu/documents/sol/2015ABAEmploymentSummary.pdf,
181,2014,https://www.qu.edu/content/dam/qu/documents/sol/2014ABAEmploymentSummary.pdf,
181,2013,N/A,N/A
181,2012,N/A,N/A
181,2011,N/A,N/A
181,2010,N/A,N/A
182,2016,https://law.tamu.edu/docs/default-source/prospective-student-documents/aba-employment-summary-2016-grads.pdf?sfvrsn=2,
182,2015,https://law.tamu.edu/docs/default-source/career-services-documents/aba-class-of-2015-employment-questionnaire-summary.pdf?sfvrsn=0,
182,2014,https://law.tamu.edu/docs/default-source/prospective-student-documents/aba-class-of-2014-employment_questionnairesummary.pdf?sfvrsn=2,
182,2013,N/A,N/A
182,2012,N/A,N/A
182,2011,N/A,N/A
182,2010,N/A,N/A
183,2016,https://law.seattleu.edu/Documents/career/Additional%20Documents/ABAEmploymentSummary2016.pdf,
183,2015,https://law.seattleu.edu/Documents/career/Additional%20Documents/ABAEmploymentReport2015.pdf,
183,2014,https://law.seattleu.edu/Documents/career/Additional%20Documents/ABAJobsSummary.pdf,
183,2013,https://law.seattleu.edu/Documents/career/Additional%20Documents/ABA%202013%20Graduates.pdf,
183,2012,https://law.seattleu.edu/Documents/career/Additional%20Documents/ABA%202012%20grads.pdf,
183,2011,N/A,N/A
183,2010,N/A,N/A
184,2016,http://law.rwu.edu/sites/law/files/rwu/CareerServices/pdf/2016_ABA_Employment_Summary.pdf,
184,2015,http://law.rwu.edu/sites/law/files/rwu/CareerServices/pdf/2015%20ABA%20Employment%20Summary.pdf,
184,2014,http://law.rwu.edu/sites/law/files/rwu/CareerServices/pdf/Final%202014%20ABA%20Resport.pdf,
184,2013,N/A,N/A
184,2012,N/A,N/A
184,2011,N/A,N/A
184,2010,N/A,N/A
185,2016,https://www.tjsl.edu/sites/default/files/aba_employment_summary_-_class_of_2016.pdf,
185,2015,https://www.tjsl.edu/sites/default/files/aba_employment_summary_class_of_2015.pdf,
185,2014,https://www.tjsl.edu/sites/default/files/aba_employmentsummary-class_of_2014_0.pdf,
185,2013,https://www.tjsl.edu/sites/default/files/files/ABA%20EmploymentSummary-Class%20of%202013.pdf,
185,2012,https://www.tjsl.edu/sites/default/files/files/ABA%20EmploymentSummary-%20Class%20of%202012.pdf,
185,2011,https://www.tjsl.edu/sites/default/files/files/ABA-Employment-Summary-2011.pdf,
185,2010,https://www.tjsl.edu/sites/default/files/files/ABA-Summary-Class-of-2010.pdf,
186,2016,https://www.chapman.edu/law/_files/careers/aba-employment-summary-16-15-14.pdf,2017-09-09
186,2015,https://www.chapman.edu/law/_files/careers/aba-employment-summary-16-15-14.pdf,2017-09-09
186,2014,https://www.chapman.edu/law/_files/careers/aba-employment-summary-16-15-14.pdf,2017-09-09
186,2013,N/A,N/A
186,2012,N/A,N/A
186,2011,N/A,N/A
186,2010,N/A,N/A
188,2016,https://www.wsulaw.edu/~/media/wsu/main-site/assets/pdf/aba-final-report-2016grads-updated.ashx?la=en,
188,2015,https://www.wsulaw.edu/~/media/wsu/main-site/assets/pdf/aba_2015_report.ashx?la=en,
188,2014,https://www.wsulaw.edu/~/media/wsu/main-site/assets/pdf/updated-aba-final-report.ashx?la=en,
188,2013,N/A,N/A
188,2012,N/A,N/A
188,2011,N/A,N/A
188,2010,N/A,N/A
189,2016,https://www.fcsl.edu/userfiles/files/CareerPlacement_FCSL_EmploymentSummary-2016.pdf,2017-09-11
189,2015,https://www.fcsl.edu/files/2015%20ABA%20Employment%20Summary.pdf,2017-09-11
189,2014,https://www.fcsl.edu/files/2014%20ABA%20Summary.pdf,2017-09-11
189,2013,N/A,N/A
189,2012,N/A,N/A
189,2011,N/A,N/A
189,2010,N/A,N/A
190,2016,https://law.unlv.edu/sites/default/files/2016%20ABA%20Employment%20Summary-May-2017.pdf,
190,2015,https://law.unlv.edu/sites/default/files/2015%20ABA%20Report%20Summary%20Final%20%28Updated%20as%20of%208.2.16%29-1.pdf,
190,2014,https://law.unlv.edu/sites/default/files/employmentquestionnairesummary-190-2960-04-07-2015_17-57-14.pdf,
190,2013,https://law.unlv.edu/sites/default/files/class_of_2013_employment_summary.pdf,
190,2012,https://law.unlv.edu/sites/default/files/EmploymentSummary-2013.pdf,
190,2011,https://law.unlv.edu/sites/default/files/PlacementProfileSummaryABA2010.pdf,
190,2010,N/A,N/A
191,2016,http://asl.edu/wp-content/uploads/2015/08/EmploymentSummary-2016.pdf,2017-09-09
191,2015,http://asl.edu/wp-content/uploads/2015/08/EmploymentSummary-2015.pdf,2017-09-09
191,2014,http://asl.edu/wp-content/uploads/2015/08/EmploymentSummary-2014.pdf,2017-09-09
191,2013,http://asl.edu/wp-content/uploads/2015/08/EmploymentSummary-2013.pdf,2017-09-09
191,2012,N/A,N/A
191,2011,N/A,N/A
191,2010,N/A,N/A
192,2016,https://barryustorage.blob.core.windows.net/assets/docs/law/employment-questionnaire-summary.pdf,2017-09-09
192,2015,https://barryustorage.blob.core.windows.net/assets/docs/law/employmentquestionnairesummary-2015.pdf,2017-09-09
192,2014,https://barryustorage.blob.core.windows.net/assets/docs/law/employmentquestionnairesummary2015.pdf,2017-09-09
192,2013,https://barryustorage.blob.core.windows.net/assets/docs/law/509djdclassof2013employmentprofile.pdf,2017-09-09
192,2012,https://barryustorage.blob.core.windows.net/assets/docs/law/employment-profile-2012.pdf,2017-09-09
192,2011,N/A,N/A
192,2010,N/A,N/A
193,2016,https://www.avemarialaw.edu/wp-content/uploads/2015/11/PostGradEmployment2016.pdf,2017-09-09
193,2015,https://www.avemarialaw.edu/wp-content/uploads/2015/11/EmploymentQuestionnaireSummary-2015.pdf,2017-09-09
193,2014,https://www.avemarialaw.edu/wp-content/uploads/2015/11/EmploymentQuestionnaireSummary-193-190-04-07-2015-15-54-49.pdf,2017-09-09
193,2013,N/A,N/A
193,2012,N/A,N/A
193,2011,N/A,N/A
193,2010,N/A,N/A
194,2016,https://www.stthomas.edu/media/schooloflaw/careerandprofessionaldevelopment/EmploymentQuestionnaireSummary-06-28-2017.pdf,
194,2015,https://www.stthomas.edu/media/schooloflaw/careerandprofessionaldevelopment/ABAEmploymentSummaryfor2015Graduates.pdf,
194,2014,https://www.stthomas.edu/media/schooloflaw/careerandprofessionaldevelopment/USTSchoolofLawClassof2014ABAEmploymentSummary4.10.15.pdf,
194,2013,N/A,N/A
194,2012,N/A,N/A
194,2011,N/A,N/A
194,2010,N/A,N/A
195,2016,http://law.famu.edu/wp-content/uploads/2013/08/FAMU-LAW-Class-of-2016-Employment-Summary.pdf,2017-09-11
195,2015,http://law.famu.edu/wp-content/uploads/2016/04/EmploymentQuestionnaireSummary-FAMU-LAW-2015-.pdf,2017-09-11
195,2014,http://law.famu.edu/wp-content/uploads/2015/05/EmploymentSummary-Florida-AM-University-College-of-Law-2014-Revised.pdf,2017-09-11
195,2013,http://law.famu.edu/wp-content/uploads/2015/04/EmploymentSummary-FAMU-College-of-Law-Class-of-2013.pdf,2017-09-11
195,2012,http://law.famu.edu/wp-content/uploads/2015/04/EmploymentSummary-FAMU-College-of-Law-Class-of-2012.pdf,2017-09-11
195,2011,http://law.famu.edu/wp-content/uploads/2015/04/EmploymentSummary-FAMU-College-of-Law-Class-of-2011.pdf,2017-09-11
195,2010,N/A,N/A
196,2016,N/A,N/A
196,2015,N/A,N/A
196,2014,N/A,N/A
196,2013,N/A,N/A
196,2012,N/A,N/A
196,2011,N/A,N/A
196,2010,N/A,N/A
197,2016,http://www.johnmarshall.edu/wp-content/uploads/2017.0329-Employment-Questionnaire-Summary.pdf,2017-09-09
197,2015,http://www.johnmarshall.edu/wp-content/uploads/EmploymentSummary-2016-Report-2015-Graduates.pdf,2017-09-09
197,2014,http://www.johnmarshall.edu/wp-content/uploads/EmploymentQuestionnaireSummary-197-194-04-07-2015-10-19-40.pdf,2017-09-09
197,2013,http://www.johnmarshall.edu/wp-content/uploads/EmploymentSummary-2014.pdf,2017-09-09
197,2012,http://www.johnmarshall.edu/wp-content/uploads/EmploymentSummary-2013.pdf,2017-09-09
197,2011,N/A,N/A
197,2010,N/A,N/A
198,2016,http://law.laverne.edu/wp-content/uploads/2011/06/Employment-Summary-Class-of-2016-1.pdf?a76488,
198,2015,http://law.laverne.edu/wp-content/uploads/2011/06/EMPLOYMENT-SUMMARY-CLASS-OF-2015.pdf?a76488,
198,2014,http://law.laverne.edu/wp-content/uploads/2011/06/EmploymentSummary2014.pdf?a76488,
198,2013,http://law.laverne.edu/wp-content/uploads/2011/06/La-Verne-Law-Employment-Statistics-for-the-Class-of-2013-for-the-ABA.pdf?a76488,
198,2012,N/A,N/A
198,2011,N/A,N/A
198,2010,N/A,N/A
199,2016,N/A,N/A
199,2015,N/A,N/A
199,2014,N/A,N/A
199,2013,N/A,N/A
199,2012,N/A,N/A
199,2011,N/A,N/A
199,2010,N/A,N/A
200,2016,N/A,N/A
200,2015,https://www.faulkner.edu/wp-content/uploads/EmploymentQuestionnaireSummary-200-25041-04-06-2016-15-29-53.pdf,2017-09-11
200,2014,https://www.faulkner.edu/wp-content/uploads/ABA-Employment-2014.pdf,2017-09-11
200,2013,https://www.faulkner.edu/wp-content/uploads/EmploymentSummary-2013.pdf,2017-09-11
200,2012,http://ww3.faulkner.edu/SharedMedia/_JSL/EmploymentSummary-2013.pdf,2017-09-11
200,2011,http://ww3.faulkner.edu/SharedMedia/_JSL/EmploymentSummary.pdf,2017-09-11
200,2010,https://www.faulkner.edu/wp-content/uploads/EmploymentSummary-2010.pdf,2017-09-11
201,2016,http://charlestonlaw.edu/wp-content/uploads/2017/07/EmploymentSummary-2016.pdf,2017-09-09
201,2015,N/A,N/A
201,2014,http://charlestonlaw.edu/wp-content/uploads/2017/07/EmploymentSummary-2014.pdf,2017-09-09
201,2013,http://charlestonlaw.edu/wp-content/uploads/2017/07/EmploymentSummary-2013.pdf,2017-09-09
201,2012,http://charlestonlaw.edu/wp-content/uploads/2017/05/CSOL-Class-of-2012-ABA-Summary-Report.pdf,2017-09-09
201,2011,N/A,N/A
201,2010,N/A,N/A
202,2016,https://www.azsummitlaw.edu/userfiles/files/CareerPlacement_ASLS_EmploymentSummary-2016.pdf,2017-09-09
202,2015,https://www.azsummitlaw.edu/userfiles/files/ASLS%202015%20ABA%20Employment%20Summary.pdf,2017-09-09
202,2014,https://www.azsummitlaw.edu/sites/default/files/aba_summary_report_-_erss_2014_150402.pdf,2017-09-09
202,2013,N/A,N/A
202,2012,N/A,N/A
202,2011,N/A,N/A
202,2010,N/A,N/A
205,2016,https://www.elon.edu/e/CmsFile/GetFile?FileID=827,2017-09-11
205,2015,https://www.elon.edu/e/CmsFile/GetFile?FileID=490,2017-09-11
205,2014,https://www.elon.edu/docs/e-web/law/career_services/Elon_Law_ABA_Employment%20Report_Class%20of%202014.pdf,2017-09-11
205,2013,N/A,N/A
205,2012,N/A,N/A
205,2011,N/A,N/A
205,2010,N/A,N/A
207,2016,http://drexel.edu/~/media/Files/law/Consumer%20Information/EmploymentOutcomes/2017%20Employment%20Questionnaire%20for%202016%20Graduates.ashx?la=en,2017-09-11
207,2015,http://drexel.edu/~/media/Files/law/Consumer%20Information/EmploymentOutcomes/2016%20Employment%20Questionnaire%20for%202015%20Graduates.ashx?la=en,2017-09-11
207,2014,http://drexel.edu/~/media/Files/law/Consumer%20Information/EmploymentOutcomes/2015%20Employment%20Questionnaire%20for%202014%20Graduates-Submitted%2003%2031%202015.ashx?la=en,2017-09-11
207,2013,http://drexel.edu/~/media/Files/law/Consumer%20Information/EmploymentOutcomes/2014%20Placement%20Questionnaire%20for%202013%20Graduates--CORRECTED%2004%2024%202014.ashx?la=en,2017-09-11
207,2012,http://drexel.edu/~/media/Files/law/Consumer%20Information/EmploymentOutcomes/2013%20Employment%20Summary%20for%202012%20Graduates-FINAL-05%2009%202013%20-rev.ashx?la=en,2017-09-11
207,2011,N/A,N/A
207,2010,N/A,N/A
211,2016,http://www.law.uci.edu/careers/students/employment-info/statistics/EmploymentSummary2016.pdf,2017-09-09
211,2015,http://www.law.uci.edu/careers/students/employment-info/statistics/EmploymentSummary2015.pdf,2017-09-09
211,2014,http://www.law.uci.edu/careers/students/employment-info/statistics/EmploymentSummary2014.pdf,2017-09-09
211,2013,N/A,N/A
211,2012,N/A,N/A
211,2011,N/A,N/A
211,2010,N/A,N/A
212,2016,https://law.cu-portland.edu/sites/default/files/pdf/ABA%20Employment%20Summary%20for%202016%20Graduates.pdf,2017-09-09
212,2015,https://law.cu-portland.edu/sites/default/files/pdf/Concordia%20Law%20-%20ABA%20Employment%20Summary%20for%202015%20Graduates.pdf,2017-09-09
212,2014,N/A,N/A
212,2013,N/A,N/A
212,2012,N/A,N/A
212,2011,N/A,N/A
212,2010,N/A,N/A
213,2016,http://www.belmont.edu/law/images/employmentquestionnairesummary-213-2687-04-04-2017-14-55-38.pdf,2017-09-09
213,2015,http://www.belmont.edu/law/pdf/Class2015-EmploymentStatsABA.pdf,2017-09-09
213,2014,http://www.belmont.edu/law/pdf/Class2014-EmploymentStatsABA.pdf,2017-09-09
213,2013,N/A,N/A
213,2012,N/A,N/A
213,2011,N/A,N/A
213,2010,N/A,N/A
215,2016,https://www.lmunet.edu/public/uploads/law/EmploymentSummary-2017.pdf,
215,2015,https://www.lmunet.edu/uploads/law/2013/03/Employment-Questionnaire-Summary-2015-215-4573-04-08-2016-11-29-08.pdf,
215,2014,https://www.lmunet.edu/uploads/law/2013/03/Employment-Data-2014-Graduates-FINAL-4-29-15.pdf,
215,2013,N/A,N/A
215,2012,N/A,N/A
215,2011,N/A,N/A
215,2010,N/A,N/A
216,2016,http://www.umassd.edu/media/umassdartmouth/schooloflaw/admissions/abarequireddisclosures/Employment_Summary_Class_of_2016.pdf,
216,2015,http://www.umassd.edu/media/umassdartmouth/schooloflaw/admissions/abarequireddisclosures/employment_summary_fifteen.pdf,
216,2014,http://www.umassd.edu/media/umassdartmouth/schooloflaw/admissions/abarequireddisclosures/employment_summary_fifteen.pdf,
216,2013,http://www.umassd.edu/media/umassdartmouth/schooloflaw/admissions/abarequireddisclosures/aba_employment_summary_2013.pdf,
216,2012,N/A,N/A
216,2011,N/A,N/A
216,2010,N/A,N/A
219,2016,https://dickinsonlaw.psu.edu/sites/default/files/Employment-Data-2016-Graduates.pdf,
219,2015,https://dickinsonlaw.psu.edu/sites/default/files/Employment-Data-2015-Graduates.pdf,
219,2014,https://dickinsonlaw.psu.edu/sites/default/files/Class_of_2014_Employment_Summary.pdf,
219,2013,N/A,N/A
219,2012,N/A,N/A
219,2011,N/A,N/A
219,2010,N/A,N/A
220,2016,https://pennstatelaw.psu.edu/sites/default/files/documents/pdfs/Career-Services/Employment-Summary-Class-of-2016.pdf,
220,2015,https://pennstatelaw.psu.edu/sites/default/files/documents/pdfs/Career-Services/Employment%20Summary%20Class%20of%202015.pdf,
220,2014,https://pennstatelaw.psu.edu/sites/default/files/documents/pdfs/Career-Services/ABA-Employment-Summary-Class-of-2014.pdf,
220,2013,N/A,N/A
220,2012,N/A,N/A
220,2011,N/A,N/A
220,2010,N/A,N/A
224,2016,https://law.rutgers.edu/sites/law/files/attachments/Updated%20ABA%20Report.pdf,
224,2015,https://law.rutgers.edu/sites/law/files/attachments/EmploymentQuestionnaireSummary-224-4784-04-11-2016%2011-00-58.pdf,
224,2014,N/A,N/A
224,2013,N/A,N/A
224,2012,N/A,N/A
224,2011,N/A,N/A
224,2010,N/A,N/A
226,2016,http://mitchellhamline.edu/careers/wp-content/uploads/sites/10/2015/09/EmploymentQuestionnaireSummary-2016-Graduates.pdf,
226,2015,http://mitchellhamline.edu/careers/wp-content/uploads/sites/10/2015/09/MHSL-2015-ABA.pdf,
226,2014,N/A,N/A
226,2013,N/A,N/A
226,2012,N/A,N/A
226,2011,N/A,N/A
226,2010,N/A,N/A