school_uuid,school_name,school_url,reporting_year,report_url,downloaded_on
114,AKRON,http://www.uakron.edu/law,2016,https://www.uakron.edu/law/docs/2017-08-24.employment-report.pdf,2017-09-08
114,AKRON,http://www.uakron.edu/law,2015,https://www.uakron.edu/law/docs/2015_EmploymentSummary.pdf,2017-09-08
114,AKRON,http://www.uakron.edu/law,2014,https://www.uakron.edu/law/docs/2015-4-27-employmentSurvey-ver2.pdf,2017-09-08
114,AKRON,http://www.uakron.edu/law,2013,https://www.uakron.edu/law/docs/EmploymentSummary-2014[1].pdf,2017-09-08
114,AKRON,http://www.uakron.edu/law,2012,https://www.uakron.edu/law/docs/EmploymentSummary-2013[2].pdf,2017-09-08
114,AKRON,http://www.uakron.edu/law,2011,https://www.uakron.edu/law/docs/EmploymentSummary-2012[1].pdf,2017-09-08
114,AKRON,http://www.uakron.edu/law,2010,N/A,N/A
2,ALABAMA,http://www.law.ua.edu/,2016,https://www.law.ua.edu/wp-content/uploads/ABA-2016-Employment-Final.pdf,2017-09-08
2,ALABAMA,http://www.law.ua.edu/,2015,https://www.law.ua.edu/wp-content/uploads/2015-ABA-Placement-Summary.pdf,2017-09-08
2,ALABAMA,http://www.law.ua.edu/,2014,https://www.law.ua.edu/wp-content/uploads/2014-ABA-Placement-Summary.pdf,2017-09-08
2,ALABAMA,http://www.law.ua.edu/,2013,https://www.law.ua.edu/wp-content/uploads/2013-ABA-Placement-Summary.pdf,2017-09-08
2,ALABAMA,http://www.law.ua.edu/,2012,https://www.law.ua.edu/wp-content/uploads/2012-ABA-Placement-Summary.pdf,2017-09-08
2,ALABAMA,http://www.law.ua.edu/,2011,N/A,N/A
2,ALABAMA,http://www.law.ua.edu/,2010,N/A,N/A
97,ALBANY,http://www.albanylaw.edu/,2016,http://www.albanylaw.edu/careers/employment-statistics/Documents/ABA%20Employment%20Questionnaire%20-%20Class%20of%202016.pdf,2017-09-08
97,ALBANY,http://www.albanylaw.edu/,2015,http://www.albanylaw.edu/careers/employment-statistics/Documents/Class%20of%202015%20ABA%20Summary.pdf,2017-09-08
97,ALBANY,http://www.albanylaw.edu/,2014,http://www.albanylaw.edu/careers/employment-statistics/Documents/ABA%20Employment%20Summary%20for%20Class%20of%202014.pdf,2017-09-08
97,ALBANY,http://www.albanylaw.edu/,2013,http://www.albanylaw.edu/careers/employment-statistics/Documents/ABA%20Employment%20Summary%20-%20Class%20of%202013.pdf,2017-09-08
97,ALBANY,http://www.albanylaw.edu/,2012,http://www.albanylaw.edu/about/employment/Documents/ABA%20EmploymentSummary%20-%20Class%20of%202012.pdf,2017-09-08
97,ALBANY,http://www.albanylaw.edu/,2011,N/A,N/A
97,ALBANY,http://www.albanylaw.edu/,2010,N/A,N/A
27,AMERICAN,http://www.wcl.american.edu/,2016,https://www.wcl.american.edu/career/documents/EmploymentSummary-2017.pdf,2017-09-09
27,AMERICAN,http://www.wcl.american.edu/,2015,https://www.wcl.american.edu/career/documents/statistics2015_000.pdf,2017-09-09
27,AMERICAN,http://www.wcl.american.edu/,2014,https://www.wcl.american.edu/career/documents/statistics2014.pdf,2017-09-09
27,AMERICAN,http://www.wcl.american.edu/,2013,https://www.wcl.american.edu/career/documents/statistics2013.pdf,2017-09-09
27,AMERICAN,http://www.wcl.american.edu/,2012,https://www.wcl.american.edu/career/documents/2012Statistics.pdf,2017-09-09
27,AMERICAN,http://www.wcl.american.edu/,2011,N/A,N/A
27,AMERICAN,http://www.wcl.american.edu/,2010,N/A,N/A
191,APPALACHIAN,http://www.asl.edu/,2016,http://asl.edu/wp-content/uploads/2015/08/EmploymentSummary-2016.pdf,2017-09-09
191,APPALACHIAN,http://www.asl.edu/,2015,http://asl.edu/wp-content/uploads/2015/08/EmploymentSummary-2015.pdf,2017-09-09
191,APPALACHIAN,http://www.asl.edu/,2014,http://asl.edu/wp-content/uploads/2015/08/EmploymentSummary-2014.pdf,2017-09-09
191,APPALACHIAN,http://www.asl.edu/,2013,http://asl.edu/wp-content/uploads/2015/08/EmploymentSummary-2013.pdf,2017-09-09
191,APPALACHIAN,http://www.asl.edu/,2012,N/A,N/A
191,APPALACHIAN,http://www.asl.edu/,2011,N/A,N/A
191,APPALACHIAN,http://www.asl.edu/,2010,N/A,N/A
4,ARIZONA,http://www.law.arizona.edu/,2016,https://law.arizona.edu/sites/default/files/aba_employment_summary_for_2016_graduates.pdf,2017-09-09
4,ARIZONA,http://www.law.arizona.edu/,2015,https://law.arizona.edu/sites/default/files/employment_summary_2015_grads_09202016.pdf,2017-09-09
4,ARIZONA,http://www.law.arizona.edu/,2014,http://law2.arizona.edu/career/documents/ABA%20Employment%20Summary%20Arizona%20Law%20Class%20of%202014.PDF,2017-09-09
4,ARIZONA,http://www.law.arizona.edu/,2013,http://www.law2.arizona.edu/Admissions/About_AZLAW/ABA_Employment_2013.pdf,2017-09-09
4,ARIZONA,http://www.law.arizona.edu/,2012,http://www.law2.arizona.edu/Admissions/About_AZLAW/EmploymentSummaryClass2012.pdf,2017-09-09
4,ARIZONA,http://www.law.arizona.edu/,2011,http://www.law2.arizona.edu/career/Statistics2011.pdf,2017-09-09
4,ARIZONA,http://www.law.arizona.edu/,2010,http://www.law2.arizona.edu/career/Statistics2010.pdf,2017-09-09
4,ARIZONA,http://www.law.arizona.edu/,2009,http://www.law2.arizona.edu/career/Statistics2009.pdf,2017-09-09
3,ARIZONA STATE,http://www.law.asu.edu/,2016,https://law.asu.edu/sites/default/files/abadisclosures/summary-report-2016-graduates.pdf,2017-09-09
3,ARIZONA STATE,http://www.law.asu.edu/,2015,https://law.asu.edu/sites/default/files/multimedia/abadisclosures/employment-summary-2015_update.pdf,2017-09-09
3,ARIZONA STATE,http://www.law.asu.edu/,2014,https://law.asu.edu/sites/default/files/multimedia/abadisclosures/employment-questionnaire-2014.pdf,2017-09-09
3,ARIZONA STATE,http://www.law.asu.edu/,2013,N/A,N/A
3,ARIZONA STATE,http://www.law.asu.edu/,2012,N/A,N/A
3,ARIZONA STATE,http://www.law.asu.edu/,2011,N/A,N/A
3,ARIZONA STATE,http://www.law.asu.edu/,2010,N/A,N/A
202,ARIZONA SUMMIT,http://www.azsummitlaw.edu,2016,https://www.azsummitlaw.edu/userfiles/files/CareerPlacement_ASLS_EmploymentSummary-2016.pdf,2017-09-09
202,ARIZONA SUMMIT,http://www.azsummitlaw.edu,2015,https://www.azsummitlaw.edu/userfiles/files/ASLS%202015%20ABA%20Employment%20Summary.pdf,2017-09-09
202,ARIZONA SUMMIT,http://www.azsummitlaw.edu,2014,https://www.azsummitlaw.edu/sites/default/files/aba_summary_report_-_erss_2014_150402.pdf,2017-09-09
202,ARIZONA SUMMIT,http://www.azsummitlaw.edu,2013,N/A,N/A
202,ARIZONA SUMMIT,http://www.azsummitlaw.edu,2012,N/A,N/A
202,ARIZONA SUMMIT,http://www.azsummitlaw.edu,2011,N/A,N/A
202,ARIZONA SUMMIT,http://www.azsummitlaw.edu,2010,N/A,N/A
5,ARKANSAS - FAYETTEVILLE,http://law.uark.edu/,2016,https://law.uark.edu/_documents/509/EmploymentOutcomes2016.pdf,2017-09-09
5,ARKANSAS - FAYETTEVILLE,http://law.uark.edu/,2015,https://law.uark.edu/_documents/509/EmploymentOutcomes2015.pdf,2017-09-09
5,ARKANSAS - FAYETTEVILLE,http://law.uark.edu/,2014,https://law.uark.edu/_documents/509/EmploymentOutcomes2014.pdf,2017-09-09
5,ARKANSAS - FAYETTEVILLE,http://law.uark.edu/,2013,https://law.uark.edu/_documents/509/EmploymentSummary-2013.pdf,2017-09-09
5,ARKANSAS - FAYETTEVILLE,http://law.uark.edu/,2012,https://law.uark.edu/_documents/509/EmploymentSummary-2012.pdf,2017-09-09
5,ARKANSAS - FAYETTEVILLE,http://law.uark.edu/,2011,N/A,N/A
5,ARKANSAS - FAYETTEVILLE,http://law.uark.edu/,2010,N/A,N/A
6,ARKANSAS - LITTLE ROCK,http://www.law.ualr.edu/,2016,http://ualr.edu/law/files/2010/09/ABA-Employment-Statistics-2016.pdf,2017-09-09
6,ARKANSAS - LITTLE ROCK,http://www.law.ualr.edu/,2015,http://ualr.edu/law/files/2010/09/ABA-Employment-Summary-2015-Grads.pdf,2017-09-09
6,ARKANSAS - LITTLE ROCK,http://www.law.ualr.edu/,2014,http://ualr.edu/law/files/2010/09/ABA-Employment-Summary-2014-Grads.pdf,2017-09-09
6,ARKANSAS - LITTLE ROCK,http://www.law.ualr.edu/,2013,http://ualr.edu/law/files/2010/09/ABA-Employment-Summary-2013-Grads.pdf,2017-09-09
6,ARKANSAS - LITTLE ROCK,http://www.law.ualr.edu/,2012,http://ualr.edu/law/files/2013/05/EmploymentSummary-2013.pdf,2017-09-09
6,ARKANSAS - LITTLE ROCK,http://www.law.ualr.edu/,2011,N/A,N/A
6,ARKANSAS - LITTLE ROCK,http://www.law.ualr.edu/,2010,N/A,N/A
197,ATLANTA'S JOHN MARSHALL LAW SCHOOL,http://www.johnmarshall.edu/,2016,http://www.johnmarshall.edu/wp-content/uploads/2017.0329-Employment-Questionnaire-Summary.pdf,2017-09-09
197,ATLANTA'S JOHN MARSHALL LAW SCHOOL,http://www.johnmarshall.edu/,2015,http://www.johnmarshall.edu/wp-content/uploads/EmploymentSummary-2016-Report-2015-Graduates.pdf,2017-09-09
197,ATLANTA'S JOHN MARSHALL LAW SCHOOL,http://www.johnmarshall.edu/,2014,http://www.johnmarshall.edu/wp-content/uploads/EmploymentQuestionnaireSummary-197-194-04-07-2015-10-19-40.pdf,2017-09-09
197,ATLANTA'S JOHN MARSHALL LAW SCHOOL,http://www.johnmarshall.edu/,2013,http://www.johnmarshall.edu/wp-content/uploads/EmploymentSummary-2014.pdf,2017-09-09
197,ATLANTA'S JOHN MARSHALL LAW SCHOOL,http://www.johnmarshall.edu/,2012,http://www.johnmarshall.edu/wp-content/uploads/EmploymentSummary-2013.pdf,2017-09-09
197,ATLANTA'S JOHN MARSHALL LAW SCHOOL,http://www.johnmarshall.edu/,2011,N/A,N/A
197,ATLANTA'S JOHN MARSHALL LAW SCHOOL,http://www.johnmarshall.edu/,2010,N/A,N/A
193,AVE MARIA SCHOOL OF LAW,http://www.avemarialaw.edu/,2016,https://www.avemarialaw.edu/wp-content/uploads/2015/11/PostGradEmployment2016.pdf,2017-09-09
193,AVE MARIA SCHOOL OF LAW,http://www.avemarialaw.edu/,2015,https://www.avemarialaw.edu/wp-content/uploads/2015/11/EmploymentQuestionnaireSummary-2015.pdf,2017-09-09
193,AVE MARIA SCHOOL OF LAW,http://www.avemarialaw.edu/,2014,https://www.avemarialaw.edu/wp-content/uploads/2015/11/EmploymentQuestionnaireSummary-193-190-04-07-2015-15-54-49.pdf,2017-09-09
193,AVE MARIA SCHOOL OF LAW,http://www.avemarialaw.edu/,2013,N/A,N/A
193,AVE MARIA SCHOOL OF LAW,http://www.avemarialaw.edu/,2012,N/A,N/A
193,AVE MARIA SCHOOL OF LAW,http://www.avemarialaw.edu/,2011,N/A,N/A
193,AVE MARIA SCHOOL OF LAW,http://www.avemarialaw.edu/,2010,N/A,N/A
67,BALTIMORE,http://law.ubalt.edu/index.cfm,2016,,
67,BALTIMORE,http://law.ubalt.edu/index.cfm,2015,,
67,BALTIMORE,http://law.ubalt.edu/index.cfm,2014,,
67,BALTIMORE,http://law.ubalt.edu/index.cfm,2013,,
67,BALTIMORE,http://law.ubalt.edu/index.cfm,2012,,
67,BALTIMORE,http://law.ubalt.edu/index.cfm,2011,,
67,BALTIMORE,http://law.ubalt.edu/index.cfm,2010,,
192,BARRY UNIVERSITY,http://www.barry.edu/law,2016,,
192,BARRY UNIVERSITY,http://www.barry.edu/law,2015,,
192,BARRY UNIVERSITY,http://www.barry.edu/law,2014,,
192,BARRY UNIVERSITY,http://www.barry.edu/law,2013,,
192,BARRY UNIVERSITY,http://www.barry.edu/law,2012,,
192,BARRY UNIVERSITY,http://www.barry.edu/law,2011,,
192,BARRY UNIVERSITY,http://www.barry.edu/law,2010,,
149,BAYLOR,http://www.baylor.edu/law/,2016,,
149,BAYLOR,http://www.baylor.edu/law/,2015,,
149,BAYLOR,http://www.baylor.edu/law/,2014,,
149,BAYLOR,http://www.baylor.edu/law/,2013,,
149,BAYLOR,http://www.baylor.edu/law/,2012,,
149,BAYLOR,http://www.baylor.edu/law/,2011,,
149,BAYLOR,http://www.baylor.edu/law/,2010,,
213,BELMONT UNIVERSITY,http://www.belmont.edu/law/,2016,,
213,BELMONT UNIVERSITY,http://www.belmont.edu/law/,2015,,
213,BELMONT UNIVERSITY,http://www.belmont.edu/law/,2014,,
213,BELMONT UNIVERSITY,http://www.belmont.edu/law/,2013,,
213,BELMONT UNIVERSITY,http://www.belmont.edu/law/,2012,,
213,BELMONT UNIVERSITY,http://www.belmont.edu/law/,2011,,
213,BELMONT UNIVERSITY,http://www.belmont.edu/law/,2010,,
73,BOSTON COLLEGE,http://www.bc.edu/schools/law/,2016,,
73,BOSTON COLLEGE,http://www.bc.edu/schools/law/,2015,,
73,BOSTON COLLEGE,http://www.bc.edu/schools/law/,2014,,
73,BOSTON COLLEGE,http://www.bc.edu/schools/law/,2013,,
73,BOSTON COLLEGE,http://www.bc.edu/schools/law/,2012,,
73,BOSTON COLLEGE,http://www.bc.edu/schools/law/,2011,,
73,BOSTON COLLEGE,http://www.bc.edu/schools/law/,2010,,
69,BOSTON UNIVERSITY,http://web.bu.edu/LAW/,2016,,
69,BOSTON UNIVERSITY,http://web.bu.edu/LAW/,2015,,
69,BOSTON UNIVERSITY,http://web.bu.edu/LAW/,2014,,
69,BOSTON UNIVERSITY,http://web.bu.edu/LAW/,2013,,
69,BOSTON UNIVERSITY,http://web.bu.edu/LAW/,2012,,
69,BOSTON UNIVERSITY,http://web.bu.edu/LAW/,2011,,
69,BOSTON UNIVERSITY,http://web.bu.edu/LAW/,2010,,
150,BRIGHAM YOUNG,http://www.law.byu.edu/,2016,,
150,BRIGHAM YOUNG,http://www.law.byu.edu/,2015,,
150,BRIGHAM YOUNG,http://www.law.byu.edu/,2014,,
150,BRIGHAM YOUNG,http://www.law.byu.edu/,2013,,
150,BRIGHAM YOUNG,http://www.law.byu.edu/,2012,,
150,BRIGHAM YOUNG,http://www.law.byu.edu/,2011,,
150,BRIGHAM YOUNG,http://www.law.byu.edu/,2010,,
100,BROOKLYN,http://www.brooklaw.edu/,2016,,
100,BROOKLYN,http://www.brooklaw.edu/,2015,,
100,BROOKLYN,http://www.brooklaw.edu/,2014,,
100,BROOKLYN,http://www.brooklaw.edu/,2013,,
100,BROOKLYN,http://www.brooklaw.edu/,2012,,
100,BROOKLYN,http://www.brooklaw.edu/,2011,,
100,BROOKLYN,http://www.brooklaw.edu/,2010,,
7,CALIFORNIA - BERKELEY,http://www.law.berkeley.edu/,2016,,
7,CALIFORNIA - BERKELEY,http://www.law.berkeley.edu/,2015,,
7,CALIFORNIA - BERKELEY,http://www.law.berkeley.edu/,2014,,
7,CALIFORNIA - BERKELEY,http://www.law.berkeley.edu/,2013,,
7,CALIFORNIA - BERKELEY,http://www.law.berkeley.edu/,2012,,
7,CALIFORNIA - BERKELEY,http://www.law.berkeley.edu/,2011,,
7,CALIFORNIA - BERKELEY,http://www.law.berkeley.edu/,2010,,
8,CALIFORNIA - DAVIS,http://www.law.ucdavis.edu/,2016,,
8,CALIFORNIA - DAVIS,http://www.law.ucdavis.edu/,2015,,
8,CALIFORNIA - DAVIS,http://www.law.ucdavis.edu/,2014,,
8,CALIFORNIA - DAVIS,http://www.law.ucdavis.edu/,2013,,
8,CALIFORNIA - DAVIS,http://www.law.ucdavis.edu/,2012,,
8,CALIFORNIA - DAVIS,http://www.law.ucdavis.edu/,2011,,
8,CALIFORNIA - DAVIS,http://www.law.ucdavis.edu/,2010,,
16,CALIFORNIA - HASTINGS,http://www.uchastings.edu/,2016,,
16,CALIFORNIA - HASTINGS,http://www.uchastings.edu/,2015,,
16,CALIFORNIA - HASTINGS,http://www.uchastings.edu/,2014,,
16,CALIFORNIA - HASTINGS,http://www.uchastings.edu/,2013,,
16,CALIFORNIA - HASTINGS,http://www.uchastings.edu/,2012,,
16,CALIFORNIA - HASTINGS,http://www.uchastings.edu/,2011,,
16,CALIFORNIA - HASTINGS,http://www.uchastings.edu/,2010,,
211,CALIFORNIA - IRVINE,http://www.law.uci.edu/,2016,,
211,CALIFORNIA - IRVINE,http://www.law.uci.edu/,2015,,
211,CALIFORNIA - IRVINE,http://www.law.uci.edu/,2014,,
211,CALIFORNIA - IRVINE,http://www.law.uci.edu/,2013,,
211,CALIFORNIA - IRVINE,http://www.law.uci.edu/,2012,,
211,CALIFORNIA - IRVINE,http://www.law.uci.edu/,2011,,
211,CALIFORNIA - IRVINE,http://www.law.uci.edu/,2010,,
9,CALIFORNIA - LOS ANGELES,http://www.law.ucla.edu/,2016,,
9,CALIFORNIA - LOS ANGELES,http://www.law.ucla.edu/,2015,,
9,CALIFORNIA - LOS ANGELES,http://www.law.ucla.edu/,2014,,
9,CALIFORNIA - LOS ANGELES,http://www.law.ucla.edu/,2013,,
9,CALIFORNIA - LOS ANGELES,http://www.law.ucla.edu/,2012,,
9,CALIFORNIA - LOS ANGELES,http://www.law.ucla.edu/,2011,,
9,CALIFORNIA - LOS ANGELES,http://www.law.ucla.edu/,2010,,
14,CALIFORNIA WESTERN,http://www.cwsl.edu/,2016,,
14,CALIFORNIA WESTERN,http://www.cwsl.edu/,2015,,
14,CALIFORNIA WESTERN,http://www.cwsl.edu/,2014,,
14,CALIFORNIA WESTERN,http://www.cwsl.edu/,2013,,
14,CALIFORNIA WESTERN,http://www.cwsl.edu/,2012,,
14,CALIFORNIA WESTERN,http://www.cwsl.edu/,2011,,
14,CALIFORNIA WESTERN,http://www.cwsl.edu/,2010,,
169,CAMPBELL,http://law.campbell.edu/,2016,,
169,CAMPBELL,http://law.campbell.edu/,2015,,
169,CAMPBELL,http://law.campbell.edu/,2014,,
169,CAMPBELL,http://law.campbell.edu/,2013,,
169,CAMPBELL,http://law.campbell.edu/,2012,,
169,CAMPBELL,http://law.campbell.edu/,2011,,
169,CAMPBELL,http://law.campbell.edu/,2010,,
118,CAPITAL,http://www.law.capital.edu/,2016,,
118,CAPITAL,http://www.law.capital.edu/,2015,,
118,CAPITAL,http://www.law.capital.edu/,2014,,
118,CAPITAL,http://www.law.capital.edu/,2013,,
118,CAPITAL,http://www.law.capital.edu/,2012,,
118,CAPITAL,http://www.law.capital.edu/,2011,,
118,CAPITAL,http://www.law.capital.edu/,2010,,
168,CARDOZO,http://www.cardozo.yu.edu/,2016,,
168,CARDOZO,http://www.cardozo.yu.edu/,2015,,
168,CARDOZO,http://www.cardozo.yu.edu/,2014,,
168,CARDOZO,http://www.cardozo.yu.edu/,2013,,
168,CARDOZO,http://www.cardozo.yu.edu/,2012,,
168,CARDOZO,http://www.cardozo.yu.edu/,2011,,
168,CARDOZO,http://www.cardozo.yu.edu/,2010,,
117,CASE WESTERN RESERVE,http://law.case.edu/,2016,,
117,CASE WESTERN RESERVE,http://law.case.edu/,2015,,
117,CASE WESTERN RESERVE,http://law.case.edu/,2014,,
117,CASE WESTERN RESERVE,http://law.case.edu/,2013,,
117,CASE WESTERN RESERVE,http://law.case.edu/,2012,,
117,CASE WESTERN RESERVE,http://law.case.edu/,2011,,
117,CASE WESTERN RESERVE,http://law.case.edu/,2010,,
29,CATHOLIC UNIVERSITY OF AMERICA,www.law.edu,2016,,
29,CATHOLIC UNIVERSITY OF AMERICA,www.law.edu,2015,,
29,CATHOLIC UNIVERSITY OF AMERICA,www.law.edu,2014,,
29,CATHOLIC UNIVERSITY OF AMERICA,www.law.edu,2013,,
29,CATHOLIC UNIVERSITY OF AMERICA,www.law.edu,2012,,
29,CATHOLIC UNIVERSITY OF AMERICA,www.law.edu,2011,,
29,CATHOLIC UNIVERSITY OF AMERICA,www.law.edu,2010,,
186,CHAPMAN,http://www.chapman.edu/law/,2016,,
186,CHAPMAN,http://www.chapman.edu/law/,2015,,
186,CHAPMAN,http://www.chapman.edu/law/,2014,,
186,CHAPMAN,http://www.chapman.edu/law/,2013,,
186,CHAPMAN,http://www.chapman.edu/law/,2012,,
186,CHAPMAN,http://www.chapman.edu/law/,2011,,
186,CHAPMAN,http://www.chapman.edu/law/,2010,,
201,CHARLESTON,http://www.charlestonlaw.org/,2016,,
201,CHARLESTON,http://www.charlestonlaw.org/,2015,,
201,CHARLESTON,http://www.charlestonlaw.org/,2014,,
201,CHARLESTON,http://www.charlestonlaw.org/,2013,,
201,CHARLESTON,http://www.charlestonlaw.org/,2012,,
201,CHARLESTON,http://www.charlestonlaw.org/,2011,,
201,CHARLESTON,http://www.charlestonlaw.org/,2010,,
206,CHARLOTTE,http://www.charlottelaw.edu/,2016,,
206,CHARLOTTE,http://www.charlottelaw.edu/,2015,,
206,CHARLOTTE,http://www.charlottelaw.edu/,2014,,
206,CHARLOTTE,http://www.charlottelaw.edu/,2013,,
206,CHARLOTTE,http://www.charlottelaw.edu/,2012,,
206,CHARLOTTE,http://www.charlottelaw.edu/,2011,,
206,CHARLOTTE,http://www.charlottelaw.edu/,2010,,
50,CHICAGO,http://www.law.uchicago.edu/,2016,,
50,CHICAGO,http://www.law.uchicago.edu/,2015,,
50,CHICAGO,http://www.law.uchicago.edu/,2014,,
50,CHICAGO,http://www.law.uchicago.edu/,2013,,
50,CHICAGO,http://www.law.uchicago.edu/,2012,,
50,CHICAGO,http://www.law.uchicago.edu/,2011,,
50,CHICAGO,http://www.law.uchicago.edu/,2010,,
45,CHICAGO-KENT,http://www.kentlaw.edu/,2016,,
45,CHICAGO-KENT,http://www.kentlaw.edu/,2015,,
45,CHICAGO-KENT,http://www.kentlaw.edu/,2014,,
45,CHICAGO-KENT,http://www.kentlaw.edu/,2013,,
45,CHICAGO-KENT,http://www.kentlaw.edu/,2012,,
45,CHICAGO-KENT,http://www.kentlaw.edu/,2011,,
45,CHICAGO-KENT,http://www.kentlaw.edu/,2010,,
115,CINCINNATI,http://www.law.uc.edu/,2016,,
115,CINCINNATI,http://www.law.uc.edu/,2015,,
115,CINCINNATI,http://www.law.uc.edu/,2014,,
115,CINCINNATI,http://www.law.uc.edu/,2013,,
115,CINCINNATI,http://www.law.uc.edu/,2012,,
115,CINCINNATI,http://www.law.uc.edu/,2011,,
115,CINCINNATI,http://www.law.uc.edu/,2010,,
176,CITY UNIVERSITY OF NEW YORK,http://www.law.cuny.edu/,2016,,
176,CITY UNIVERSITY OF NEW YORK,http://www.law.cuny.edu/,2015,,
176,CITY UNIVERSITY OF NEW YORK,http://www.law.cuny.edu/,2014,,
176,CITY UNIVERSITY OF NEW YORK,http://www.law.cuny.edu/,2013,,
176,CITY UNIVERSITY OF NEW YORK,http://www.law.cuny.edu/,2012,,
176,CITY UNIVERSITY OF NEW YORK,http://www.law.cuny.edu/,2011,,
176,CITY UNIVERSITY OF NEW YORK,http://www.law.cuny.edu/,2010,,
116,CLEVELAND STATE,http://www.law.csuohio.edu/,2016,,
116,CLEVELAND STATE,http://www.law.csuohio.edu/,2015,,
116,CLEVELAND STATE,http://www.law.csuohio.edu/,2014,,
116,CLEVELAND STATE,http://www.law.csuohio.edu/,2013,,
116,CLEVELAND STATE,http://www.law.csuohio.edu/,2012,,
116,CLEVELAND STATE,http://www.law.csuohio.edu/,2011,,
116,CLEVELAND STATE,http://www.law.csuohio.edu/,2010,,
22,COLORADO,http://www.colorado.edu/law,2016,,
22,COLORADO,http://www.colorado.edu/law,2015,,
22,COLORADO,http://www.colorado.edu/law,2014,,
22,COLORADO,http://www.colorado.edu/law,2013,,
22,COLORADO,http://www.colorado.edu/law,2012,,
22,COLORADO,http://www.colorado.edu/law,2011,,
22,COLORADO,http://www.colorado.edu/law,2010,,
101,COLUMBIA,http://www.law.columbia.edu/,2016,,
101,COLUMBIA,http://www.law.columbia.edu/,2015,,
101,COLUMBIA,http://www.law.columbia.edu/,2014,,
101,COLUMBIA,http://www.law.columbia.edu/,2013,,
101,COLUMBIA,http://www.law.columbia.edu/,2012,,
101,COLUMBIA,http://www.law.columbia.edu/,2011,,
101,COLUMBIA,http://www.law.columbia.edu/,2010,,
212,CONCORDIA,http://law.cu-portland.edu/,2016,,
212,CONCORDIA,http://law.cu-portland.edu/,2015,,
212,CONCORDIA,http://law.cu-portland.edu/,2014,,
212,CONCORDIA,http://law.cu-portland.edu/,2013,,
212,CONCORDIA,http://law.cu-portland.edu/,2012,,
212,CONCORDIA,http://law.cu-portland.edu/,2011,,
212,CONCORDIA,http://law.cu-portland.edu/,2010,,
24,CONNECTICUT,http://www.law.uconn.edu/,2016,,
24,CONNECTICUT,http://www.law.uconn.edu/,2015,,
24,CONNECTICUT,http://www.law.uconn.edu/,2014,,
24,CONNECTICUT,http://www.law.uconn.edu/,2013,,
24,CONNECTICUT,http://www.law.uconn.edu/,2012,,
24,CONNECTICUT,http://www.law.uconn.edu/,2011,,
24,CONNECTICUT,http://www.law.uconn.edu/,2010,,
99,CORNELL,http://www.lawschool.cornell.edu/,2016,,
99,CORNELL,http://www.lawschool.cornell.edu/,2015,,
99,CORNELL,http://www.lawschool.cornell.edu/,2014,,
99,CORNELL,http://www.lawschool.cornell.edu/,2013,,
99,CORNELL,http://www.lawschool.cornell.edu/,2012,,
99,CORNELL,http://www.lawschool.cornell.edu/,2011,,
99,CORNELL,http://www.lawschool.cornell.edu/,2010,,
91,CREIGHTON,http://law.creighton.edu/,2016,,
91,CREIGHTON,http://law.creighton.edu/,2015,,
91,CREIGHTON,http://law.creighton.edu/,2014,,
91,CREIGHTON,http://law.creighton.edu/,2013,,
91,CREIGHTON,http://law.creighton.edu/,2012,,
91,CREIGHTON,http://law.creighton.edu/,2011,,
91,CREIGHTON,http://law.creighton.edu/,2010,,
121,DAYTON,http://law.udayton.edu/,2016,,
121,DAYTON,http://law.udayton.edu/,2015,,
121,DAYTON,http://law.udayton.edu/,2014,,
121,DAYTON,http://law.udayton.edu/,2013,,
121,DAYTON,http://law.udayton.edu/,2012,,
121,DAYTON,http://law.udayton.edu/,2011,,
121,DAYTON,http://law.udayton.edu/,2010,,
23,DENVER,http://www.law.du.edu/,2016,,
23,DENVER,http://www.law.du.edu/,2015,,
23,DENVER,http://www.law.du.edu/,2014,,
23,DENVER,http://www.law.du.edu/,2013,,
23,DENVER,http://www.law.du.edu/,2012,,
23,DENVER,http://www.law.du.edu/,2011,,
23,DENVER,http://www.law.du.edu/,2010,,
46,DEPAUL,http://www.law.depaul.edu/,2016,,
46,DEPAUL,http://www.law.depaul.edu/,2015,,
46,DEPAUL,http://www.law.depaul.edu/,2014,,
46,DEPAUL,http://www.law.depaul.edu/,2013,,
46,DEPAUL,http://www.law.depaul.edu/,2012,,
46,DEPAUL,http://www.law.depaul.edu/,2011,,
46,DEPAUL,http://www.law.depaul.edu/,2010,,
78,DETROIT MERCY,http://www.law.udmercy.edu/,2016,,
78,DETROIT MERCY,http://www.law.udmercy.edu/,2015,,
78,DETROIT MERCY,http://www.law.udmercy.edu/,2014,,
78,DETROIT MERCY,http://www.law.udmercy.edu/,2013,,
78,DETROIT MERCY,http://www.law.udmercy.edu/,2012,,
78,DETROIT MERCY,http://www.law.udmercy.edu/,2011,,
78,DETROIT MERCY,http://www.law.udmercy.edu/,2010,,
180,DISTRICT OF COLUMBIA,http://www.law.udc.edu/,2016,,
180,DISTRICT OF COLUMBIA,http://www.law.udc.edu/,2015,,
180,DISTRICT OF COLUMBIA,http://www.law.udc.edu/,2014,,
180,DISTRICT OF COLUMBIA,http://www.law.udc.edu/,2013,,
180,DISTRICT OF COLUMBIA,http://www.law.udc.edu/,2012,,
180,DISTRICT OF COLUMBIA,http://www.law.udc.edu/,2011,,
180,DISTRICT OF COLUMBIA,http://www.law.udc.edu/,2010,,
55,DRAKE,http://www.law.drake.edu/,2016,,
55,DRAKE,http://www.law.drake.edu/,2015,,
55,DRAKE,http://www.law.drake.edu/,2014,,
55,DRAKE,http://www.law.drake.edu/,2013,,
55,DRAKE,http://www.law.drake.edu/,2012,,
55,DRAKE,http://www.law.drake.edu/,2011,,
55,DRAKE,http://www.law.drake.edu/,2010,,
207,DREXEL,http://www.drexel.edu/law/,2016,,
207,DREXEL,http://www.drexel.edu/law/,2015,,
207,DREXEL,http://www.drexel.edu/law/,2014,,
207,DREXEL,http://www.drexel.edu/law/,2013,,
207,DREXEL,http://www.drexel.edu/law/,2012,,
207,DREXEL,http://www.drexel.edu/law/,2011,,
207,DREXEL,http://www.drexel.edu/law/,2010,,
109,DUKE,http://www.law.duke.edu/,2016,,
109,DUKE,http://www.law.duke.edu/,2015,,
109,DUKE,http://www.law.duke.edu/,2014,,
109,DUKE,http://www.law.duke.edu/,2013,,
109,DUKE,http://www.law.duke.edu/,2012,,
109,DUKE,http://www.law.duke.edu/,2011,,
109,DUKE,http://www.law.duke.edu/,2010,,
131,DUQUESNE,http://www.law.duq.edu/,2016,,
131,DUQUESNE,http://www.law.duq.edu/,2015,,
131,DUQUESNE,http://www.law.duq.edu/,2014,,
131,DUQUESNE,http://www.law.duq.edu/,2013,,
131,DUQUESNE,http://www.law.duq.edu/,2012,,
131,DUQUESNE,http://www.law.duq.edu/,2011,,
131,DUQUESNE,http://www.law.duq.edu/,2010,,
205,ELON,http://www.elon.edu/e-web/law,2016,,
205,ELON,http://www.elon.edu/e-web/law,2015,,
205,ELON,http://www.elon.edu/e-web/law,2014,,
205,ELON,http://www.elon.edu/e-web/law,2013,,
205,ELON,http://www.elon.edu/e-web/law,2012,,
205,ELON,http://www.elon.edu/e-web/law,2011,,
205,ELON,http://www.elon.edu/e-web/law,2010,,
39,EMORY,http://www.law.emory.edu/,2016,,
39,EMORY,http://www.law.emory.edu/,2015,,
39,EMORY,http://www.law.emory.edu/,2014,,
39,EMORY,http://www.law.emory.edu/,2013,,
39,EMORY,http://www.law.emory.edu/,2012,,
39,EMORY,http://www.law.emory.edu/,2011,,
39,EMORY,http://www.law.emory.edu/,2010,,
200,FAULKNER,http://www.faulkner.edu/jsl/,2016,,
200,FAULKNER,http://www.faulkner.edu/jsl/,2015,,
200,FAULKNER,http://www.faulkner.edu/jsl/,2014,,
200,FAULKNER,http://www.faulkner.edu/jsl/,2013,,
200,FAULKNER,http://www.faulkner.edu/jsl/,2012,,
200,FAULKNER,http://www.faulkner.edu/jsl/,2011,,
200,FAULKNER,http://www.faulkner.edu/jsl/,2010,,
34,FLORIDA,http://www.law.ufl.edu/,2016,,
34,FLORIDA,http://www.law.ufl.edu/,2015,,
34,FLORIDA,http://www.law.ufl.edu/,2014,,
34,FLORIDA,http://www.law.ufl.edu/,2013,,
34,FLORIDA,http://www.law.ufl.edu/,2012,,
34,FLORIDA,http://www.law.ufl.edu/,2011,,
34,FLORIDA,http://www.law.ufl.edu/,2010,,
195,FLORIDA A&M,http://law.famu.edu/,2016,,
195,FLORIDA A&M,http://law.famu.edu/,2015,,
195,FLORIDA A&M,http://law.famu.edu/,2014,,
195,FLORIDA A&M,http://law.famu.edu/,2013,,
195,FLORIDA A&M,http://law.famu.edu/,2012,,
195,FLORIDA A&M,http://law.famu.edu/,2011,,
195,FLORIDA A&M,http://law.famu.edu/,2010,,
189,FLORIDA COASTAL,http://www.fcsl.edu/,2016,,
189,FLORIDA COASTAL,http://www.fcsl.edu/,2015,,
189,FLORIDA COASTAL,http://www.fcsl.edu/,2014,,
189,FLORIDA COASTAL,http://www.fcsl.edu/,2013,,
189,FLORIDA COASTAL,http://www.fcsl.edu/,2012,,
189,FLORIDA COASTAL,http://www.fcsl.edu/,2011,,
189,FLORIDA COASTAL,http://www.fcsl.edu/,2010,,
196,FLORIDA INTERNATIONAL,http://law.fiu.edu/,2016,,
196,FLORIDA INTERNATIONAL,http://law.fiu.edu/,2015,,
196,FLORIDA INTERNATIONAL,http://law.fiu.edu/,2014,,
196,FLORIDA INTERNATIONAL,http://law.fiu.edu/,2013,,
196,FLORIDA INTERNATIONAL,http://law.fiu.edu/,2012,,
196,FLORIDA INTERNATIONAL,http://law.fiu.edu/,2011,,
196,FLORIDA INTERNATIONAL,http://law.fiu.edu/,2010,,
36,FLORIDA STATE,http://www.law.fsu.edu/,2016,,
36,FLORIDA STATE,http://www.law.fsu.edu/,2015,,
36,FLORIDA STATE,http://www.law.fsu.edu/,2014,,
36,FLORIDA STATE,http://www.law.fsu.edu/,2013,,
36,FLORIDA STATE,http://www.law.fsu.edu/,2012,,
36,FLORIDA STATE,http://www.law.fsu.edu/,2011,,
36,FLORIDA STATE,http://www.law.fsu.edu/,2010,,
102,FORDHAM,http://law.fordham.edu,2016,,
102,FORDHAM,http://law.fordham.edu,2015,,
102,FORDHAM,http://law.fordham.edu,2014,,
102,FORDHAM,http://law.fordham.edu,2013,,
102,FORDHAM,http://law.fordham.edu,2012,,
102,FORDHAM,http://law.fordham.edu,2011,,
102,FORDHAM,http://law.fordham.edu,2010,,
171,GEORGE MASON,http://www.law.gmu.edu/,2016,,
171,GEORGE MASON,http://www.law.gmu.edu/,2015,,
171,GEORGE MASON,http://www.law.gmu.edu/,2014,,
171,GEORGE MASON,http://www.law.gmu.edu/,2013,,
171,GEORGE MASON,http://www.law.gmu.edu/,2012,,
171,GEORGE MASON,http://www.law.gmu.edu/,2011,,
171,GEORGE MASON,http://www.law.gmu.edu/,2010,,
31,GEORGE WASHINGTON,http://www.law.gwu.edu/,2016,,
31,GEORGE WASHINGTON,http://www.law.gwu.edu/,2015,,
31,GEORGE WASHINGTON,http://www.law.gwu.edu/,2014,,
31,GEORGE WASHINGTON,http://www.law.gwu.edu/,2013,,
31,GEORGE WASHINGTON,http://www.law.gwu.edu/,2012,,
31,GEORGE WASHINGTON,http://www.law.gwu.edu/,2011,,
31,GEORGE WASHINGTON,http://www.law.gwu.edu/,2010,,
30,GEORGETOWN,http://www.law.georgetown.edu/,2016,,
30,GEORGETOWN,http://www.law.georgetown.edu/,2015,,
30,GEORGETOWN,http://www.law.georgetown.edu/,2014,,
30,GEORGETOWN,http://www.law.georgetown.edu/,2013,,
30,GEORGETOWN,http://www.law.georgetown.edu/,2012,,
30,GEORGETOWN,http://www.law.georgetown.edu/,2011,,
30,GEORGETOWN,http://www.law.georgetown.edu/,2010,,
38,GEORGIA,http://www.law.uga.edu/,2016,,
38,GEORGIA,http://www.law.uga.edu/,2015,,
38,GEORGIA,http://www.law.uga.edu/,2014,,
38,GEORGIA,http://www.law.uga.edu/,2013,,
38,GEORGIA,http://www.law.uga.edu/,2012,,
38,GEORGIA,http://www.law.uga.edu/,2011,,
38,GEORGIA,http://www.law.uga.edu/,2010,,
175,GEORGIA STATE,http://law.gsu.edu/,2016,,
175,GEORGIA STATE,http://law.gsu.edu/,2015,,
175,GEORGIA STATE,http://law.gsu.edu/,2014,,
175,GEORGIA STATE,http://law.gsu.edu/,2013,,
175,GEORGIA STATE,http://law.gsu.edu/,2012,,
175,GEORGIA STATE,http://law.gsu.edu/,2011,,
175,GEORGIA STATE,http://law.gsu.edu/,2010,,
17,GOLDEN GATE,http://www.ggu.edu/law,2016,,
17,GOLDEN GATE,http://www.ggu.edu/law,2015,,
17,GOLDEN GATE,http://www.ggu.edu/law,2014,,
17,GOLDEN GATE,http://www.ggu.edu/law,2013,,
17,GOLDEN GATE,http://www.ggu.edu/law,2012,,
17,GOLDEN GATE,http://www.ggu.edu/law,2011,,
17,GOLDEN GATE,http://www.ggu.edu/law,2010,,
159,GONZAGA,http://www.law.gonzaga.edu/,2016,,
159,GONZAGA,http://www.law.gonzaga.edu/,2015,,
159,GONZAGA,http://www.law.gonzaga.edu/,2014,,
159,GONZAGA,http://www.law.gonzaga.edu/,2013,,
159,GONZAGA,http://www.law.gonzaga.edu/,2012,,
159,GONZAGA,http://www.law.gonzaga.edu/,2011,,
159,GONZAGA,http://www.law.gonzaga.edu/,2010,,
74,HARVARD,http://www.law.harvard.edu/,2016,,
74,HARVARD,http://www.law.harvard.edu/,2015,,
74,HARVARD,http://www.law.harvard.edu/,2014,,
74,HARVARD,http://www.law.harvard.edu/,2013,,
74,HARVARD,http://www.law.harvard.edu/,2012,,
74,HARVARD,http://www.law.harvard.edu/,2011,,
74,HARVARD,http://www.law.harvard.edu/,2010,,
41,HAWAII,http://www.law.hawaii.edu/,2016,,
41,HAWAII,http://www.law.hawaii.edu/,2015,,
41,HAWAII,http://www.law.hawaii.edu/,2014,,
41,HAWAII,http://www.law.hawaii.edu/,2013,,
41,HAWAII,http://www.law.hawaii.edu/,2012,,
41,HAWAII,http://www.law.hawaii.edu/,2011,,
41,HAWAII,http://www.law.hawaii.edu/,2010,,
103,HOFSTRA,http://www.hofstra.edu/law,2016,,
103,HOFSTRA,http://www.hofstra.edu/law,2015,,
103,HOFSTRA,http://www.hofstra.edu/law,2014,,
103,HOFSTRA,http://www.hofstra.edu/law,2013,,
103,HOFSTRA,http://www.hofstra.edu/law,2012,,
103,HOFSTRA,http://www.hofstra.edu/law,2011,,
103,HOFSTRA,http://www.hofstra.edu/law,2010,,
144,HOUSTON,http://www.law.uh.edu/,2016,,
144,HOUSTON,http://www.law.uh.edu/,2015,,
144,HOUSTON,http://www.law.uh.edu/,2014,,
144,HOUSTON,http://www.law.uh.edu/,2013,,
144,HOUSTON,http://www.law.uh.edu/,2012,,
144,HOUSTON,http://www.law.uh.edu/,2011,,
144,HOUSTON,http://www.law.uh.edu/,2010,,
32,HOWARD,http://www.law.howard.edu/,2016,,
32,HOWARD,http://www.law.howard.edu/,2015,,
32,HOWARD,http://www.law.howard.edu/,2014,,
32,HOWARD,http://www.law.howard.edu/,2013,,
32,HOWARD,http://www.law.howard.edu/,2012,,
32,HOWARD,http://www.law.howard.edu/,2011,,
32,HOWARD,http://www.law.howard.edu/,2010,,
42,IDAHO,http://www.uidaho.edu/law/,2016,,
42,IDAHO,http://www.uidaho.edu/law/,2015,,
42,IDAHO,http://www.uidaho.edu/law/,2014,,
42,IDAHO,http://www.uidaho.edu/law/,2013,,
42,IDAHO,http://www.uidaho.edu/law/,2012,,
42,IDAHO,http://www.uidaho.edu/law/,2011,,
42,IDAHO,http://www.uidaho.edu/law/,2010,,
44,ILLINOIS,http://www.law.uiuc.edu/,2016,,
44,ILLINOIS,http://www.law.uiuc.edu/,2015,,
44,ILLINOIS,http://www.law.uiuc.edu/,2014,,
44,ILLINOIS,http://www.law.uiuc.edu/,2013,,
44,ILLINOIS,http://www.law.uiuc.edu/,2012,,
44,ILLINOIS,http://www.law.uiuc.edu/,2011,,
44,ILLINOIS,http://www.law.uiuc.edu/,2010,,
51,INDIANA - BLOOMINGTON,http://www.law.indiana.edu/,2016,,
51,INDIANA - BLOOMINGTON,http://www.law.indiana.edu/,2015,,
51,INDIANA - BLOOMINGTON,http://www.law.indiana.edu/,2014,,
51,INDIANA - BLOOMINGTON,http://www.law.indiana.edu/,2013,,
51,INDIANA - BLOOMINGTON,http://www.law.indiana.edu/,2012,,
51,INDIANA - BLOOMINGTON,http://www.law.indiana.edu/,2011,,
51,INDIANA - BLOOMINGTON,http://www.law.indiana.edu/,2010,,
52,INDIANA UNIVERSITY - INDIANAPOLIS,http://www.mckinneylaw.iu.edu,2016,,
52,INDIANA UNIVERSITY - INDIANAPOLIS,http://www.mckinneylaw.iu.edu,2015,,
52,INDIANA UNIVERSITY - INDIANAPOLIS,http://www.mckinneylaw.iu.edu,2014,,
52,INDIANA UNIVERSITY - INDIANAPOLIS,http://www.mckinneylaw.iu.edu,2013,,
52,INDIANA UNIVERSITY - INDIANAPOLIS,http://www.mckinneylaw.iu.edu,2012,,
52,INDIANA UNIVERSITY - INDIANAPOLIS,http://www.mckinneylaw.iu.edu,2011,,
52,INDIANA UNIVERSITY - INDIANAPOLIS,http://www.mckinneylaw.iu.edu,2010,,
134,INTER-AMERICAN,http://www.derecho.inter.edu/,2016,,
134,INTER-AMERICAN,http://www.derecho.inter.edu/,2015,,
134,INTER-AMERICAN,http://www.derecho.inter.edu/,2014,,
134,INTER-AMERICAN,http://www.derecho.inter.edu/,2013,,
134,INTER-AMERICAN,http://www.derecho.inter.edu/,2012,,
134,INTER-AMERICAN,http://www.derecho.inter.edu/,2011,,
134,INTER-AMERICAN,http://www.derecho.inter.edu/,2010,,
56,IOWA,http://www.law.uiowa.edu/,2016,,
56,IOWA,http://www.law.uiowa.edu/,2015,,
56,IOWA,http://www.law.uiowa.edu/,2014,,
56,IOWA,http://www.law.uiowa.edu/,2013,,
56,IOWA,http://www.law.uiowa.edu/,2012,,
56,IOWA,http://www.law.uiowa.edu/,2011,,
56,IOWA,http://www.law.uiowa.edu/,2010,,
57,KANSAS,http://www.law.ku.edu/,2016,,
57,KANSAS,http://www.law.ku.edu/,2015,,
57,KANSAS,http://www.law.ku.edu/,2014,,
57,KANSAS,http://www.law.ku.edu/,2013,,
57,KANSAS,http://www.law.ku.edu/,2012,,
57,KANSAS,http://www.law.ku.edu/,2011,,
57,KANSAS,http://www.law.ku.edu/,2010,,
60,KENTUCKY,http://www.uky.edu/Law/,2016,,
60,KENTUCKY,http://www.uky.edu/Law/,2015,,
60,KENTUCKY,http://www.uky.edu/Law/,2014,,
60,KENTUCKY,http://www.uky.edu/Law/,2013,,
60,KENTUCKY,http://www.uky.edu/Law/,2012,,
60,KENTUCKY,http://www.uky.edu/Law/,2011,,
60,KENTUCKY,http://www.uky.edu/Law/,2010,,
198,LA VERNE,http://law.laverne.edu/,2016,,
198,LA VERNE,http://law.laverne.edu/,2015,,
198,LA VERNE,http://law.laverne.edu/,2014,,
198,LA VERNE,http://law.laverne.edu/,2013,,
198,LA VERNE,http://law.laverne.edu/,2012,,
198,LA VERNE,http://law.laverne.edu/,2011,,
198,LA VERNE,http://law.laverne.edu/,2010,,
126,LEWIS AND CLARK,http://law.lclark.edu,2016,,
126,LEWIS AND CLARK,http://law.lclark.edu,2015,,
126,LEWIS AND CLARK,http://law.lclark.edu,2014,,
126,LEWIS AND CLARK,http://law.lclark.edu,2013,,
126,LEWIS AND CLARK,http://law.lclark.edu,2012,,
126,LEWIS AND CLARK,http://law.lclark.edu,2011,,
126,LEWIS AND CLARK,http://law.lclark.edu,2010,,
199,LIBERTY,http://law.liberty.edu/,2016,,
199,LIBERTY,http://law.liberty.edu/,2015,,
199,LIBERTY,http://law.liberty.edu/,2014,,
199,LIBERTY,http://law.liberty.edu/,2013,,
199,LIBERTY,http://law.liberty.edu/,2012,,
199,LIBERTY,http://law.liberty.edu/,2011,,
199,LIBERTY,http://law.liberty.edu/,2010,,
215,LINCOLN MEMORIAL,http://law.lmunet.edu/,2016,,
215,LINCOLN MEMORIAL,http://law.lmunet.edu/,2015,,
215,LINCOLN MEMORIAL,http://law.lmunet.edu/,2014,,
215,LINCOLN MEMORIAL,http://law.lmunet.edu/,2013,,
215,LINCOLN MEMORIAL,http://law.lmunet.edu/,2012,,
215,LINCOLN MEMORIAL,http://law.lmunet.edu/,2011,,
215,LINCOLN MEMORIAL,http://law.lmunet.edu/,2010,,
62,LOUISIANA STATE,http://www.law.lsu.edu/,2016,,
62,LOUISIANA STATE,http://www.law.lsu.edu/,2015,,
62,LOUISIANA STATE,http://www.law.lsu.edu/,2014,,
62,LOUISIANA STATE,http://www.law.lsu.edu/,2013,,
62,LOUISIANA STATE,http://www.law.lsu.edu/,2012,,
62,LOUISIANA STATE,http://www.law.lsu.edu/,2011,,
62,LOUISIANA STATE,http://www.law.lsu.edu/,2010,,
61,LOUISVILLE,http://www.law.louisville.edu/,2016,,
61,LOUISVILLE,http://www.law.louisville.edu/,2015,,
61,LOUISVILLE,http://www.law.louisville.edu/,2014,,
61,LOUISVILLE,http://www.law.louisville.edu/,2013,,
61,LOUISVILLE,http://www.law.louisville.edu/,2012,,
61,LOUISVILLE,http://www.law.louisville.edu/,2011,,
61,LOUISVILLE,http://www.law.louisville.edu/,2010,,
48,LOYOLA - CHICAGO,http://www.luc.edu/law/,2016,,
48,LOYOLA - CHICAGO,http://www.luc.edu/law/,2015,,
48,LOYOLA - CHICAGO,http://www.luc.edu/law/,2014,,
48,LOYOLA - CHICAGO,http://www.luc.edu/law/,2013,,
48,LOYOLA - CHICAGO,http://www.luc.edu/law/,2012,,
48,LOYOLA - CHICAGO,http://www.luc.edu/law/,2011,,
48,LOYOLA - CHICAGO,http://www.luc.edu/law/,2010,,
10,LOYOLA - LOS ANGELES,http://www.lls.edu/,2016,,
10,LOYOLA - LOS ANGELES,http://www.lls.edu/,2015,,
10,LOYOLA - LOS ANGELES,http://www.lls.edu/,2014,,
10,LOYOLA - LOS ANGELES,http://www.lls.edu/,2013,,
10,LOYOLA - LOS ANGELES,http://www.lls.edu/,2012,,
10,LOYOLA - LOS ANGELES,http://www.lls.edu/,2011,,
10,LOYOLA - LOS ANGELES,http://www.lls.edu/,2010,,
64,LOYOLA - NEW ORLEANS,http://www.loyno.edu/law,2016,,
64,LOYOLA - NEW ORLEANS,http://www.loyno.edu/law,2015,,
64,LOYOLA - NEW ORLEANS,http://www.loyno.edu/law,2014,,
64,LOYOLA - NEW ORLEANS,http://www.loyno.edu/law,2013,,
64,LOYOLA - NEW ORLEANS,http://www.loyno.edu/law,2012,,
64,LOYOLA - NEW ORLEANS,http://www.loyno.edu/law,2011,,
64,LOYOLA - NEW ORLEANS,http://www.loyno.edu/law,2010,,
66,MAINE,http://mainelaw.maine.edu/,2016,,
66,MAINE,http://mainelaw.maine.edu/,2015,,
66,MAINE,http://mainelaw.maine.edu/,2014,,
66,MAINE,http://mainelaw.maine.edu/,2013,,
66,MAINE,http://mainelaw.maine.edu/,2012,,
66,MAINE,http://mainelaw.maine.edu/,2011,,
66,MAINE,http://mainelaw.maine.edu/,2010,,
163,MARQUETTE,http://www.mu.edu/dept/law,2016,,
163,MARQUETTE,http://www.mu.edu/dept/law,2015,,
163,MARQUETTE,http://www.mu.edu/dept/law,2014,,
163,MARQUETTE,http://www.mu.edu/dept/law,2013,,
163,MARQUETTE,http://www.mu.edu/dept/law,2012,,
163,MARQUETTE,http://www.mu.edu/dept/law,2011,,
163,MARQUETTE,http://www.mu.edu/dept/law,2010,,
68,MARYLAND,http://www.law.umaryland.edu/,2016,,
68,MARYLAND,http://www.law.umaryland.edu/,2015,,
68,MARYLAND,http://www.law.umaryland.edu/,2014,,
68,MARYLAND,http://www.law.umaryland.edu/,2013,,
68,MARYLAND,http://www.law.umaryland.edu/,2012,,
68,MARYLAND,http://www.law.umaryland.edu/,2011,,
68,MARYLAND,http://www.law.umaryland.edu/,2010,,
216,MASSACHUSETTS,http://www.umassd.edu/law/,2016,,
216,MASSACHUSETTS,http://www.umassd.edu/law/,2015,,
216,MASSACHUSETTS,http://www.umassd.edu/law/,2014,,
216,MASSACHUSETTS,http://www.umassd.edu/law/,2013,,
216,MASSACHUSETTS,http://www.umassd.edu/law/,2012,,
216,MASSACHUSETTS,http://www.umassd.edu/law/,2011,,
216,MASSACHUSETTS,http://www.umassd.edu/law/,2010,,
13,MCGEORGE,http://www.mcgeorge.edu/,2016,,
13,MCGEORGE,http://www.mcgeorge.edu/,2015,,
13,MCGEORGE,http://www.mcgeorge.edu/,2014,,
13,MCGEORGE,http://www.mcgeorge.edu/,2013,,
13,MCGEORGE,http://www.mcgeorge.edu/,2012,,
13,MCGEORGE,http://www.mcgeorge.edu/,2011,,
13,MCGEORGE,http://www.mcgeorge.edu/,2010,,
140,MEMPHIS,http://www.memphis.edu/law/,2016,,
140,MEMPHIS,http://www.memphis.edu/law/,2015,,
140,MEMPHIS,http://www.memphis.edu/law/,2014,,
140,MEMPHIS,http://www.memphis.edu/law/,2013,,
140,MEMPHIS,http://www.memphis.edu/law/,2012,,
140,MEMPHIS,http://www.memphis.edu/law/,2011,,
140,MEMPHIS,http://www.memphis.edu/law/,2010,,
40,MERCER,http://www.law.mercer.edu/,2016,,
40,MERCER,http://www.law.mercer.edu/,2015,,
40,MERCER,http://www.law.mercer.edu/,2014,,
40,MERCER,http://www.law.mercer.edu/,2013,,
40,MERCER,http://www.law.mercer.edu/,2012,,
40,MERCER,http://www.law.mercer.edu/,2011,,
40,MERCER,http://www.law.mercer.edu/,2010,,
33,MIAMI,http://www.law.miami.edu/,2016,,
33,MIAMI,http://www.law.miami.edu/,2015,,
33,MIAMI,http://www.law.miami.edu/,2014,,
33,MIAMI,http://www.law.miami.edu/,2013,,
33,MIAMI,http://www.law.miami.edu/,2012,,
33,MIAMI,http://www.law.miami.edu/,2011,,
33,MIAMI,http://www.law.miami.edu/,2010,,
76,MICHIGAN,http://www.law.umich.edu/,2016,,
76,MICHIGAN,http://www.law.umich.edu/,2015,,
76,MICHIGAN,http://www.law.umich.edu/,2014,,
76,MICHIGAN,http://www.law.umich.edu/,2013,,
76,MICHIGAN,http://www.law.umich.edu/,2012,,
76,MICHIGAN,http://www.law.umich.edu/,2011,,
76,MICHIGAN,http://www.law.umich.edu/,2010,,
77,MICHIGAN STATE,http://www.law.msu.edu/,2016,,
77,MICHIGAN STATE,http://www.law.msu.edu/,2015,,
77,MICHIGAN STATE,http://www.law.msu.edu/,2014,,
77,MICHIGAN STATE,http://www.law.msu.edu/,2013,,
77,MICHIGAN STATE,http://www.law.msu.edu/,2012,,
77,MICHIGAN STATE,http://www.law.msu.edu/,2011,,
77,MICHIGAN STATE,http://www.law.msu.edu/,2010,,
81,MINNESOTA,http://www.law.umn.edu/,2016,,
81,MINNESOTA,http://www.law.umn.edu/,2015,,
81,MINNESOTA,http://www.law.umn.edu/,2014,,
81,MINNESOTA,http://www.law.umn.edu/,2013,,
81,MINNESOTA,http://www.law.umn.edu/,2012,,
81,MINNESOTA,http://www.law.umn.edu/,2011,,
81,MINNESOTA,http://www.law.umn.edu/,2010,,
84,MISSISSIPPI,http://www.law.olemiss.edu/,2016,,
84,MISSISSIPPI,http://www.law.olemiss.edu/,2015,,
84,MISSISSIPPI,http://www.law.olemiss.edu/,2014,,
84,MISSISSIPPI,http://www.law.olemiss.edu/,2013,,
84,MISSISSIPPI,http://www.law.olemiss.edu/,2012,,
84,MISSISSIPPI,http://www.law.olemiss.edu/,2011,,
84,MISSISSIPPI,http://www.law.olemiss.edu/,2010,,
172,MISSISSIPPI COLLEGE,http://law.mc.edu/,2016,,
172,MISSISSIPPI COLLEGE,http://law.mc.edu/,2015,,
172,MISSISSIPPI COLLEGE,http://law.mc.edu/,2014,,
172,MISSISSIPPI COLLEGE,http://law.mc.edu/,2013,,
172,MISSISSIPPI COLLEGE,http://law.mc.edu/,2012,,
172,MISSISSIPPI COLLEGE,http://law.mc.edu/,2011,,
172,MISSISSIPPI COLLEGE,http://law.mc.edu/,2010,,
85,MISSOURI,http://www.law.missouri.edu/,2016,,
85,MISSOURI,http://www.law.missouri.edu/,2015,,
85,MISSOURI,http://www.law.missouri.edu/,2014,,
85,MISSOURI,http://www.law.missouri.edu/,2013,,
85,MISSOURI,http://www.law.missouri.edu/,2012,,
85,MISSOURI,http://www.law.missouri.edu/,2011,,
85,MISSOURI,http://www.law.missouri.edu/,2010,,
86,MISSOURI - KANSAS CITY,http://www.law.umkc.edu/,2016,,
86,MISSOURI - KANSAS CITY,http://www.law.umkc.edu/,2015,,
86,MISSOURI - KANSAS CITY,http://www.law.umkc.edu/,2014,,
86,MISSOURI - KANSAS CITY,http://www.law.umkc.edu/,2013,,
86,MISSOURI - KANSAS CITY,http://www.law.umkc.edu/,2012,,
86,MISSOURI - KANSAS CITY,http://www.law.umkc.edu/,2011,,
86,MISSOURI - KANSAS CITY,http://www.law.umkc.edu/,2010,,
226,MITCHELL|HAMLINE,http://mitchellhamline.edu/,2016,,
226,MITCHELL|HAMLINE,http://mitchellhamline.edu/,2015,,
226,MITCHELL|HAMLINE,http://mitchellhamline.edu/,2014,,
226,MITCHELL|HAMLINE,http://mitchellhamline.edu/,2013,,
226,MITCHELL|HAMLINE,http://mitchellhamline.edu/,2012,,
226,MITCHELL|HAMLINE,http://mitchellhamline.edu/,2011,,
226,MITCHELL|HAMLINE,http://mitchellhamline.edu/,2010,,
89,MONTANA,http://www.umt.edu/law,2016,,
89,MONTANA,http://www.umt.edu/law,2015,,
89,MONTANA,http://www.umt.edu/law,2014,,
89,MONTANA,http://www.umt.edu/law,2013,,
89,MONTANA,http://www.umt.edu/law,2012,,
89,MONTANA,http://www.umt.edu/law,2011,,
89,MONTANA,http://www.umt.edu/law,2010,,
90,NEBRASKA,http://law.unl.edu/,2016,,
90,NEBRASKA,http://law.unl.edu/,2015,,
90,NEBRASKA,http://law.unl.edu/,2014,,
90,NEBRASKA,http://law.unl.edu/,2013,,
90,NEBRASKA,http://law.unl.edu/,2012,,
90,NEBRASKA,http://law.unl.edu/,2011,,
90,NEBRASKA,http://law.unl.edu/,2010,,
190,NEVADA,http://law.unlv.edu/,2016,,
190,NEVADA,http://law.unlv.edu/,2015,,
190,NEVADA,http://law.unlv.edu/,2014,,
190,NEVADA,http://law.unlv.edu/,2013,,
190,NEVADA,http://law.unlv.edu/,2012,,
190,NEVADA,http://law.unlv.edu/,2011,,
190,NEVADA,http://law.unlv.edu/,2010,,
70,NEW ENGLAND LAW | BOSTON,http://www.nesl.edu/,2016,,
70,NEW ENGLAND LAW | BOSTON,http://www.nesl.edu/,2015,,
70,NEW ENGLAND LAW | BOSTON,http://www.nesl.edu/,2014,,
70,NEW ENGLAND LAW | BOSTON,http://www.nesl.edu/,2013,,
70,NEW ENGLAND LAW | BOSTON,http://www.nesl.edu/,2012,,
70,NEW ENGLAND LAW | BOSTON,http://www.nesl.edu/,2011,,
70,NEW ENGLAND LAW | BOSTON,http://www.nesl.edu/,2010,,
92,NEW HAMPSHIRE,http://law.unh.edu/,2016,,
92,NEW HAMPSHIRE,http://law.unh.edu/,2015,,
92,NEW HAMPSHIRE,http://law.unh.edu/,2014,,
92,NEW HAMPSHIRE,http://law.unh.edu/,2013,,
92,NEW HAMPSHIRE,http://law.unh.edu/,2012,,
92,NEW HAMPSHIRE,http://law.unh.edu/,2011,,
92,NEW HAMPSHIRE,http://law.unh.edu/,2010,,
96,NEW MEXICO,http://lawschool.unm.edu/,2016,,
96,NEW MEXICO,http://lawschool.unm.edu/,2015,,
96,NEW MEXICO,http://lawschool.unm.edu/,2014,,
96,NEW MEXICO,http://lawschool.unm.edu/,2013,,
96,NEW MEXICO,http://lawschool.unm.edu/,2012,,
96,NEW MEXICO,http://lawschool.unm.edu/,2011,,
96,NEW MEXICO,http://lawschool.unm.edu/,2010,,
104,NEW YORK LAW SCHOOL,http://www.nyls.edu/,2016,,
104,NEW YORK LAW SCHOOL,http://www.nyls.edu/,2015,,
104,NEW YORK LAW SCHOOL,http://www.nyls.edu/,2014,,
104,NEW YORK LAW SCHOOL,http://www.nyls.edu/,2013,,
104,NEW YORK LAW SCHOOL,http://www.nyls.edu/,2012,,
104,NEW YORK LAW SCHOOL,http://www.nyls.edu/,2011,,
104,NEW YORK LAW SCHOOL,http://www.nyls.edu/,2010,,
105,NEW YORK UNIVERSITY,http://www.law.nyu.edu/,2016,,
105,NEW YORK UNIVERSITY,http://www.law.nyu.edu/,2015,,
105,NEW YORK UNIVERSITY,http://www.law.nyu.edu/,2014,,
105,NEW YORK UNIVERSITY,http://www.law.nyu.edu/,2013,,
105,NEW YORK UNIVERSITY,http://www.law.nyu.edu/,2012,,
105,NEW YORK UNIVERSITY,http://www.law.nyu.edu/,2011,,
105,NEW YORK UNIVERSITY,http://www.law.nyu.edu/,2010,,
108,NORTH CAROLINA,http://www.law.unc.edu/,2016,,
108,NORTH CAROLINA,http://www.law.unc.edu/,2015,,
108,NORTH CAROLINA,http://www.law.unc.edu/,2014,,
108,NORTH CAROLINA,http://www.law.unc.edu/,2013,,
108,NORTH CAROLINA,http://www.law.unc.edu/,2012,,
108,NORTH CAROLINA,http://www.law.unc.edu/,2011,,
108,NORTH CAROLINA,http://www.law.unc.edu/,2010,,
110,NORTH CAROLINA CENTRAL,http://law.nccu.edu,2016,,
110,NORTH CAROLINA CENTRAL,http://law.nccu.edu,2015,,
110,NORTH CAROLINA CENTRAL,http://law.nccu.edu,2014,,
110,NORTH CAROLINA CENTRAL,http://law.nccu.edu,2013,,
110,NORTH CAROLINA CENTRAL,http://law.nccu.edu,2012,,
110,NORTH CAROLINA CENTRAL,http://law.nccu.edu,2011,,
110,NORTH CAROLINA CENTRAL,http://law.nccu.edu,2010,,
112,NORTH DAKOTA,http://www.law.und.nodak.edu/,2016,,
112,NORTH DAKOTA,http://www.law.und.nodak.edu/,2015,,
112,NORTH DAKOTA,http://www.law.und.nodak.edu/,2014,,
112,NORTH DAKOTA,http://www.law.und.nodak.edu/,2013,,
112,NORTH DAKOTA,http://www.law.und.nodak.edu/,2012,,
112,NORTH DAKOTA,http://www.law.und.nodak.edu/,2011,,
112,NORTH DAKOTA,http://www.law.und.nodak.edu/,2010,,
71,NORTHEASTERN,http://www.northeastern.edu/law,2016,,
71,NORTHEASTERN,http://www.northeastern.edu/law,2015,,
71,NORTHEASTERN,http://www.northeastern.edu/law,2014,,
71,NORTHEASTERN,http://www.northeastern.edu/law,2013,,
71,NORTHEASTERN,http://www.northeastern.edu/law,2012,,
71,NORTHEASTERN,http://www.northeastern.edu/law,2011,,
71,NORTHEASTERN,http://www.northeastern.edu/law,2010,,
165,NORTHERN ILLINOIS,http://law.niu.edu/,2016,,
165,NORTHERN ILLINOIS,http://law.niu.edu/,2015,,
165,NORTHERN ILLINOIS,http://law.niu.edu/,2014,,
165,NORTHERN ILLINOIS,http://law.niu.edu/,2013,,
165,NORTHERN ILLINOIS,http://law.niu.edu/,2012,,
165,NORTHERN ILLINOIS,http://law.niu.edu/,2011,,
165,NORTHERN ILLINOIS,http://law.niu.edu/,2010,,
59,NORTHERN KENTUCKY,http://www.nku.edu/~chase,2016,,
59,NORTHERN KENTUCKY,http://www.nku.edu/~chase,2015,,
59,NORTHERN KENTUCKY,http://www.nku.edu/~chase,2014,,
59,NORTHERN KENTUCKY,http://www.nku.edu/~chase,2013,,
59,NORTHERN KENTUCKY,http://www.nku.edu/~chase,2012,,
59,NORTHERN KENTUCKY,http://www.nku.edu/~chase,2011,,
59,NORTHERN KENTUCKY,http://www.nku.edu/~chase,2010,,
49,NORTHWESTERN,http://www.law.northwestern.edu/,2016,,
49,NORTHWESTERN,http://www.law.northwestern.edu/,2015,,
49,NORTHWESTERN,http://www.law.northwestern.edu/,2014,,
49,NORTHWESTERN,http://www.law.northwestern.edu/,2013,,
49,NORTHWESTERN,http://www.law.northwestern.edu/,2012,,
49,NORTHWESTERN,http://www.law.northwestern.edu/,2011,,
49,NORTHWESTERN,http://www.law.northwestern.edu/,2010,,
53,NOTRE DAME,http://www.nd.edu/~ndlaw/,2016,,
53,NOTRE DAME,http://www.nd.edu/~ndlaw/,2015,,
53,NOTRE DAME,http://www.nd.edu/~ndlaw/,2014,,
53,NOTRE DAME,http://www.nd.edu/~ndlaw/,2013,,
53,NOTRE DAME,http://www.nd.edu/~ndlaw/,2012,,
53,NOTRE DAME,http://www.nd.edu/~ndlaw/,2011,,
53,NOTRE DAME,http://www.nd.edu/~ndlaw/,2010,,
37,NOVA SOUTHEASTERN,http://www.nsulaw.nova.edu/,2016,,
37,NOVA SOUTHEASTERN,http://www.nsulaw.nova.edu/,2015,,
37,NOVA SOUTHEASTERN,http://www.nsulaw.nova.edu/,2014,,
37,NOVA SOUTHEASTERN,http://www.nsulaw.nova.edu/,2013,,
37,NOVA SOUTHEASTERN,http://www.nsulaw.nova.edu/,2012,,
37,NOVA SOUTHEASTERN,http://www.nsulaw.nova.edu/,2011,,
37,NOVA SOUTHEASTERN,http://www.nsulaw.nova.edu/,2010,,
113,OHIO NORTHERN,http://www.law.onu.edu/,2016,,
113,OHIO NORTHERN,http://www.law.onu.edu/,2015,,
113,OHIO NORTHERN,http://www.law.onu.edu/,2014,,
113,OHIO NORTHERN,http://www.law.onu.edu/,2013,,
113,OHIO NORTHERN,http://www.law.onu.edu/,2012,,
113,OHIO NORTHERN,http://www.law.onu.edu/,2011,,
113,OHIO NORTHERN,http://www.law.onu.edu/,2010,,
119,OHIO STATE,http://moritzlaw.osu.edu/,2016,,
119,OHIO STATE,http://moritzlaw.osu.edu/,2015,,
119,OHIO STATE,http://moritzlaw.osu.edu/,2014,,
119,OHIO STATE,http://moritzlaw.osu.edu/,2013,,
119,OHIO STATE,http://moritzlaw.osu.edu/,2012,,
119,OHIO STATE,http://moritzlaw.osu.edu/,2011,,
119,OHIO STATE,http://moritzlaw.osu.edu/,2010,,
122,OKLAHOMA,http://www.law.ou.edu/,2016,,
122,OKLAHOMA,http://www.law.ou.edu/,2015,,
122,OKLAHOMA,http://www.law.ou.edu/,2014,,
122,OKLAHOMA,http://www.law.ou.edu/,2013,,
122,OKLAHOMA,http://www.law.ou.edu/,2012,,
122,OKLAHOMA,http://www.law.ou.edu/,2011,,
122,OKLAHOMA,http://www.law.ou.edu/,2010,,
123,OKLAHOMA CITY,http://www.okcu.edu/law,2016,,
123,OKLAHOMA CITY,http://www.okcu.edu/law,2015,,
123,OKLAHOMA CITY,http://www.okcu.edu/law,2014,,
123,OKLAHOMA CITY,http://www.okcu.edu/law,2013,,
123,OKLAHOMA CITY,http://www.okcu.edu/law,2012,,
123,OKLAHOMA CITY,http://www.okcu.edu/law,2011,,
123,OKLAHOMA CITY,http://www.okcu.edu/law,2010,,
125,OREGON,http://www.law.uoregon.edu/,2016,,
125,OREGON,http://www.law.uoregon.edu/,2015,,
125,OREGON,http://www.law.uoregon.edu/,2014,,
125,OREGON,http://www.law.uoregon.edu/,2013,,
125,OREGON,http://www.law.uoregon.edu/,2012,,
125,OREGON,http://www.law.uoregon.edu/,2011,,
125,OREGON,http://www.law.uoregon.edu/,2010,,
166,PACE,http://www.law.pace.edu/,2016,,
166,PACE,http://www.law.pace.edu/,2015,,
166,PACE,http://www.law.pace.edu/,2014,,
166,PACE,http://www.law.pace.edu/,2013,,
166,PACE,http://www.law.pace.edu/,2012,,
166,PACE,http://www.law.pace.edu/,2011,,
166,PACE,http://www.law.pace.edu/,2010,,
130,PENNSYLVANIA,http://www.law.upenn.edu/,2016,,
130,PENNSYLVANIA,http://www.law.upenn.edu/,2015,,
130,PENNSYLVANIA,http://www.law.upenn.edu/,2014,,
130,PENNSYLVANIA,http://www.law.upenn.edu/,2013,,
130,PENNSYLVANIA,http://www.law.upenn.edu/,2012,,
130,PENNSYLVANIA,http://www.law.upenn.edu/,2011,,
130,PENNSYLVANIA,http://www.law.upenn.edu/,2010,,
219,PENNSYLVANIA STATE-DICKINSON LAW,https://dickinsonlaw.psu.edu/,2016,,
219,PENNSYLVANIA STATE-DICKINSON LAW,https://dickinsonlaw.psu.edu/,2015,,
219,PENNSYLVANIA STATE-DICKINSON LAW,https://dickinsonlaw.psu.edu/,2014,,
219,PENNSYLVANIA STATE-DICKINSON LAW,https://dickinsonlaw.psu.edu/,2013,,
219,PENNSYLVANIA STATE-DICKINSON LAW,https://dickinsonlaw.psu.edu/,2012,,
219,PENNSYLVANIA STATE-DICKINSON LAW,https://dickinsonlaw.psu.edu/,2011,,
219,PENNSYLVANIA STATE-DICKINSON LAW,https://dickinsonlaw.psu.edu/,2010,,
220,PENNSYLVANIA STATE-PENN STATE LAW,http://pennstatelaw.psu.edu/,2016,,
220,PENNSYLVANIA STATE-PENN STATE LAW,http://pennstatelaw.psu.edu/,2015,,
220,PENNSYLVANIA STATE-PENN STATE LAW,http://pennstatelaw.psu.edu/,2014,,
220,PENNSYLVANIA STATE-PENN STATE LAW,http://pennstatelaw.psu.edu/,2013,,
220,PENNSYLVANIA STATE-PENN STATE LAW,http://pennstatelaw.psu.edu/,2012,,
220,PENNSYLVANIA STATE-PENN STATE LAW,http://pennstatelaw.psu.edu/,2011,,
220,PENNSYLVANIA STATE-PENN STATE LAW,http://pennstatelaw.psu.edu/,2010,,
19,PEPPERDINE,http://law.pepperdine.edu/,2016,,
19,PEPPERDINE,http://law.pepperdine.edu/,2015,,
19,PEPPERDINE,http://law.pepperdine.edu/,2014,,
19,PEPPERDINE,http://law.pepperdine.edu/,2013,,
19,PEPPERDINE,http://law.pepperdine.edu/,2012,,
19,PEPPERDINE,http://law.pepperdine.edu/,2011,,
19,PEPPERDINE,http://law.pepperdine.edu/,2010,,
132,PITTSBURGH,http://www.law.pitt.edu/,2016,,
132,PITTSBURGH,http://www.law.pitt.edu/,2015,,
132,PITTSBURGH,http://www.law.pitt.edu/,2014,,
132,PITTSBURGH,http://www.law.pitt.edu/,2013,,
132,PITTSBURGH,http://www.law.pitt.edu/,2012,,
132,PITTSBURGH,http://www.law.pitt.edu/,2011,,
132,PITTSBURGH,http://www.law.pitt.edu/,2010,,
135,PONTIFICAL CATHOLIC OF PUERTO RICO,http://www.pucpr.edu/,2016,,
135,PONTIFICAL CATHOLIC OF PUERTO RICO,http://www.pucpr.edu/,2015,,
135,PONTIFICAL CATHOLIC OF PUERTO RICO,http://www.pucpr.edu/,2014,,
135,PONTIFICAL CATHOLIC OF PUERTO RICO,http://www.pucpr.edu/,2013,,
135,PONTIFICAL CATHOLIC OF PUERTO RICO,http://www.pucpr.edu/,2012,,
135,PONTIFICAL CATHOLIC OF PUERTO RICO,http://www.pucpr.edu/,2011,,
135,PONTIFICAL CATHOLIC OF PUERTO RICO,http://www.pucpr.edu/,2010,,
136,PUERTO RICO,http://www.law.upr.edu,2016,,
136,PUERTO RICO,http://www.law.upr.edu,2015,,
136,PUERTO RICO,http://www.law.upr.edu,2014,,
136,PUERTO RICO,http://www.law.upr.edu,2013,,
136,PUERTO RICO,http://www.law.upr.edu,2012,,
136,PUERTO RICO,http://www.law.upr.edu,2011,,
136,PUERTO RICO,http://www.law.upr.edu,2010,,
181,QUINNIPIAC,http://law.quinnipiac.edu,2016,,
181,QUINNIPIAC,http://law.quinnipiac.edu,2015,,
181,QUINNIPIAC,http://law.quinnipiac.edu,2014,,
181,QUINNIPIAC,http://law.quinnipiac.edu,2013,,
181,QUINNIPIAC,http://law.quinnipiac.edu,2012,,
181,QUINNIPIAC,http://law.quinnipiac.edu,2011,,
181,QUINNIPIAC,http://law.quinnipiac.edu,2010,,
178,REGENT,http://www.regent.edu/acad/schlaw,2016,,
178,REGENT,http://www.regent.edu/acad/schlaw,2015,,
178,REGENT,http://www.regent.edu/acad/schlaw,2014,,
178,REGENT,http://www.regent.edu/acad/schlaw,2013,,
178,REGENT,http://www.regent.edu/acad/schlaw,2012,,
178,REGENT,http://www.regent.edu/acad/schlaw,2011,,
178,REGENT,http://www.regent.edu/acad/schlaw,2010,,
156,RICHMOND,http://law.richmond.edu/,2016,,
156,RICHMOND,http://law.richmond.edu/,2015,,
156,RICHMOND,http://law.richmond.edu/,2014,,
156,RICHMOND,http://law.richmond.edu/,2013,,
156,RICHMOND,http://law.richmond.edu/,2012,,
156,RICHMOND,http://law.richmond.edu/,2011,,
156,RICHMOND,http://law.richmond.edu/,2010,,
184,ROGER WILLIAMS,http://law.rwu.edu/,2016,,
184,ROGER WILLIAMS,http://law.rwu.edu/,2015,,
184,ROGER WILLIAMS,http://law.rwu.edu/,2014,,
184,ROGER WILLIAMS,http://law.rwu.edu/,2013,,
184,ROGER WILLIAMS,http://law.rwu.edu/,2012,,
184,ROGER WILLIAMS,http://law.rwu.edu/,2011,,
184,ROGER WILLIAMS,http://law.rwu.edu/,2010,,
224,RUTGERS,http://law.rutgers.edu/,2016,,
224,RUTGERS,http://law.rutgers.edu/,2015,,
224,RUTGERS,http://law.rutgers.edu/,2014,,
224,RUTGERS,http://law.rutgers.edu/,2013,,
224,RUTGERS,http://law.rutgers.edu/,2012,,
224,RUTGERS,http://law.rutgers.edu/,2011,,
224,RUTGERS,http://law.rutgers.edu/,2010,,
87,SAINT LOUIS,http://law.slu.edu/,2016,,
87,SAINT LOUIS,http://law.slu.edu/,2015,,
87,SAINT LOUIS,http://law.slu.edu/,2014,,
87,SAINT LOUIS,http://law.slu.edu/,2013,,
87,SAINT LOUIS,http://law.slu.edu/,2012,,
87,SAINT LOUIS,http://law.slu.edu/,2011,,
87,SAINT LOUIS,http://law.slu.edu/,2010,,
1,SAMFORD,http://cumberland.samford.edu/,2016,,
1,SAMFORD,http://cumberland.samford.edu/,2015,,
1,SAMFORD,http://cumberland.samford.edu/,2014,,
1,SAMFORD,http://cumberland.samford.edu/,2013,,
1,SAMFORD,http://cumberland.samford.edu/,2012,,
1,SAMFORD,http://cumberland.samford.edu/,2011,,
1,SAMFORD,http://cumberland.samford.edu/,2010,,
15,SAN DIEGO,http://www.sandiego.edu/law/,2016,,
15,SAN DIEGO,http://www.sandiego.edu/law/,2015,,
15,SAN DIEGO,http://www.sandiego.edu/law/,2014,,
15,SAN DIEGO,http://www.sandiego.edu/law/,2013,,
15,SAN DIEGO,http://www.sandiego.edu/law/,2012,,
15,SAN DIEGO,http://www.sandiego.edu/law/,2011,,
15,SAN DIEGO,http://www.sandiego.edu/law/,2010,,
18,SAN FRANCISCO,http://www.usfca.edu/law,2016,,
18,SAN FRANCISCO,http://www.usfca.edu/law,2015,,
18,SAN FRANCISCO,http://www.usfca.edu/law,2014,,
18,SAN FRANCISCO,http://www.usfca.edu/law,2013,,
18,SAN FRANCISCO,http://www.usfca.edu/law,2012,,
18,SAN FRANCISCO,http://www.usfca.edu/law,2011,,
18,SAN FRANCISCO,http://www.usfca.edu/law,2010,,
20,SANTA CLARA,http://www.scu.edu/law,2016,,
20,SANTA CLARA,http://www.scu.edu/law,2015,,
20,SANTA CLARA,http://www.scu.edu/law,2014,,
20,SANTA CLARA,http://www.scu.edu/law,2013,,
20,SANTA CLARA,http://www.scu.edu/law,2012,,
20,SANTA CLARA,http://www.scu.edu/law,2011,,
20,SANTA CLARA,http://www.scu.edu/law,2010,,
183,SEATTLE,http://www.law.seattleu.edu/,2016,,
183,SEATTLE,http://www.law.seattleu.edu/,2015,,
183,SEATTLE,http://www.law.seattleu.edu/,2014,,
183,SEATTLE,http://www.law.seattleu.edu/,2013,,
183,SEATTLE,http://www.law.seattleu.edu/,2012,,
183,SEATTLE,http://www.law.seattleu.edu/,2011,,
183,SEATTLE,http://www.law.seattleu.edu/,2010,,
95,SETON HALL,http://law.shu.edu/,2016,,
95,SETON HALL,http://law.shu.edu/,2015,,
95,SETON HALL,http://law.shu.edu/,2014,,
95,SETON HALL,http://law.shu.edu/,2013,,
95,SETON HALL,http://law.shu.edu/,2012,,
95,SETON HALL,http://law.shu.edu/,2011,,
95,SETON HALL,http://law.shu.edu/,2010,,
137,SOUTH CAROLINA,http://www.law.sc.edu/,2016,,
137,SOUTH CAROLINA,http://www.law.sc.edu/,2015,,
137,SOUTH CAROLINA,http://www.law.sc.edu/,2014,,
137,SOUTH CAROLINA,http://www.law.sc.edu/,2013,,
137,SOUTH CAROLINA,http://www.law.sc.edu/,2012,,
137,SOUTH CAROLINA,http://www.law.sc.edu/,2011,,
137,SOUTH CAROLINA,http://www.law.sc.edu/,2010,,
138,SOUTH DAKOTA,http://www.usd.edu/law,2016,,
138,SOUTH DAKOTA,http://www.usd.edu/law,2015,,
138,SOUTH DAKOTA,http://www.usd.edu/law,2014,,
138,SOUTH DAKOTA,http://www.usd.edu/law,2013,,
138,SOUTH DAKOTA,http://www.usd.edu/law,2012,,
138,SOUTH DAKOTA,http://www.usd.edu/law,2011,,
138,SOUTH DAKOTA,http://www.usd.edu/law,2010,,
145,SOUTH TEXAS-HOUSTON,http://www.stcl.edu/,2016,,
145,SOUTH TEXAS-HOUSTON,http://www.stcl.edu/,2015,,
145,SOUTH TEXAS-HOUSTON,http://www.stcl.edu/,2014,,
145,SOUTH TEXAS-HOUSTON,http://www.stcl.edu/,2013,,
145,SOUTH TEXAS-HOUSTON,http://www.stcl.edu/,2012,,
145,SOUTH TEXAS-HOUSTON,http://www.stcl.edu/,2011,,
145,SOUTH TEXAS-HOUSTON,http://www.stcl.edu/,2010,,
12,SOUTHERN CALIFORNIA,http://www.usc.edu/dept/law-lib/index.html,2016,,
12,SOUTHERN CALIFORNIA,http://www.usc.edu/dept/law-lib/index.html,2015,,
12,SOUTHERN CALIFORNIA,http://www.usc.edu/dept/law-lib/index.html,2014,,
12,SOUTHERN CALIFORNIA,http://www.usc.edu/dept/law-lib/index.html,2013,,
12,SOUTHERN CALIFORNIA,http://www.usc.edu/dept/law-lib/index.html,2012,,
12,SOUTHERN CALIFORNIA,http://www.usc.edu/dept/law-lib/index.html,2011,,
12,SOUTHERN CALIFORNIA,http://www.usc.edu/dept/law-lib/index.html,2010,,
43,SOUTHERN ILLINOIS,http://www.law.siu.edu/,2016,,
43,SOUTHERN ILLINOIS,http://www.law.siu.edu/,2015,,
43,SOUTHERN ILLINOIS,http://www.law.siu.edu/,2014,,
43,SOUTHERN ILLINOIS,http://www.law.siu.edu/,2013,,
43,SOUTHERN ILLINOIS,http://www.law.siu.edu/,2012,,
43,SOUTHERN ILLINOIS,http://www.law.siu.edu/,2011,,
43,SOUTHERN ILLINOIS,http://www.law.siu.edu/,2010,,
143,SOUTHERN METHODIST,http://www.law.smu.edu/,2016,,
143,SOUTHERN METHODIST,http://www.law.smu.edu/,2015,,
143,SOUTHERN METHODIST,http://www.law.smu.edu/,2014,,
143,SOUTHERN METHODIST,http://www.law.smu.edu/,2013,,
143,SOUTHERN METHODIST,http://www.law.smu.edu/,2012,,
143,SOUTHERN METHODIST,http://www.law.smu.edu/,2011,,
143,SOUTHERN METHODIST,http://www.law.smu.edu/,2010,,
63,SOUTHERN UNIVERSITY,http://www.sulc.edu/,2016,,
63,SOUTHERN UNIVERSITY,http://www.sulc.edu/,2015,,
63,SOUTHERN UNIVERSITY,http://www.sulc.edu/,2014,,
63,SOUTHERN UNIVERSITY,http://www.sulc.edu/,2013,,
63,SOUTHERN UNIVERSITY,http://www.sulc.edu/,2012,,
63,SOUTHERN UNIVERSITY,http://www.sulc.edu/,2011,,
63,SOUTHERN UNIVERSITY,http://www.sulc.edu/,2010,,
11,SOUTHWESTERN,http://www.swlaw.edu/,2016,,
11,SOUTHWESTERN,http://www.swlaw.edu/,2015,,
11,SOUTHWESTERN,http://www.swlaw.edu/,2014,,
11,SOUTHWESTERN,http://www.swlaw.edu/,2013,,
11,SOUTHWESTERN,http://www.swlaw.edu/,2012,,
11,SOUTHWESTERN,http://www.swlaw.edu/,2011,,
11,SOUTHWESTERN,http://www.swlaw.edu/,2010,,
106,ST. JOHN'S,http://www.stjohns.edu/law,2016,,
106,ST. JOHN'S,http://www.stjohns.edu/law,2015,,
106,ST. JOHN'S,http://www.stjohns.edu/law,2014,,
106,ST. JOHN'S,http://www.stjohns.edu/law,2013,,
106,ST. JOHN'S,http://www.stjohns.edu/law,2012,,
106,ST. JOHN'S,http://www.stjohns.edu/law,2011,,
106,ST. JOHN'S,http://www.stjohns.edu/law,2010,,
148,ST. MARY'S,http://www.stmarytx.edu/law,2016,,
148,ST. MARY'S,http://www.stmarytx.edu/law,2015,,
148,ST. MARY'S,http://www.stmarytx.edu/law,2014,,
148,ST. MARY'S,http://www.stmarytx.edu/law,2013,,
148,ST. MARY'S,http://www.stmarytx.edu/law,2012,,
148,ST. MARY'S,http://www.stmarytx.edu/law,2011,,
148,ST. MARY'S,http://www.stmarytx.edu/law,2010,,
177,ST. THOMAS (FLORIDA),http://www.stu.edu/,2016,,
177,ST. THOMAS (FLORIDA),http://www.stu.edu/,2015,,
177,ST. THOMAS (FLORIDA),http://www.stu.edu/,2014,,
177,ST. THOMAS (FLORIDA),http://www.stu.edu/,2013,,
177,ST. THOMAS (FLORIDA),http://www.stu.edu/,2012,,
177,ST. THOMAS (FLORIDA),http://www.stu.edu/,2011,,
177,ST. THOMAS (FLORIDA),http://www.stu.edu/,2010,,
194,ST. THOMAS (MINNESOTA),http://www.stthomas.edu/law/,2016,,
194,ST. THOMAS (MINNESOTA),http://www.stthomas.edu/law/,2015,,
194,ST. THOMAS (MINNESOTA),http://www.stthomas.edu/law/,2014,,
194,ST. THOMAS (MINNESOTA),http://www.stthomas.edu/law/,2013,,
194,ST. THOMAS (MINNESOTA),http://www.stthomas.edu/law/,2012,,
194,ST. THOMAS (MINNESOTA),http://www.stthomas.edu/law/,2011,,
194,ST. THOMAS (MINNESOTA),http://www.stthomas.edu/law/,2010,,
21,STANFORD,http://www.law.stanford.edu/,2016,,
21,STANFORD,http://www.law.stanford.edu/,2015,,
21,STANFORD,http://www.law.stanford.edu/,2014,,
21,STANFORD,http://www.law.stanford.edu/,2013,,
21,STANFORD,http://www.law.stanford.edu/,2012,,
21,STANFORD,http://www.law.stanford.edu/,2011,,
21,STANFORD,http://www.law.stanford.edu/,2010,,
98,STATE UNIVERSITY OF NEW YORK-BUFFALO,http://www.buffalo.edu/law/,2016,,
98,STATE UNIVERSITY OF NEW YORK-BUFFALO,http://www.buffalo.edu/law/,2015,,
98,STATE UNIVERSITY OF NEW YORK-BUFFALO,http://www.buffalo.edu/law/,2014,,
98,STATE UNIVERSITY OF NEW YORK-BUFFALO,http://www.buffalo.edu/law/,2013,,
98,STATE UNIVERSITY OF NEW YORK-BUFFALO,http://www.buffalo.edu/law/,2012,,
98,STATE UNIVERSITY OF NEW YORK-BUFFALO,http://www.buffalo.edu/law/,2011,,
98,STATE UNIVERSITY OF NEW YORK-BUFFALO,http://www.buffalo.edu/law/,2010,,
35,STETSON,http://www.law.stetson.edu/,2016,,
35,STETSON,http://www.law.stetson.edu/,2015,,
35,STETSON,http://www.law.stetson.edu/,2014,,
35,STETSON,http://www.law.stetson.edu/,2013,,
35,STETSON,http://www.law.stetson.edu/,2012,,
35,STETSON,http://www.law.stetson.edu/,2011,,
35,STETSON,http://www.law.stetson.edu/,2010,,
72,SUFFOLK,http://www.law.suffolk.edu/,2016,,
72,SUFFOLK,http://www.law.suffolk.edu/,2015,,
72,SUFFOLK,http://www.law.suffolk.edu/,2014,,
72,SUFFOLK,http://www.law.suffolk.edu/,2013,,
72,SUFFOLK,http://www.law.suffolk.edu/,2012,,
72,SUFFOLK,http://www.law.suffolk.edu/,2011,,
72,SUFFOLK,http://www.law.suffolk.edu/,2010,,
107,SYRACUSE,http://www.law.syr.edu/,2016,,
107,SYRACUSE,http://www.law.syr.edu/,2015,,
107,SYRACUSE,http://www.law.syr.edu/,2014,,
107,SYRACUSE,http://www.law.syr.edu/,2013,,
107,SYRACUSE,http://www.law.syr.edu/,2012,,
107,SYRACUSE,http://www.law.syr.edu/,2011,,
107,SYRACUSE,http://www.law.syr.edu/,2010,,
129,TEMPLE,http://www.law.temple.edu/,2016,,
129,TEMPLE,http://www.law.temple.edu/,2015,,
129,TEMPLE,http://www.law.temple.edu/,2014,,
129,TEMPLE,http://www.law.temple.edu/,2013,,
129,TEMPLE,http://www.law.temple.edu/,2012,,
129,TEMPLE,http://www.law.temple.edu/,2011,,
129,TEMPLE,http://www.law.temple.edu/,2010,,
139,TENNESSEE,http://www.law.utk.edu/,2016,,
139,TENNESSEE,http://www.law.utk.edu/,2015,,
139,TENNESSEE,http://www.law.utk.edu/,2014,,
139,TENNESSEE,http://www.law.utk.edu/,2013,,
139,TENNESSEE,http://www.law.utk.edu/,2012,,
139,TENNESSEE,http://www.law.utk.edu/,2011,,
139,TENNESSEE,http://www.law.utk.edu/,2010,,
142,TEXAS,http://www.utexas.edu/law/,2016,,
142,TEXAS,http://www.utexas.edu/law/,2015,,
142,TEXAS,http://www.utexas.edu/law/,2014,,
142,TEXAS,http://www.utexas.edu/law/,2013,,
142,TEXAS,http://www.utexas.edu/law/,2012,,
142,TEXAS,http://www.utexas.edu/law/,2011,,
142,TEXAS,http://www.utexas.edu/law/,2010,,
182,TEXAS A&M,http://law.tamu.edu/,2016,,
182,TEXAS A&M,http://law.tamu.edu/,2015,,
182,TEXAS A&M,http://law.tamu.edu/,2014,,
182,TEXAS A&M,http://law.tamu.edu/,2013,,
182,TEXAS A&M,http://law.tamu.edu/,2012,,
182,TEXAS A&M,http://law.tamu.edu/,2011,,
182,TEXAS A&M,http://law.tamu.edu/,2010,,
146,TEXAS SOUTHERN,http://www.tsulaw.edu/,2016,,
146,TEXAS SOUTHERN,http://www.tsulaw.edu/,2015,,
146,TEXAS SOUTHERN,http://www.tsulaw.edu/,2014,,
146,TEXAS SOUTHERN,http://www.tsulaw.edu/,2013,,
146,TEXAS SOUTHERN,http://www.tsulaw.edu/,2012,,
146,TEXAS SOUTHERN,http://www.tsulaw.edu/,2011,,
146,TEXAS SOUTHERN,http://www.tsulaw.edu/,2010,,
147,TEXAS TECH,http://www.law.ttu.edu/,2016,,
147,TEXAS TECH,http://www.law.ttu.edu/,2015,,
147,TEXAS TECH,http://www.law.ttu.edu/,2014,,
147,TEXAS TECH,http://www.law.ttu.edu/,2013,,
147,TEXAS TECH,http://www.law.ttu.edu/,2012,,
147,TEXAS TECH,http://www.law.ttu.edu/,2011,,
147,TEXAS TECH,http://www.law.ttu.edu/,2010,,
47,THE JOHN MARSHALL LAW SCHOOL,http://www.jmls.edu/,2016,,
47,THE JOHN MARSHALL LAW SCHOOL,http://www.jmls.edu/,2015,,
47,THE JOHN MARSHALL LAW SCHOOL,http://www.jmls.edu/,2014,,
47,THE JOHN MARSHALL LAW SCHOOL,http://www.jmls.edu/,2013,,
47,THE JOHN MARSHALL LAW SCHOOL,http://www.jmls.edu/,2012,,
47,THE JOHN MARSHALL LAW SCHOOL,http://www.jmls.edu/,2011,,
47,THE JOHN MARSHALL LAW SCHOOL,http://www.jmls.edu/,2010,,
185,THOMAS JEFFERSON,http://www.tjsl.edu/,2016,,
185,THOMAS JEFFERSON,http://www.tjsl.edu/,2015,,
185,THOMAS JEFFERSON,http://www.tjsl.edu/,2014,,
185,THOMAS JEFFERSON,http://www.tjsl.edu/,2013,,
185,THOMAS JEFFERSON,http://www.tjsl.edu/,2012,,
185,THOMAS JEFFERSON,http://www.tjsl.edu/,2011,,
185,THOMAS JEFFERSON,http://www.tjsl.edu/,2010,,
80,THOMAS M. COOLEY,http://www.cooley.edu/,2016,,
80,THOMAS M. COOLEY,http://www.cooley.edu/,2015,,
80,THOMAS M. COOLEY,http://www.cooley.edu/,2014,,
80,THOMAS M. COOLEY,http://www.cooley.edu/,2013,,
80,THOMAS M. COOLEY,http://www.cooley.edu/,2012,,
80,THOMAS M. COOLEY,http://www.cooley.edu/,2011,,
80,THOMAS M. COOLEY,http://www.cooley.edu/,2010,,
120,TOLEDO,http://law.utoledo.edu/,2016,,
120,TOLEDO,http://law.utoledo.edu/,2015,,
120,TOLEDO,http://law.utoledo.edu/,2014,,
120,TOLEDO,http://law.utoledo.edu/,2013,,
120,TOLEDO,http://law.utoledo.edu/,2012,,
120,TOLEDO,http://law.utoledo.edu/,2011,,
120,TOLEDO,http://law.utoledo.edu/,2010,,
174,TOURO,http://www.tourolaw.edu/,2016,,
174,TOURO,http://www.tourolaw.edu/,2015,,
174,TOURO,http://www.tourolaw.edu/,2014,,
174,TOURO,http://www.tourolaw.edu/,2013,,
174,TOURO,http://www.tourolaw.edu/,2012,,
174,TOURO,http://www.tourolaw.edu/,2011,,
174,TOURO,http://www.tourolaw.edu/,2010,,
65,TULANE,http://www.law.tulane.edu/,2016,,
65,TULANE,http://www.law.tulane.edu/,2015,,
65,TULANE,http://www.law.tulane.edu/,2014,,
65,TULANE,http://www.law.tulane.edu/,2013,,
65,TULANE,http://www.law.tulane.edu/,2012,,
65,TULANE,http://www.law.tulane.edu/,2011,,
65,TULANE,http://www.law.tulane.edu/,2010,,
124,TULSA,http://www.utulsa.edu/law/,2016,,
124,TULSA,http://www.utulsa.edu/law/,2015,,
124,TULSA,http://www.utulsa.edu/law/,2014,,
124,TULSA,http://www.utulsa.edu/law/,2013,,
124,TULSA,http://www.utulsa.edu/law/,2012,,
124,TULSA,http://www.utulsa.edu/law/,2011,,
124,TULSA,http://www.utulsa.edu/law/,2010,,
151,UTAH,http://www.law.utah.edu/,2016,,
151,UTAH,http://www.law.utah.edu/,2015,,
151,UTAH,http://www.law.utah.edu/,2014,,
151,UTAH,http://www.law.utah.edu/,2013,,
151,UTAH,http://www.law.utah.edu/,2012,,
151,UTAH,http://www.law.utah.edu/,2011,,
151,UTAH,http://www.law.utah.edu/,2010,,
54,VALPARAISO,http://www.valpo.edu/law,2016,,
54,VALPARAISO,http://www.valpo.edu/law,2015,,
54,VALPARAISO,http://www.valpo.edu/law,2014,,
54,VALPARAISO,http://www.valpo.edu/law,2013,,
54,VALPARAISO,http://www.valpo.edu/law,2012,,
54,VALPARAISO,http://www.valpo.edu/law,2011,,
54,VALPARAISO,http://www.valpo.edu/law,2010,,
141,VANDERBILT,http://www.vanderbilt.edu/Law/,2016,,
141,VANDERBILT,http://www.vanderbilt.edu/Law/,2015,,
141,VANDERBILT,http://www.vanderbilt.edu/Law/,2014,,
141,VANDERBILT,http://www.vanderbilt.edu/Law/,2013,,
141,VANDERBILT,http://www.vanderbilt.edu/Law/,2012,,
141,VANDERBILT,http://www.vanderbilt.edu/Law/,2011,,
141,VANDERBILT,http://www.vanderbilt.edu/Law/,2010,,
152,VERMONT,http://www.vermontlaw.edu/,2016,,
152,VERMONT,http://www.vermontlaw.edu/,2015,,
152,VERMONT,http://www.vermontlaw.edu/,2014,,
152,VERMONT,http://www.vermontlaw.edu/,2013,,
152,VERMONT,http://www.vermontlaw.edu/,2012,,
152,VERMONT,http://www.vermontlaw.edu/,2011,,
152,VERMONT,http://www.vermontlaw.edu/,2010,,
133,VILLANOVA,http://www.law.villanova.edu/,2016,,
133,VILLANOVA,http://www.law.villanova.edu/,2015,,
133,VILLANOVA,http://www.law.villanova.edu/,2014,,
133,VILLANOVA,http://www.law.villanova.edu/,2013,,
133,VILLANOVA,http://www.law.villanova.edu/,2012,,
133,VILLANOVA,http://www.law.villanova.edu/,2011,,
133,VILLANOVA,http://www.law.villanova.edu/,2010,,
153,VIRGINIA,http://www.law.virginia.edu/,2016,,
153,VIRGINIA,http://www.law.virginia.edu/,2015,,
153,VIRGINIA,http://www.law.virginia.edu/,2014,,
153,VIRGINIA,http://www.law.virginia.edu/,2013,,
153,VIRGINIA,http://www.law.virginia.edu/,2012,,
153,VIRGINIA,http://www.law.virginia.edu/,2011,,
153,VIRGINIA,http://www.law.virginia.edu/,2010,,
111,WAKE FOREST,http://www.law.wfu.edu/,2016,,
111,WAKE FOREST,http://www.law.wfu.edu/,2015,,
111,WAKE FOREST,http://www.law.wfu.edu/,2014,,
111,WAKE FOREST,http://www.law.wfu.edu/,2013,,
111,WAKE FOREST,http://www.law.wfu.edu/,2012,,
111,WAKE FOREST,http://www.law.wfu.edu/,2011,,
111,WAKE FOREST,http://www.law.wfu.edu/,2010,,
58,WASHBURN,http://washburnlaw.edu/,2016,,
58,WASHBURN,http://washburnlaw.edu/,2015,,
58,WASHBURN,http://washburnlaw.edu/,2014,,
58,WASHBURN,http://washburnlaw.edu/,2013,,
58,WASHBURN,http://washburnlaw.edu/,2012,,
58,WASHBURN,http://washburnlaw.edu/,2011,,
58,WASHBURN,http://washburnlaw.edu/,2010,,
158,WASHINGTON,http://www.law.washington.edu/,2016,,
158,WASHINGTON,http://www.law.washington.edu/,2015,,
158,WASHINGTON,http://www.law.washington.edu/,2014,,
158,WASHINGTON,http://www.law.washington.edu/,2013,,
158,WASHINGTON,http://www.law.washington.edu/,2012,,
158,WASHINGTON,http://www.law.washington.edu/,2011,,
158,WASHINGTON,http://www.law.washington.edu/,2010,,
155,WASHINGTON AND LEE,http://www.law.wlu.edu/,2016,,
155,WASHINGTON AND LEE,http://www.law.wlu.edu/,2015,,
155,WASHINGTON AND LEE,http://www.law.wlu.edu/,2014,,
155,WASHINGTON AND LEE,http://www.law.wlu.edu/,2013,,
155,WASHINGTON AND LEE,http://www.law.wlu.edu/,2012,,
155,WASHINGTON AND LEE,http://www.law.wlu.edu/,2011,,
155,WASHINGTON AND LEE,http://www.law.wlu.edu/,2010,,
88,WASHINGTON UNIVERSITY,http://law.wustl.edu/,2016,,
88,WASHINGTON UNIVERSITY,http://law.wustl.edu/,2015,,
88,WASHINGTON UNIVERSITY,http://law.wustl.edu/,2014,,
88,WASHINGTON UNIVERSITY,http://law.wustl.edu/,2013,,
88,WASHINGTON UNIVERSITY,http://law.wustl.edu/,2012,,
88,WASHINGTON UNIVERSITY,http://law.wustl.edu/,2011,,
88,WASHINGTON UNIVERSITY,http://law.wustl.edu/,2010,,
79,WAYNE STATE,http://www.law.wayne.edu/,2016,,
79,WAYNE STATE,http://www.law.wayne.edu/,2015,,
79,WAYNE STATE,http://www.law.wayne.edu/,2014,,
79,WAYNE STATE,http://www.law.wayne.edu/,2013,,
79,WAYNE STATE,http://www.law.wayne.edu/,2012,,
79,WAYNE STATE,http://www.law.wayne.edu/,2011,,
79,WAYNE STATE,http://www.law.wayne.edu/,2010,,
161,WEST VIRGINIA,http://www.wvu.edu/~law/,2016,,
161,WEST VIRGINIA,http://www.wvu.edu/~law/,2015,,
161,WEST VIRGINIA,http://www.wvu.edu/~law/,2014,,
161,WEST VIRGINIA,http://www.wvu.edu/~law/,2013,,
161,WEST VIRGINIA,http://www.wvu.edu/~law/,2012,,
161,WEST VIRGINIA,http://www.wvu.edu/~law/,2011,,
161,WEST VIRGINIA,http://www.wvu.edu/~law/,2010,,
75,WESTERN NEW ENGLAND,http://www1.law.wne.edu,2016,,
75,WESTERN NEW ENGLAND,http://www1.law.wne.edu,2015,,
75,WESTERN NEW ENGLAND,http://www1.law.wne.edu,2014,,
75,WESTERN NEW ENGLAND,http://www1.law.wne.edu,2013,,
75,WESTERN NEW ENGLAND,http://www1.law.wne.edu,2012,,
75,WESTERN NEW ENGLAND,http://www1.law.wne.edu,2011,,
75,WESTERN NEW ENGLAND,http://www1.law.wne.edu,2010,,
188,WESTERN STATE,http://www.wsulaw.edu/,2016,,
188,WESTERN STATE,http://www.wsulaw.edu/,2015,,
188,WESTERN STATE,http://www.wsulaw.edu/,2014,,
188,WESTERN STATE,http://www.wsulaw.edu/,2013,,
188,WESTERN STATE,http://www.wsulaw.edu/,2012,,
188,WESTERN STATE,http://www.wsulaw.edu/,2011,,
188,WESTERN STATE,http://www.wsulaw.edu/,2010,,
167,WHITTIER,http://www.law.whittier.edu/,2016,,
167,WHITTIER,http://www.law.whittier.edu/,2015,,
167,WHITTIER,http://www.law.whittier.edu/,2014,,
167,WHITTIER,http://www.law.whittier.edu/,2013,,
167,WHITTIER,http://www.law.whittier.edu/,2012,,
167,WHITTIER,http://www.law.whittier.edu/,2011,,
167,WHITTIER,http://www.law.whittier.edu/,2010,,
179,WIDENER-COMMONWEALTH,http://commonwealthlaw.widener.edu/,2016,,
179,WIDENER-COMMONWEALTH,http://commonwealthlaw.widener.edu/,2015,,
179,WIDENER-COMMONWEALTH,http://commonwealthlaw.widener.edu/,2014,,
179,WIDENER-COMMONWEALTH,http://commonwealthlaw.widener.edu/,2013,,
179,WIDENER-COMMONWEALTH,http://commonwealthlaw.widener.edu/,2012,,
179,WIDENER-COMMONWEALTH,http://commonwealthlaw.widener.edu/,2011,,
179,WIDENER-COMMONWEALTH,http://commonwealthlaw.widener.edu/,2010,,
26,WIDENER-DELAWARE,http://delawarelaw.widener.edu/,2016,,
26,WIDENER-DELAWARE,http://delawarelaw.widener.edu/,2015,,
26,WIDENER-DELAWARE,http://delawarelaw.widener.edu/,2014,,
26,WIDENER-DELAWARE,http://delawarelaw.widener.edu/,2013,,
26,WIDENER-DELAWARE,http://delawarelaw.widener.edu/,2012,,
26,WIDENER-DELAWARE,http://delawarelaw.widener.edu/,2011,,
26,WIDENER-DELAWARE,http://delawarelaw.widener.edu/,2010,,
127,WILLAMETTE,http://www.willamette.edu/wucl,2016,,
127,WILLAMETTE,http://www.willamette.edu/wucl,2015,,
127,WILLAMETTE,http://www.willamette.edu/wucl,2014,,
127,WILLAMETTE,http://www.willamette.edu/wucl,2013,,
127,WILLAMETTE,http://www.willamette.edu/wucl,2012,,
127,WILLAMETTE,http://www.willamette.edu/wucl,2011,,
127,WILLAMETTE,http://www.willamette.edu/wucl,2010,,
157,WILLIAM AND MARY,http://law.wm.edu,2016,,
157,WILLIAM AND MARY,http://law.wm.edu,2015,,
157,WILLIAM AND MARY,http://law.wm.edu,2014,,
157,WILLIAM AND MARY,http://law.wm.edu,2013,,
157,WILLIAM AND MARY,http://law.wm.edu,2012,,
157,WILLIAM AND MARY,http://law.wm.edu,2011,,
157,WILLIAM AND MARY,http://law.wm.edu,2010,,
162,WISCONSIN,http://www.law.wisc.edu/,2016,,
162,WISCONSIN,http://www.law.wisc.edu/,2015,,
162,WISCONSIN,http://www.law.wisc.edu/,2014,,
162,WISCONSIN,http://www.law.wisc.edu/,2013,,
162,WISCONSIN,http://www.law.wisc.edu/,2012,,
162,WISCONSIN,http://www.law.wisc.edu/,2011,,
162,WISCONSIN,http://www.law.wisc.edu/,2010,,
164,WYOMING,http://uwadmnweb.uwyo.edu/Law/,2016,,
164,WYOMING,http://uwadmnweb.uwyo.edu/Law/,2015,,
164,WYOMING,http://uwadmnweb.uwyo.edu/Law/,2014,,
164,WYOMING,http://uwadmnweb.uwyo.edu/Law/,2013,,
164,WYOMING,http://uwadmnweb.uwyo.edu/Law/,2012,,
164,WYOMING,http://uwadmnweb.uwyo.edu/Law/,2011,,
164,WYOMING,http://uwadmnweb.uwyo.edu/Law/,2010,,
25,YALE,http://www.law.yale.edu/,2016,,
25,YALE,http://www.law.yale.edu/,2015,,
25,YALE,http://www.law.yale.edu/,2014,,
25,YALE,http://www.law.yale.edu/,2013,,
25,YALE,http://www.law.yale.edu/,2012,,
25,YALE,http://www.law.yale.edu/,2011,,
25,YALE,http://www.law.yale.edu/,2010,,