university,yr,Number Employed,Employed Long Term,Employed Short Term,Purs Grad Deg FT,Unempl Not Seek,Unemployed Seek,Emp Status Unk,Total Graduates,Law Schl Funded,Law Schl Funded LT,Law Schl Funded ST,Emp Solo ,Emp Solo LT,Emp Solo ST,Emp 2-10,Emp 2-10 LT,Emp 2-10 ST,Emp 11-25,Emp 11-25 LT,Emp 11-25 ST,Emp 26-50,Emp 26-50 LT,Emp 36-50 ST,Emp 51-100,Emp 51-100 LT,Emp 51-100 ST,Emp 101-250,Emp 101-250 LT,Emp 101-250 ST,Emp 251-500,Emp 251-500 LT,Emp 251-500 ST,Emp 501+,Emp 501+ LT,Emp 501+ ST,Emp Type Unk,Emp Type Unk LT,Emp Type ST ,Bus & Ind,Bus & Ind LT,Bus & Ind ST,Government,Government LT,Government ST,Public Interest,Public Interest LT,Public Interest ST,Federal,Federal LT,Federal ST,State & local,State & local LT,State & local ST,Academia,Academia LT,Academia ST,Emp Type Unk,Tot Emp Type,Tot Emp Type LT,Tot Emp Type ST,State 1 Lrgst Emp,State 1 Lrgst Emp Num,State 2 Lrgst Emp,State 2 Lrgst Emp Num,State 3 Lrgst Emp,State 3 Lrgst Emp Num,Emp Forgn Countries
"AKRON, UNIVERSITY OF",2011,123,96,27,3,3,5,0,134,0,0,0,5,4,1,26,22,4,6,6,0,3,3,0,4,3,1,1,1,0,1,0,1,3,2,1,0,0,0,31,23,8,21,18,3,7,5,2,0,0,0,7,5,2,6,2,4,2,123,94,27,Ohio,102,Pennsylvania,4,Virginia,4,0
"ALABAMA, UNIVERSITY OF",2011,158,158,0,8,2,3,2,173,0,0,0,7,7,0,40,40,0,4,4,0,5,5,0,13,13,0,8,8,0,3,3,0,2,2,0,9,9,0,20,20,0,15,15,0,7,7,0,11,11,0,11,11,0,3,3,0,0,158,158,0,Alabama,109,Georgia,16,Texas,5,0
ALBANY LAW SCHOOL OF UNION UNIVERSITY,2011,222,175,47,5,4,13,6,250,0,0,0,4,3,1,54,47,7,18,10,8,11,11,0,0,0,0,5,5,0,8,7,1,6,6,0,0,0,0,51,35,16,39,28,11,10,7,3,2,2,0,10,10,0,4,4,0,0,222,175,47,New York,183,District of Columbia,7,New Jersey,5,2
AMERICAN UNIVERSITY,2011,388,300,86,25,19,31,1,464,19,2,17,1,1,0,44,35,9,14,7,7,7,6,1,8,7,1,10,10,0,9,7,2,33,32,1,4,3,1,71,39,32,82,77,5,51,27,24,18,18,0,29,29,0,5,2,3,2,388,300,86,District of Columbia,193,Virginia,39,New York,35,12
APPALACHIAN SCHOOL OF LAW,2011,57,42,14,2,0,32,17,108,0,0,0,9,8,0,21,17,4,3,3,0,2,1,1,0,0,0,0,0,0,0,0,0,0,0,0,0,0,0,8,3,5,8,8,0,2,1,1,0,0,0,4,1,3,0,0,0,0,57,42,14,Virginia,18,Kentucky,6,North Carolina,6,1
ARIZONA STATE UNIVERSITY,2011,164,143,21,0,1,0,2,167,8,0,8,5,5,0,50,46,4,9,9,0,4,4,0,5,5,0,6,6,0,2,2,0,7,7,0,1,0,1,23,18,5,21,17,4,13,9,4,2,2,0,10,10,0,6,3,3,0,164,143,21,Arizona,126,California,10,District of Columbia,6,0
"ARIZONA, UNIVERSITY OF",2011,139,139,0,4,8,6,2,159,3,3,0,2,2,0,25,25,0,11,11,0,1,1,0,3,3,0,4,4,0,5,5,0,3,3,0,2,2,0,13,13,0,23,23,0,14,14,0,6,6,0,23,23,0,4,4,0,0,139,139,0,Arizona,95,California,8,District of Columbia,5,3
"ARKANSAS, FAYETTEVILLE, UNIVERSITY OF",2011,115,107,3,11,2,7,2,137,0,0,0,7,7,0,34,32,2,6,6,0,4,4,0,6,6,0,3,3,0,2,2,0,0,0,0,0,0,0,24,22,1,13,13,0,4,3,0,3,3,0,4,4,0,2,2,0,3,115,107,3,Arkansas,67,Texas,12,Georgia,5,0
"ARKANSAS, LITTLE ROCK, UNIVERSITY OF",2011,105,97,8,6,1,10,0,122,1,1,0,4,4,0,32,30,2,7,7,0,0,0,0,1,1,0,0,0,0,0,0,0,0,0,0,0,0,0,25,22,3,19,16,3,6,6,0,2,2,0,4,4,0,5,5,0,0,105,97,8,Arkansas,85,Texas,5,Georgia,3,1
ATLANTA'S JOHN MARSHALL LAW SCHOOL,2011,152,136,13,1,0,13,0,166,5,1,4,17,16,1,41,40,0,2,2,0,1,1,0,4,4,0,0,0,0,1,1,0,2,1,1,4,3,1,38,31,6,28,27,1,7,3,3,0,0,0,2,2,0,5,5,0,0,152,136,13,Georgia,133,New Jersey,4,Florida,3,0
AVE MARIA,2011,55,44,9,1,0,24,4,84,1,1,0,1,1,0,20,20,0,4,3,1,0,0,0,0,0,0,0,0,0,0,0,0,0,0,0,0,0,0,14,9,4,6,6,0,2,1,1,2,0,1,1,0,1,5,4,1,0,55,44,9,Florida,15,Virginia,5,District of Columbia,3,1
"BALTIMORE, UNIVERSITY OF",2011,301,237,56,5,10,7,7,330,5,0,5,1,1,0,88,61,26,12,7,5,11,10,1,6,6,0,1,0,1,1,0,1,7,7,0,1,1,0,46,36,10,47,43,4,10,8,2,2,2,0,48,48,0,13,7,6,7,301,237,56,Maryland,222,District of Columbia,25,Virginia,9,1
BARRY UNIVERSITY,2011,151,124,17,6,9,62,22,250,0,0,0,11,10,1,53,44,7,11,11,0,5,5,0,3,3,0,1,1,0,0,0,0,0,0,0,3,3,0,19,12,5,22,21,0,12,10,2,1,1,0,5,3,1,1,0,1,4,151,124,17,Florida,119,New York,3,District of Columbia,2,0
BAYLOR UNIVERSITY,2011,143,120,15,3,0,11,5,162,5,1,4,8,7,1,36,33,1,13,12,1,14,13,0,6,6,0,4,4,0,2,2,0,5,5,0,4,3,0,18,8,7,17,16,1,2,2,0,4,4,0,3,3,0,5,1,4,2,143,119,15,Texas,130,California,2,Tennessee,2,0
BOSTON COLLEGE,2011,240,207,33,3,6,12,4,265,26,1,25,3,3,0,20,18,2,4,4,0,5,4,1,1,1,0,23,23,0,17,17,0,52,52,0,0,0,0,20,16,4,27,25,2,18,11,7,11,11,0,25,15,10,14,7,7,0,240,207,33,Massachusetts,101,New York,50,California,15,6
BOSTON UNIVERSITY,2011,237,191,35,8,8,19,1,273,35,1,34,0,0,0,1,1,0,1,1,0,2,2,0,2,2,0,15,15,0,18,18,0,68,68,0,28,23,0,19,13,1,21,19,2,22,12,9,3,3,0,16,11,5,21,3,18,0,237,191,35,Massachusetts,115,New York,55,California,16,3
BRIGHAM YOUNG UNIVERSITY,2011,139,127,3,2,1,2,1,145,2,0,2,3,3,0,29,29,0,9,9,0,8,8,0,3,3,0,2,2,0,4,4,0,8,8,0,1,1,0,19,16,0,17,17,0,5,5,0,5,5,0,14,13,0,8,3,3,4,139,126,3,Utah,63,California,15,District of Columbia,8,0
BROOKLYN LAW SCHOOL,2011,376,314,62,6,26,43,12,463,11,1,10,1,1,0,66,56,10,15,15,0,10,9,1,17,17,0,2,2,0,17,16,1,42,41,1,4,1,3,69,63,6,75,47,28,27,16,11,12,12,0,14,14,0,3,3,0,2,376,313,61,New York,312,New Jersey,19,Massachusetts,7,3
CALIFORNIA WESTERN SCHOOL OF LAW,2011,211,149,62,6,13,28,25,283,1,0,1,17,17,0,93,62,31,4,3,1,4,3,1,5,5,0,1,1,0,0,0,0,1,1,0,0,0,0,34,19,15,19,13,6,20,17,3,2,1,1,5,4,1,6,3,3,0,211,149,62,California,172,Nevada,6,District of Columbia,4,1
"CALIFORNIA-BERKELEY, UNIVERSITY OF",2011,277,263,14,2,6,11,0,296,5,4,1,6,4,2,13,9,4,4,4,0,4,4,0,2,2,0,12,12,0,19,19,0,122,122,0,0,0,0,5,4,1,24,22,2,34,30,4,20,20,0,6,6,0,6,5,1,0,277,263,14,California,168,New York,36,District of Columbia,33,5
"CALIFORNIA-DAVIS, UNIVERSITY OF",2011,179,116,41,6,1,7,1,194,12,0,12,3,3,0,19,15,3,3,1,2,9,9,0,4,4,0,5,5,0,3,3,0,17,17,0,18,16,2,14,9,3,19,15,4,21,9,11,2,2,0,8,7,1,16,1,15,18,179,116,41,California,152,District of Columbia,3,Washington,3,6
"CALIFORNIA-HASTINGS, UNIVERSITY OF",2011,350,234,115,7,30,24,10,421,58,2,56,8,4,4,60,38,22,30,26,4,12,11,1,10,9,1,16,16,0,14,14,0,42,42,0,0,0,0,37,25,11,53,24,29,25,8,17,4,3,1,15,10,5,24,4,20,0,350,234,115,California,313,New York,10,District of Columbia,4,3
"CALIFORNIA-LOS ANGELES, UNIVERSITY OF",2011,322,264,56,6,10,6,2,346,41,3,38,0,0,0,34,26,7,9,9,0,6,6,0,9,9,0,15,14,1,14,14,0,97,97,0,0,0,0,28,21,6,35,24,11,29,16,13,17,16,1,10,7,3,19,5,14,0,322,264,56,California,258,New York,22,District of Columbia,18,7
CAMPBELL UNIVERSITY,2011,81,72,9,5,0,16,4,106,0,0,0,6,6,0,37,36,1,4,3,1,6,6,0,1,1,0,1,0,1,0,0,0,1,0,1,0,0,0,10,6,4,5,5,0,4,4,0,1,1,0,4,3,1,1,1,0,0,81,72,9,North Carolina,72,Georgia,2,Maryland,2,0
CAPITAL UNIVERSITY,2011,119,96,18,1,5,15,37,177,0,0,0,6,6,0,41,32,4,11,9,2,3,3,0,0,0,0,3,2,1,0,0,0,1,1,0,0,0,0,25,20,5,19,14,5,4,3,1,0,0,0,3,3,0,3,3,0,0,119,96,18,Ohio,106,District of Columbia,3,Michigan,3,0
CASE WESTERN RESERVE UNIVERSITY,2011,192,135,57,4,5,13,9,223,18,0,18,2,2,0,33,21,12,10,8,2,8,7,1,2,2,0,12,12,0,5,5,0,10,10,0,2,1,1,44,34,10,32,16,16,22,7,15,3,3,0,6,6,0,1,1,0,0,192,135,57,Ohio,103,New York,13,District of Columbia,12,3
CATHOLIC UNIVERSITY OF AMERICA,2011,244,213,29,7,9,23,3,286,7,0,7,1,1,0,26,24,2,5,5,0,4,4,0,5,4,1,4,4,0,12,12,0,9,9,0,1,1,0,53,39,13,84,81,3,6,4,2,5,5,0,18,17,1,8,1,7,3,244,211,29,District of Columbia,109,Maryland,40,Virginia,39,2
CHAPMAN UNIVERSITY,2011,132,86,44,7,26,2,4,171,23,0,23,1,0,1,50,37,11,11,9,2,8,6,2,2,2,0,2,2,0,1,1,0,2,2,0,2,1,1,22,18,4,2,2,0,3,3,0,3,3,0,0,0,0,23,0,23,0,132,86,44,California,126,Colorado,1,Georgia,1,0
CHARLESTON SCHOOL OF LAW,2011,129,109,19,12,6,23,15,185,0,0,0,9,9,0,56,52,3,3,1,2,2,1,1,5,4,1,1,1,0,0,0,0,1,1,0,0,0,0,14,5,9,16,15,1,5,5,0,1,1,0,14,14,0,1,0,1,1,129,109,18,South Carolina,91,North Carolina,9,Virginia,9,0
CHARLOTTE SCHOOL OF LAW,2011,73,63,10,1,2,1,4,81,2,1,1,11,11,0,22,22,0,1,1,0,1,1,0,1,1,0,2,2,0,1,1,0,0,0,0,1,1,0,17,9,8,8,8,0,5,4,1,0,0,0,0,0,0,2,1,1,1,73,62,10,North Carolina,53,unknown,9,South Carolina,4,0
"CHICAGO, UNIVERSITY OF",2011,191,188,2,0,2,2,0,195,2,0,2,0,0,0,6,6,0,5,5,0,2,2,0,5,5,0,5,5,0,11,11,0,101,101,0,1,1,0,8,8,0,6,6,0,10,9,1,24,24,0,3,3,0,3,2,1,1,191,188,2,Illinois,69,New York,48,California,16,4
"CINCINNATI, UNIVERSITY OF",2011,112,76,31,6,2,7,2,129,10,0,10,3,1,1,11,10,1,6,3,3,4,4,0,6,4,1,1,1,0,3,3,0,1,1,0,2,1,1,19,11,7,18,18,0,8,7,1,6,6,0,4,4,0,19,2,16,1,112,76,31,Ohio,85,Kentucky,5,District of Columbia,4,1
CITY UNIVERSITY OF NEW YORK,2011,102,74,25,1,0,22,1,126,24,4,20,7,7,0,9,9,0,0,0,0,1,1,0,0,0,0,0,0,0,0,0,0,0,0,0,6,6,0,10,6,3,10,10,0,42,20,21,1,1,0,10,10,0,6,5,1,0,102,75,25,New York,77,New Jersey,9,District of Columbia,3,0
CLEVELAND STATE UNIVERSITY,2011,149,130,19,2,5,14,8,178,1,1,0,11,11,0,35,34,1,6,4,2,1,1,0,3,3,0,8,8,0,3,3,0,2,2,0,3,2,1,42,28,14,22,22,0,4,4,0,4,3,1,3,3,0,2,2,0,0,149,130,19,Ohio,143,Virginia,2,Idaho,1,1
"COLORADO, UNIVERSITY OF",2011,151,129,22,4,18,5,5,183,0,0,0,6,6,0,23,21,2,16,15,1,8,4,4,2,0,2,6,5,1,2,2,0,6,6,0,5,3,2,22,15,7,18,17,1,8,7,1,3,3,0,23,23,0,2,1,1,1,151,128,22,Colorado,120,California,5,District of Columbia,3,1
COLUMBIA UNIVERSITY,2011,415,404,11,5,3,3,4,430,5,0,5,0,0,0,4,4,0,6,6,0,5,5,0,3,2,1,13,13,0,31,30,1,254,253,1,0,0,0,16,12,4,19,17,2,13,11,2,42,42,0,7,7,0,2,2,0,0,415,404,11,New York,282,District of Columbia,36,California,31,7
"CONNECTICUT, UNIVERSITY OF",2011,172,136,36,5,7,16,12,212,2,0,2,2,0,2,28,21,7,11,9,2,6,6,0,6,6,0,10,10,0,8,8,0,11,11,0,0,0,0,35,27,8,25,12,13,8,7,1,5,5,0,12,12,0,5,2,3,0,172,136,36,Connecticut,113,Massachusetts,25,New York,12,0
CORNELL UNIVERSITY,2011,186,180,6,4,1,1,0,192,6,0,6,0,0,0,1,1,0,4,4,0,1,1,0,2,2,0,11,11,0,19,19,0,116,116,0,1,1,0,3,3,0,8,6,2,6,3,3,9,9,0,3,3,0,2,1,1,0,186,180,6,New York,114,District of Columbia,14,California,11,5
CREIGHTON UNIVERSITY,2011,116,104,10,3,2,13,6,140,0,0,0,5,5,0,45,44,1,7,7,0,6,6,0,4,3,1,0,0,0,2,2,0,1,1,0,4,1,2,14,10,4,12,12,0,5,4,1,3,3,0,6,6,0,1,0,1,1,116,104,10,Nebraska,70,Iowa,13,Missouri,5,0
"DAYTON, UNIVERSITY OF",2011,119,100,19,4,0,15,4,142,1,0,1,7,6,1,44,41,3,4,3,1,5,3,2,3,3,0,5,3,2,1,1,0,2,2,0,0,0,0,24,19,5,13,12,1,2,2,0,2,2,0,5,2,3,3,2,1,0,120,101,19,Ohio,58,Illinois,8,Indiana,7,0
"DENVER, UNIVERSITY OF",2011,286,258,25,19,7,30,5,347,23,1,22,12,12,0,57,57,0,11,11,0,10,10,0,2,2,0,7,7,0,7,7,0,5,5,0,0,0,0,54,51,3,63,45,18,20,20,0,2,2,0,23,23,0,10,6,4,3,286,258,25,Colorado,226,California,11,unknown,11,2
DEPAUL UNIVERSITY,2011,244,227,14,5,7,33,0,289,4,2,2,9,9,0,67,63,4,14,14,0,8,8,0,6,6,0,5,5,0,5,5,0,10,10,0,4,3,0,47,41,6,36,34,2,13,13,0,1,1,0,4,4,0,12,10,2,3,244,226,14,Illinois,192,unknown,8,California,7,1
"DETROIT MERCY, UNIVERSITY OF",2011,145,97,47,7,6,35,5,198,3,1,2,2,2,0,23,15,8,15,8,7,2,1,1,5,5,0,5,3,2,2,0,2,9,2,7,6,2,4,37,29,8,18,17,1,6,2,4,3,3,0,6,6,0,5,2,3,1,145,97,47,Michigan,86,New York,6,Pennsylvania,3,38
DICKINSON SCHOOL OF LAW,2011,139,95,42,12,10,18,8,187,5,1,4,3,3,0,26,23,3,2,1,1,5,5,0,0,0,0,2,2,0,1,1,0,3,2,1,2,1,1,33,14,19,22,20,2,4,3,1,4,1,3,23,16,7,6,3,3,3,139,95,41,Pennsylvania,82,New York,8,Virginia,6,1
DISTRICT OF COLUMBIA,2011,50,26,15,3,3,14,11,81,0,0,0,3,1,1,7,5,1,1,1,0,1,0,1,0,0,0,0,0,0,0,0,0,0,0,0,4,3,0,13,7,5,10,5,3,8,4,3,0,0,0,0,0,0,1,0,1,2,50,26,15,District of Columbia,25,Virginia,9,Maryland,4,0
DRAKE UNIVERSITY,2011,128,128,0,2,8,5,0,143,1,1,0,10,10,0,39,39,0,14,14,0,1,1,0,2,2,0,1,1,0,2,2,0,1,1,0,0,0,0,29,29,0,20,20,0,3,3,0,1,1,0,4,4,0,1,1,0,0,128,128,0,Iowa,90,Illinois,5,Nevada,5,0
DREXEL UNIVERSITY,2011,88,76,7,2,6,12,5,113,4,0,4,1,1,0,12,12,0,4,4,0,2,2,0,3,3,0,2,2,0,5,5,0,4,4,0,2,2,0,24,19,3,7,7,0,6,3,3,3,3,0,7,7,0,4,2,1,2,88,76,7,Pennsylvania,57,New Jersey,12,unknown,7,0
DUKE UNIVERSITY,2011,202,183,19,5,4,2,0,213,10,2,8,2,1,1,12,8,4,5,5,0,3,3,0,6,5,1,14,14,0,9,9,0,73,73,0,0,0,0,8,5,3,22,18,4,10,5,5,27,27,0,7,7,0,4,3,1,0,202,183,19,New York,45,District of Columbia,31,North Carolina,28,4
DUQUESNE UNIVERSITY,2011,161,138,16,6,1,11,25,204,2,2,0,4,4,0,38,31,4,10,9,0,6,6,0,8,8,0,4,3,1,9,3,5,4,4,0,2,1,0,34,29,5,15,14,1,7,7,0,0,0,0,13,13,0,3,3,0,4,161,135,16,Pennsylvania,136,District of Columbia,5,Ohio,5,0
ELON UNIVERSITY,2011,75,63,12,3,2,5,13,98,1,1,0,7,7,0,28,24,4,3,3,0,1,1,0,1,1,0,1,0,1,2,2,0,3,2,1,0,0,0,16,11,5,6,6,0,2,1,1,0,0,0,4,4,0,1,1,0,0,75,63,12,North Carolina,61,Virginia,5,District of Columbia,3,0
EMORY UNIVERSITY,2011,222,199,19,7,11,5,9,254,20,1,19,3,3,0,34,34,0,8,8,0,11,10,1,6,6,0,7,7,0,11,11,0,44,44,0,1,1,0,16,15,1,28,21,7,17,9,8,17,17,0,7,6,1,5,4,1,7,222,196,19,Georgia,78,New York,35,District of Columbia,13,4
FAULKNER UNIVERSITY,2011,72,70,2,0,6,6,1,85,0,0,0,10,10,0,24,23,1,3,3,0,4,3,1,0,0,0,1,1,0,0,0,0,0,0,0,0,0,0,6,6,0,21,21,0,1,1,0,0,0,0,2,2,0,0,0,0,0,72,70,2,Alabama,51,Georgia,5,Florida,3,0
FLORIDA A&M,2011,70,66,4,7,8,25,14,124,1,0,1,13,13,0,14,12,2,1,1,0,1,1,0,1,1,0,1,1,0,0,0,0,1,1,0,0,0,0,14,14,0,15,15,0,3,3,0,0,0,0,0,0,0,4,2,2,2,70,64,4,Florida,50,Georgia,6,North Carolina,2,0
FLORIDA COASTAL,2011,345,193,124,23,18,14,33,433,59,5,54,6,6,0,93,64,28,8,5,3,2,0,2,7,4,3,2,2,0,0,0,0,2,1,0,11,6,3,60,29,24,36,33,2,78,21,55,4,4,0,10,10,0,11,8,3,15,345,193,123,Florida,201,Georgia,21,unknown,15,5
FLORIDA INTERNATIONAL,2011,136,118,18,7,4,1,3,151,8,0,8,4,4,0,50,49,1,12,11,1,1,1,0,2,2,0,2,1,1,1,1,0,1,1,0,9,7,2,20,16,4,10,10,0,13,11,2,1,1,0,0,0,0,9,2,7,1,136,117,18,Florida,127,Illinois,2,Michigan,1,2
FLORIDA STATE UNIVERSITY,2011,224,212,12,5,14,1,1,245,3,1,2,6,6,0,45,43,2,13,13,0,13,13,0,4,4,0,7,7,0,1,1,0,6,6,0,8,6,2,27,22,5,58,57,1,18,18,0,3,3,0,10,10,0,5,3,2,0,224,212,12,Florida,186,District of Columbia,7,New York,4,2
"FLORIDA, UNIVERSITY OF",2011,328,282,44,41,10,4,1,384,21,1,20,5,5,0,59,52,7,26,25,1,19,19,0,13,13,0,12,12,0,5,5,0,27,26,1,3,0,3,46,38,8,48,46,2,21,20,1,8,8,0,10,10,0,24,3,21,2,328,282,44,Florida,263,District of Columbia,15,Georgia,11,5
FORDHAM UNIVERSITY,2011,460,372,87,3,11,13,4,491,73,3,70,0,0,0,28,20,8,17,17,0,9,9,0,13,13,0,19,19,0,32,31,1,113,113,0,0,0,0,52,45,6,49,37,12,62,17,45,22,19,3,36,30,6,8,2,6,0,460,372,87,New York,350,New Jersey,38,California,9,10
UNIVERSITY OF NEW HAMPSHIRE,2011,95,95,0,0,5,11,16,127,0,0,0,2,2,0,28,28,0,6,6,0,2,2,0,12,12,0,4,4,0,1,1,0,3,3,0,2,2,0,16,16,0,9,9,0,3,3,0,0,0,0,6,6,0,1,1,0,0,95,95,0,New Hampshire,28,Massachusetts,11,New York,11,2
GEORGE MASON UNIVERSITY,2011,214,177,37,1,4,2,1,222,18,3,15,2,2,0,42,34,8,8,8,0,2,2,0,1,1,0,3,3,0,14,12,2,13,12,1,0,0,0,42,31,11,46,46,0,8,4,4,8,8,0,11,11,0,14,3,11,0,214,177,37,Virginia,89,District of Columbia,77,Maryland,10,4
GEORGE WASHINGTON UNIVERSITY,2011,484,378,106,14,6,6,2,512,26,2,24,3,2,1,27,21,6,6,5,1,9,7,2,10,7,3,14,14,0,32,32,0,102,97,5,13,4,9,69,37,32,105,95,10,23,10,13,27,27,0,15,15,0,28,4,24,1,484,377,106,District of Columbia,219,New York,67,Virginia,40,11
GEORGETOWN UNIVERSITY,2011,621,532,89,4,10,8,4,647,73,7,66,0,0,0,14,13,1,4,4,0,8,8,0,13,13,0,16,16,0,51,50,1,208,205,3,3,2,1,34,23,11,103,82,21,86,47,39,29,29,0,30,30,0,18,6,12,4,621,528,89,District of Columbia,272,New York,103,California,56,17
GEORGIA STATE UNIVERSITY,2011,175,172,3,3,5,13,2,198,1,1,0,10,10,0,47,46,1,4,4,0,8,8,0,5,5,0,5,5,0,7,7,0,8,8,0,0,0,0,36,35,1,20,20,0,9,8,1,4,4,0,5,5,0,4,4,0,3,175,169,3,Georgia,167,Florida,1,Hawaii,1,0
"GEORGIA, UNIVERSITY OF",2011,204,192,11,1,3,8,3,219,1,1,0,2,2,0,50,49,1,14,13,1,6,6,0,8,8,0,2,2,0,4,4,0,18,18,0,7,1,6,16,15,1,37,36,1,4,4,0,19,19,0,10,10,0,1,1,0,6,204,188,10,Georgia,155,District of Columbia,14,Alabama,4,1
GOLDEN GATE UNIVERSITY,2011,117,43,74,9,6,21,21,174,20,0,20,3,3,0,35,12,23,4,2,2,2,1,1,2,2,0,1,1,0,0,0,0,2,2,0,1,1,0,25,10,15,20,7,13,5,1,4,1,1,0,0,0,0,16,0,16,0,117,43,74,California,108,Texas,2,Illinois,1,1
GONZAGA UNIVERSITY,2011,147,145,2,6,7,11,7,178,0,0,0,5,5,0,36,36,0,9,9,0,1,1,0,1,1,0,2,2,0,1,1,0,1,1,0,14,14,0,26,26,0,13,13,0,11,11,0,0,0,0,22,22,0,5,3,2,0,147,145,2,Washington,67,Idaho,12,Oregon,9,0
HAMLINE UNIVERSITY,2011,145,129,15,6,13,16,18,198,0,0,0,3,3,0,34,32,2,7,7,0,3,3,0,1,1,0,5,5,0,0,0,0,0,0,0,1,1,0,51,43,8,11,8,2,9,8,1,0,0,0,15,15,0,4,3,1,1,145,129,14,Minnesota,107,unknown,10,Wisconsin,10,1
HARVARD UNIVERSITY,2011,557,552,5,13,3,16,0,589,29,27,2,0,0,0,5,5,0,1,1,0,5,5,0,5,5,0,19,19,0,26,26,0,288,288,0,0,0,0,16,16,0,23,21,2,43,42,1,96,96,0,26,26,0,4,2,2,0,557,552,5,New York,178,District of Columbia,95,Massachusetts,67,21
"HAWAII, UNIVERSITY OF",2011,67,63,4,1,2,10,0,80,1,1,0,0,0,0,8,7,1,1,1,0,5,5,0,3,3,0,2,2,0,0,0,0,1,1,0,0,0,0,2,1,1,16,16,0,9,8,1,1,1,0,18,18,0,1,0,1,0,67,63,4,Hawaii,55,Washington,2,Arkansas,1,2
HOFSTRA UNIVERSITY,2011,321,225,70,9,3,6,13,352,27,0,27,7,5,1,82,69,9,21,19,2,8,7,1,8,8,0,2,2,0,5,5,0,13,13,0,16,4,6,71,41,18,34,33,1,15,15,0,2,1,1,3,1,2,31,2,29,3,321,225,70,New York,263,New Jersey,10,unknown,8,0
"HOUSTON, UNIVERSITY OF",2011,261,255,6,5,10,6,2,284,5,1,4,14,14,0,47,47,0,29,29,0,13,13,0,9,9,0,4,4,0,14,14,0,20,20,0,0,0,0,60,60,0,24,22,2,11,8,3,7,7,0,4,4,0,5,4,1,0,261,255,6,Texas,245,District of Columbia,6,California,2,1
HOWARD UNIVERSITY,2011,114,100,12,0,1,9,9,133,0,0,0,2,2,0,9,6,2,2,2,0,1,1,0,1,1,0,3,3,0,6,6,0,12,12,0,0,0,0,12,6,6,30,29,1,9,7,2,4,4,0,18,17,1,4,4,0,1,114,100,12,District of Columbia,42,New York,18,Virginia,11,1
"IDAHO, UNIVERSITY OF",2011,71,58,6,2,8,8,5,94,0,0,0,7,7,0,16,13,2,3,3,0,1,1,0,0,0,0,0,0,0,0,0,0,0,0,0,0,0,0,12,6,3,10,9,0,3,3,0,2,2,0,14,14,0,3,0,1,0,71,58,6,Idaho,47,Washington,12,Alaska,2,0
ILLINOIS INSTITUTE OF TECHNOLOGY,2011,244,216,27,6,5,9,5,269,19,1,18,7,7,0,61,55,5,17,17,0,10,10,0,7,7,0,8,8,0,7,7,0,15,15,0,0,0,0,51,47,4,24,24,0,12,9,3,4,2,2,3,3,0,18,5,13,0,244,216,27,Illinois,210,District of Columbia,6,California,4,0
"ILLINOIS, UNIVERSITY OF",2011,170,145,24,7,0,13,5,195,20,9,11,1,1,0,27,22,4,6,6,0,6,6,0,8,7,1,6,6,0,9,9,0,30,29,1,0,0,0,21,14,7,29,20,9,7,7,0,7,7,0,4,4,0,9,7,2,0,170,145,24,Illinois,123,California,8,District of Columbia,6,4
INDIANA UNIVERSITY - BLOOMINGTON,2011,170,146,24,8,11,1,5,195,8,0,8,6,4,2,30,25,5,6,6,0,7,7,0,3,3,0,9,9,0,7,6,1,6,6,0,4,4,0,27,20,7,29,28,1,13,10,3,5,5,0,7,7,0,11,6,5,0,170,146,24,Indiana,63,Illinois,14,District of Columbia,12,5
INDIANA UNIVERSITY - INDIANAPOLIS,2011,261,230,18,4,1,19,14,299,3,2,1,7,7,0,48,44,1,22,22,0,8,7,1,0,0,0,6,6,0,12,12,0,2,2,0,21,11,4,54,46,6,47,44,2,17,14,2,3,3,0,10,10,0,4,2,2,0,261,230,18,Indiana,215,Illinois,9,California,3,2
INTER AMERICAN UNIVERSITY OF PUERTO RICO,2011,1,1,0,0,0,0,0,1,0,0,0,1,1,0,0,0,0,0,0,0,0,0,0,0,0,0,0,0,0,0,0,0,0,0,0,0,0,0,0,0,0,0,0,0,0,0,0,0,0,0,0,0,0,0,0,0,0,1,1,0,Puerto Rico,1,,0,,0,0
"IOWA, UNIVERSITY OF",2011,192,159,31,12,3,5,0,212,0,0,0,2,2,0,38,33,5,10,9,1,6,5,1,5,5,0,12,12,0,8,8,0,15,15,0,7,5,2,40,25,15,26,22,4,6,4,2,6,6,0,8,8,0,1,0,1,2,192,159,31,Iowa,59,Illinois,24,District of Columbia,12,4
JOHN MARSHALL LAW SCHOOL,2011,337,278,59,3,2,33,9,384,26,6,20,15,15,0,97,87,10,23,20,3,9,9,0,6,5,1,7,7,0,2,2,0,9,9,0,0,0,0,79,63,16,60,41,19,8,7,1,4,4,0,2,2,0,16,7,9,0,337,278,59,Illinois,291,Virginia,6,District of Columbia,4,5
JUDGE ADVOCATE GENERAL'S SCHOOL,2011,0,0,0,0,0,0,0,0,0,0,0,0,0,0,0,0,0,0,0,0,0,0,0,0,0,0,0,0,0,0,0,0,0,0,0,0,0,0,0,0,0,0,0,0,0,0,0,0,0,0,0,0,0,0,0,0,0,0,0,0,,0,,0,,0,0
"KANSAS, UNIVERSITY OF",2011,131,112,15,10,8,16,3,168,1,0,1,6,6,0,29,27,1,15,13,2,4,4,0,4,4,0,3,2,1,6,6,0,10,10,0,0,0,0,13,8,3,23,20,3,10,6,4,1,1,0,2,2,0,4,3,1,1,131,112,15,Kansas,58,Missouri,27,District of Columbia,7,2
"KENTUCKY, UNIVERSITY OF",2011,113,102,11,1,3,1,2,120,0,0,0,5,3,2,26,26,0,6,6,0,3,3,0,0,0,0,7,7,0,3,3,0,2,2,0,1,1,0,12,4,8,10,10,0,6,5,1,11,11,0,19,19,0,2,2,0,0,113,102,11,Kentucky,86,Tennessee,5,District of Columbia,3,1
LEWIS AND CLARK COLLEGE,2011,171,136,35,4,5,10,10,200,23,1,22,8,7,1,41,38,3,9,9,0,6,6,0,0,0,0,2,2,0,1,1,0,0,0,0,2,1,1,27,21,6,25,23,2,11,6,5,3,3,0,20,18,2,16,1,15,0,171,136,35,Oregon,118,Washington,14,California,8,0
LIBERTY UNIVERSITY,2011,38,34,4,0,2,9,8,57,1,1,0,1,1,0,13,13,0,3,0,3,2,2,0,1,1,0,1,1,0,0,0,0,0,0,0,1,1,0,1,1,0,8,8,0,2,2,0,0,0,0,2,2,0,2,2,0,1,38,34,3,Virginia,15,Colorado,1,Florida,1,0
LOUISIANA STATE UNIVERSITY,2011,160,155,5,5,2,7,3,177,0,0,0,5,5,0,44,42,2,30,30,0,8,8,0,5,5,0,2,2,0,2,2,0,3,3,0,0,0,0,13,12,1,16,16,0,3,2,1,2,2,0,27,26,1,0,0,0,0,160,155,5,Louisiana,133,Texas,9,District of Columbia,3,0
"LOUISVILLE, UNIVERSITY OF",2011,123,114,8,1,0,6,3,133,0,0,0,12,12,0,34,29,4,7,6,1,1,1,0,3,3,0,4,4,0,0,0,0,0,0,0,0,0,0,22,20,2,19,18,1,10,10,0,2,2,0,3,3,0,6,6,0,0,123,114,8,Kentucky,98,Virginia,5,Indiana,3,1
LOYOLA MARYMOUNT UNIVERSITY-LOS ANGELES,2011,365,235,129,3,10,9,1,388,16,0,16,7,7,0,106,73,32,28,24,4,20,15,5,11,11,0,5,5,0,6,6,0,26,25,1,2,0,2,54,37,17,15,9,6,52,9,43,8,8,0,6,5,1,19,1,18,0,365,235,129,California,348,Louisiana,2,New York,2,3
LOYOLA UNIVERSITY-CHICAGO,2011,236,181,48,9,6,12,3,266,3,0,3,2,1,1,60,46,11,12,11,1,3,3,0,9,8,1,11,10,1,8,8,0,11,11,0,4,0,3,53,38,15,25,17,7,14,8,4,7,7,0,10,10,0,7,3,4,0,236,181,48,Illinois,182,California,12,Michigan,6,3
LOYOLA UNIVERSITY-NEW ORLEANS,2011,221,218,3,16,13,4,18,272,0,0,0,16,16,0,61,61,0,26,25,1,15,15,0,9,9,0,2,2,0,6,6,0,0,0,0,0,0,0,30,29,1,24,24,0,9,9,0,5,5,0,15,14,1,2,2,0,1,221,217,3,Louisiana,176,Texas,10,Florida,6,0
"MAINE, UNIVERSITY OF",2011,66,52,14,3,1,12,0,82,0,0,0,3,3,0,20,16,4,1,1,0,2,2,0,1,1,0,1,1,0,0,0,0,3,3,0,0,0,0,17,10,7,6,5,1,4,3,1,0,0,0,8,7,1,0,0,0,0,66,52,14,Maine,46,New Jersey,4,District of Columbia,3,1
MARQUETTE UNIVERSITY,2011,205,173,31,1,1,23,4,234,0,0,0,10,6,4,68,61,7,15,14,1,8,8,0,4,3,1,11,11,0,3,3,0,1,1,0,1,1,0,43,31,11,24,23,1,9,6,3,2,0,2,3,2,1,2,2,0,0,204,172,31,Wisconsin,156,Illinois,16,Minnesota,4,0
"MARYLAND, UNIVERSITY OF",2011,264,229,35,5,9,1,4,283,20,4,16,1,1,0,42,33,9,5,4,1,4,4,0,6,5,1,10,10,0,10,10,0,15,15,0,3,2,1,38,24,14,61,57,4,26,21,5,7,7,0,29,29,0,6,6,0,1,264,228,35,Maryland,168,District of Columbia,51,Virginia,9,5
MCGEORGE SCHOOL OF LAW,2011,260,124,127,7,25,8,8,308,54,0,54,6,4,1,71,43,23,17,15,2,12,10,1,3,2,1,4,4,0,2,2,0,2,1,1,0,0,0,40,17,22,55,17,38,40,6,33,1,1,0,2,1,1,3,0,3,2,260,123,126,California,226,District of Columbia,3,Nevada,3,2
"MEMPHIS, UNIVERSITY OF",2011,90,71,19,2,1,12,0,105,3,0,3,5,3,2,33,32,1,8,8,0,4,4,0,2,2,0,3,3,0,2,2,0,0,0,0,1,0,1,4,3,1,7,7,0,3,2,1,5,1,4,5,0,5,4,1,3,4,90,68,18,Tennessee,84,Georgia,2,Florida,1,0
MERCER UNIVERSITY,2011,116,102,14,8,5,7,4,140,0,0,0,1,1,0,36,33,3,11,11,0,4,4,0,4,4,0,3,3,0,0,0,0,9,5,4,3,0,3,6,5,1,16,15,1,8,7,1,4,4,0,10,10,0,0,0,0,1,116,102,13,Georgia,96,Florida,4,District of Columbia,3,1
"MIAMI, UNIVERSITY OF",2011,386,318,66,19,6,10,41,462,35,4,31,7,7,0,42,38,3,24,22,2,5,5,0,6,6,0,4,4,0,7,7,0,14,14,0,113,103,10,41,35,6,50,39,10,42,20,22,8,4,4,15,6,9,5,5,0,3,386,315,66,Florida,260,New York,19,District of Columbia,18,6
MICHIGAN STATE UNIVERSITY,2011,305,253,45,16,2,9,16,348,37,8,29,12,12,0,78,77,1,11,11,0,5,5,0,8,8,0,8,8,0,4,4,0,2,2,0,9,9,0,63,45,17,26,26,0,24,11,12,7,7,0,14,14,0,29,14,15,5,305,253,45,Michigan,165,Illinois,16,Indiana,9,9
"MICHIGAN, UNIVERSITY OF",2011,345,338,7,12,9,5,3,374,7,0,7,1,1,0,8,8,0,7,7,0,4,4,0,6,6,0,21,21,0,32,32,0,130,130,0,12,12,0,18,18,0,30,29,1,32,27,5,28,28,0,10,9,1,4,4,0,2,345,336,7,New York,80,California,43,Illinois,42,11
"MINNESOTA, UNIVERSITY OF",2011,261,191,52,8,12,3,0,284,40,7,33,2,2,0,36,34,1,8,8,0,6,6,0,4,4,0,14,13,1,7,7,0,22,22,0,5,4,1,42,28,13,29,20,9,28,7,21,15,14,1,24,20,4,3,2,1,16,261,191,52,Minnesota,169,New York,15,District of Columbia,14,3
MISSISSIPPI COLLEGE,2011,135,129,3,7,0,22,7,171,2,2,0,10,10,0,41,41,0,8,8,0,4,4,0,9,9,0,2,2,0,1,1,0,2,2,0,0,0,0,17,16,1,14,14,0,5,5,0,2,2,0,14,13,1,1,1,0,5,135,128,2,Mississippi,89,Tennessee,13,Texas,5,0
"MISSISSIPPI, UNIVERSITY OF",2011,107,97,7,16,0,21,18,162,1,0,1,11,11,0,19,18,1,7,7,0,8,8,0,5,5,0,5,5,0,1,1,0,0,0,0,2,0,2,11,11,0,12,12,0,1,1,0,5,5,0,13,11,2,0,0,0,6,106,95,5,Mississippi,63,Tennessee,11,Georgia,6,0
MISSOURI UNIVERSITY OF,2011,116,114,2,8,8,9,1,142,2,2,0,4,4,0,26,26,0,9,9,0,3,3,0,1,1,0,1,1,0,3,3,0,3,3,0,8,8,0,22,20,2,17,17,0,8,8,0,0,0,0,6,6,0,3,3,0,2,116,112,2,Missouri,103,Illinois,4,New York,2,0
"MISSOURI-KANSAS CITY, UNIVERSITY OF",2011,104,86,18,0,0,40,0,144,0,0,0,12,12,0,29,25,4,8,8,0,4,4,0,2,2,0,4,4,0,3,3,0,0,0,0,0,0,0,11,4,7,10,10,0,0,0,0,0,0,0,15,8,7,2,2,0,4,104,82,18,Missouri,81,Kansas,10,Virginia,2,3
"MONTANA, UNIVERSITY OF",2011,59,53,4,8,1,5,4,77,0,0,0,3,2,1,12,12,0,10,10,0,0,0,0,0,0,0,0,0,0,0,0,0,0,0,0,7,6,1,3,1,2,4,4,0,2,1,0,7,7,0,9,9,0,0,0,0,2,59,52,4,Montana,49,California,2,Alaska,2,0
"NEBRASKA, UNIVERSITY OF",2011,99,92,1,5,0,12,6,122,2,2,0,0,0,0,39,39,0,4,4,0,3,3,0,3,3,0,1,1,0,3,3,0,0,0,0,1,0,0,17,13,0,15,15,0,2,1,1,2,2,0,5,5,0,3,3,0,1,99,92,1,Nebraska,78,Arizona,3,District of Columbia,3,1
NEW ENGLAND LAW | BOSTON,2011,209,186,18,12,2,40,29,292,1,1,0,11,11,0,60,55,4,11,11,0,4,4,0,4,4,0,3,3,0,2,2,0,0,0,0,8,8,0,60,47,12,24,24,0,9,7,1,0,0,0,5,5,0,5,4,0,3,209,185,17,Massachusetts,133,New York,11,Rhode Island,7,0
"NEW MEXICO, UNIVERSITY OF",2011,84,59,25,2,6,0,0,92,5,1,4,4,4,0,27,19,8,3,3,0,5,5,0,1,1,0,2,2,0,0,0,0,0,0,0,0,0,0,2,1,1,16,16,0,8,7,1,1,0,1,11,0,11,4,1,3,0,84,59,25,New Mexico,73,District of Columbia,3,Colorado,2,0
NEW YORK LAW SCHOOL,2011,407,326,73,13,14,23,24,481,29,5,24,2,2,0,101,85,15,12,12,0,11,9,2,7,7,0,4,3,1,4,4,0,27,26,1,8,4,4,109,89,19,67,46,21,15,9,6,2,2,0,10,10,0,10,9,1,18,407,317,70,New York,311,New Jersey,31,unknown,26,3
NEW YORK UNIVERSITY,2011,480,467,13,6,9,2,0,497,22,9,13,0,0,0,8,8,0,5,5,0,0,0,0,2,2,0,11,11,0,30,30,0,240,240,0,0,0,0,14,14,0,36,33,3,68,58,10,51,51,0,12,12,0,3,3,0,0,480,467,13,New York,307,California,43,District of Columbia,28,11
NORTH CAROLINA CENTRAL UNIVERSITY,2011,111,91,13,4,1,8,44,168,1,0,1,10,8,0,24,22,2,2,2,0,3,3,0,1,1,0,2,2,0,1,1,0,1,1,0,3,3,0,20,18,1,24,21,2,6,5,1,1,0,1,1,0,1,1,0,1,11,111,87,9,North Carolina,78,District of Columbia,6,Georgia,5,1
"NORTH CAROLINA, UNIVERSITY OF",2011,203,203,0,4,12,11,9,239,2,2,0,3,3,0,41,41,0,2,2,0,7,7,0,7,7,0,5,5,0,4,4,0,26,26,0,4,4,0,27,27,0,21,21,0,21,21,0,17,17,0,14,14,0,3,3,0,1,203,202,0,North Carolina,108,District of Columbia,17,New York,16,2
"NORTH DAKOTA, UNIVERSITY OF",2011,64,60,3,2,3,3,1,73,1,1,0,5,5,0,20,20,0,5,5,0,0,0,0,2,2,0,0,0,0,0,0,0,0,0,0,0,0,0,12,9,3,6,6,0,3,3,0,0,0,0,9,9,0,1,1,0,1,64,60,3,North Dakota,45,Minnesota,4,Texas,2,1
NORTHEASTERN UNIVERSITY,2011,167,116,51,5,4,11,6,193,17,0,17,6,3,3,27,18,9,5,3,2,5,5,0,3,2,1,3,3,0,1,1,0,12,12,0,0,0,0,26,13,13,19,15,4,36,30,6,2,2,0,9,8,1,13,1,12,0,167,116,51,Massachusetts,122,New York,12,California,8,1
NORTHERN ILLINOIS UNIVERSITY,2011,75,62,13,3,7,7,7,99,3,1,2,3,3,0,21,19,2,3,2,1,1,1,0,2,2,0,1,1,0,0,0,0,0,0,0,0,0,0,16,13,3,16,14,2,7,5,2,0,0,0,1,1,0,4,1,3,0,75,62,13,Illinois,71,Wisconsin,2,New York,1,0
NORTHERN KENTUCKY UNIVERSITY,2011,131,107,9,0,2,11,5,149,1,1,0,10,2,0,39,33,4,11,11,0,3,3,0,3,3,0,3,3,0,1,1,0,0,0,0,1,0,1,29,23,2,7,6,0,7,7,0,1,1,0,9,9,0,7,5,2,0,131,107,9,Kentucky,69,Ohio,46,Indiana,7,0
NORTHWESTERN UNIVERSITY,2011,268,251,17,6,3,5,3,285,10,2,8,0,0,0,5,5,0,1,1,0,3,3,0,8,8,0,13,13,0,21,21,0,115,115,0,0,0,0,33,26,7,12,11,1,17,16,1,23,23,0,6,6,0,10,2,8,1,268,250,17,Illinois,120,New York,37,California,29,10
"NOTRE DAME, UNIVERSITY OF",2011,157,134,23,5,8,0,2,172,25,2,23,0,0,0,7,7,0,7,7,0,8,8,0,3,3,0,7,7,0,10,10,0,31,31,0,4,4,0,17,17,0,29,23,6,10,3,7,8,7,1,13,4,9,3,3,0,0,157,134,23,Illinois,29,California,22,New York,20,1
NOVA SOUTHEASTERN UNIVERSITY,2011,221,170,51,13,10,30,5,279,0,0,0,2,2,0,84,60,24,27,19,8,11,11,0,8,8,0,7,7,0,1,1,0,3,3,0,0,0,0,40,26,14,18,17,1,13,10,3,0,0,0,2,2,0,5,4,1,0,221,170,51,Florida,195,New York,7,Georgia,3,1
OHIO NORTHERN UNIVERSITY,2011,75,70,5,5,0,5,15,100,2,2,0,3,3,0,22,22,0,1,1,0,1,1,0,0,0,0,0,0,0,0,0,0,1,1,0,14,14,0,7,6,1,16,15,1,1,1,0,1,0,1,1,0,1,2,1,1,5,75,65,5,Ohio,36,New York,6,Pennsylvania,6,0
OHIO STATE UNIVERSITY,2011,179,150,29,9,13,1,0,202,17,4,13,3,3,0,23,23,0,7,6,1,8,8,0,4,4,0,4,4,0,7,7,0,14,14,0,4,3,1,36,27,9,39,34,5,6,1,5,7,7,0,3,3,0,14,6,8,0,179,150,29,Ohio,109,District of Columbia,11,Illinois,9,3
OKLAHOMA CITY UNIVERSITY,2011,135,110,21,2,11,11,0,159,1,1,0,11,10,1,62,55,7,6,5,1,4,4,0,0,0,0,1,1,0,0,0,0,0,0,0,2,0,1,26,20,3,15,12,3,2,0,2,1,1,0,0,0,0,4,2,2,1,135,110,20,Oklahoma,94,Texas,23,Missouri,4,3
"OKLAHOMA, UNIVERSITY OF",2011,148,138,10,4,7,18,0,177,3,3,0,9,9,0,45,42,3,13,12,1,2,2,0,4,4,0,9,9,0,0,0,0,2,2,0,3,2,1,28,26,2,20,17,3,4,4,0,5,5,0,2,2,0,1,1,0,1,148,137,10,Oklahoma,111,Texas,14,District of Columbia,4,0
"OREGON, UNIVERSITY OF",2011,142,114,28,6,1,22,11,182,11,0,11,11,7,4,31,28,3,4,4,0,0,0,0,2,2,0,3,2,1,1,1,0,1,1,0,1,0,1,21,16,5,16,12,4,21,12,9,4,4,0,24,24,0,2,1,1,0,142,114,28,Oregon,85,California,14,Washington,12,1
PACE UNIVERSITY,2011,162,112,45,8,20,14,19,223,22,2,20,2,2,0,39,32,6,6,6,0,1,1,0,6,6,0,1,1,0,3,3,0,9,9,0,3,2,1,31,27,3,16,15,1,11,3,7,3,0,3,5,0,5,24,5,19,2,162,112,45,New York,112,unknown,21,New Jersey,10,4
"PENNSYLVANIA, UNIVERSITY OF",2011,265,250,15,5,1,3,2,276,13,2,11,0,0,0,5,3,2,3,3,0,4,3,1,4,4,0,13,13,0,10,10,0,139,139,0,2,2,0,9,6,3,11,9,2,14,8,6,29,28,1,20,20,0,2,2,0,0,265,250,15,New York,106,Pennsylvania,42,District of Columbia,28,4
PEPPERDINE UNIVERSITY,2011,184,139,44,9,7,4,0,204,8,1,7,3,3,0,64,45,19,15,14,1,15,14,1,3,3,0,3,3,0,3,3,0,9,8,1,3,2,1,33,20,13,13,12,1,5,3,2,3,3,0,4,4,0,7,2,5,1,184,139,44,California,146,Arizona,4,Georgia,2,12
PHOENIX SCHOOL OF LAW,2011,63,53,10,1,3,2,0,69,9,2,7,4,4,0,24,22,2,0,0,0,0,0,0,0,0,0,1,0,1,0,0,0,0,0,0,3,3,0,10,10,0,7,7,0,9,3,6,0,0,0,1,1,0,4,3,1,0,63,53,10,Arizona,50,California,3,Texas,3,0
"PITTSBURGH, UNIVERSITY OF",2011,174,165,8,4,1,19,9,207,1,1,0,3,3,0,38,35,3,6,5,1,7,7,0,5,5,0,7,7,0,12,12,0,20,20,0,0,0,0,30,29,1,17,17,0,10,9,1,4,3,1,11,11,0,2,2,0,2,174,165,7,Pennsylvania,118,District of Columbia,13,New York,8,3
PONTIFICAL CATHOLIC UNIVERSITY OF P.R.,2011,0,0,0,0,0,0,0,0,0,0,0,0,0,0,0,0,0,0,0,0,0,0,0,0,0,0,0,0,0,0,0,0,0,0,0,0,0,0,0,0,0,0,0,0,0,0,0,0,0,0,0,0,0,0,0,0,0,0,0,0,,0,,0,,0,0
"PUERTO RICO, UNIVERSITY OF",2011,54,40,11,6,3,6,110,179,0,0,0,2,0,2,10,7,2,2,2,0,3,3,0,2,2,0,2,2,0,0,0,0,0,0,0,0,0,0,16,13,3,9,5,2,2,2,0,1,1,0,4,3,1,0,0,0,1,54,40,10,Puerto Rico,52,unknown,1,Massachusetts,1,0
QUINNIPIAC COLLEGE,2011,85,65,15,1,2,7,2,97,6,0,6,3,2,1,17,14,3,3,3,0,2,2,0,0,0,0,1,1,0,1,1,0,0,0,0,2,1,0,15,12,3,20,19,1,8,2,5,1,1,0,7,7,0,2,0,2,2,84,65,15,Connecticut,67,Florida,2,Massachusetts,2,0
REGENT UNIVERSITY,2011,105,92,13,6,7,4,3,125,1,0,1,6,6,0,21,19,2,4,4,0,0,0,0,0,0,0,0,0,0,0,0,0,0,0,0,21,18,3,11,8,3,22,21,1,2,2,0,1,1,0,7,7,0,3,1,2,7,105,87,11,Virginia,35,unknown,17,Texas,7,0
"RICHMOND, UNIVERSITY OF",2011,140,123,17,4,5,5,4,158,0,0,0,1,1,0,21,19,2,10,10,0,5,5,0,1,1,0,0,0,0,4,4,0,2,2,0,0,0,0,51,37,14,13,12,1,2,2,0,9,9,0,21,21,0,0,0,0,0,140,123,17,Virginia,110,District of Columbia,5,Maryland,4,0
ROGER WILLIAMS UNIVERSITY,2011,123,123,0,13,13,14,8,171,0,0,0,6,6,0,29,29,0,4,4,0,1,1,0,0,0,0,2,2,0,1,1,0,0,0,0,17,17,0,18,18,0,12,12,0,11,11,0,1,1,0,19,19,0,2,2,0,0,123,123,0,Rhode Island,55,Massachusetts,14,Connecticut,11,1
RUTGERS UNIVERSITY-CAMDEN,2011,233,214,16,8,7,38,2,288,12,1,11,0,0,0,31,31,0,7,7,0,4,4,0,5,5,0,6,6,0,3,3,0,5,5,0,1,1,0,40,37,2,28,18,10,10,7,3,12,12,0,74,74,0,5,4,1,2,233,214,16,New Jersey,149,Pennsylvania,50,New York,7,2
RUTGERS UNIVERSITY-NEWARK,2011,220,201,17,3,2,26,7,258,4,3,1,2,2,0,24,19,5,4,3,1,2,0,2,5,5,0,6,6,0,10,10,0,19,18,1,0,0,0,48,42,5,17,17,0,3,3,0,0,0,0,71,70,1,8,6,2,1,220,201,17,New Jersey,145,New York,51,District of Columbia,5,2
SAMFORD UNIVERSITY,2011,122,109,13,8,5,14,7,156,1,1,0,9,9,0,27,22,5,9,9,0,5,5,0,8,7,1,7,7,0,3,3,0,1,1,0,9,8,1,19,15,4,8,7,1,7,7,0,3,3,0,6,6,0,1,0,1,0,122,109,13,Alabama,82,Tennessee,15,Georgia,7,0
"SAN DIEGO, UNIVERSITY OF",2011,284,213,69,9,15,4,10,322,18,0,18,5,5,0,72,62,10,9,9,0,7,7,0,10,10,0,11,11,0,11,11,0,11,11,0,12,6,5,54,46,8,33,17,16,22,7,15,9,7,2,0,0,0,16,3,13,2,284,212,69,California,243,Illinois,5,Massachusetts,4,2
"SAN FRANCISCO, UNIVERSITY OF",2011,156,78,64,1,5,10,7,179,30,1,29,3,3,0,33,21,12,11,9,2,2,2,0,4,3,1,3,3,0,3,3,0,7,7,0,3,1,0,19,9,6,14,7,6,19,5,12,0,0,0,3,2,1,19,1,18,13,156,76,58,California,118,District of Columbia,2,Arkansas,1,2
SANTA CLARA UNIVERSITY,2011,241,216,22,3,55,6,0,305,14,1,13,7,7,0,29,29,0,10,10,0,3,2,1,6,5,1,0,0,0,1,1,0,26,26,0,24,24,0,55,50,5,19,19,0,25,24,1,5,5,0,0,0,0,15,1,14,16,241,203,22,California,209,Washington,4,Texas,3,5
SEATTLE UNIVERSITY,2011,283,218,65,9,16,13,0,321,4,1,3,21,20,1,89,64,25,8,8,0,13,13,0,1,1,0,3,3,0,4,4,0,5,4,1,0,0,0,59,41,18,31,26,5,25,14,11,4,4,0,11,11,0,9,5,4,0,283,218,65,Washington,246,Oregon,5,Colorado,3,5
SETON HALL UNIVERSITY,2011,274,243,22,3,2,37,4,320,0,0,0,4,4,0,43,38,5,7,7,0,12,9,3,10,10,0,8,7,0,6,6,0,20,20,0,2,1,1,33,25,6,17,12,3,6,4,2,3,3,0,97,97,0,2,0,2,4,274,243,22,New Jersey,181,New York,51,unknown,4,3
"SOUTH CAROLINA, UNIVERSITY OF",2011,172,144,28,9,5,18,10,214,0,0,0,6,6,0,36,23,13,10,10,0,3,3,0,2,1,1,8,5,3,6,5,1,1,1,0,0,0,0,17,8,9,30,29,1,6,6,0,9,9,0,34,34,0,4,4,0,0,172,144,28,South Carolina,127,North Carolina,13,Georgia,6,0
"SOUTH DAKOTA, UNIVERSITY OF",2011,51,34,17,5,0,9,0,65,0,0,0,0,0,0,16,16,0,4,4,0,1,1,0,0,0,0,0,0,0,0,0,0,0,0,0,0,0,0,4,3,1,4,4,0,4,4,0,2,0,2,13,0,13,3,2,1,0,51,34,17,South Dakota,40,Iowa,6,Nebraska,1,0
SOUTH TEXAS COLLEGE OF LAW,2011,324,268,37,4,9,16,28,381,0,0,0,41,30,1,99,86,11,24,21,3,14,14,0,8,7,1,3,2,1,3,3,0,5,5,0,6,4,1,67,52,11,34,29,4,10,6,3,3,3,0,4,3,1,3,3,0,0,324,268,37,Texas,308,Florida,3,Illinois,2,2
"SOUTHERN CALIFORNIA, UNIVERSITY OF",2011,178,153,25,6,6,3,2,195,17,0,17,3,3,0,28,26,2,5,5,0,3,3,0,2,2,0,5,5,0,5,5,0,57,57,0,2,0,2,19,16,3,22,12,10,10,7,3,10,10,0,0,0,0,7,2,5,0,178,153,25,California,153,New York,7,District of Columbia,5,1
SOUTHERN ILLINOIS UNIVERSITY-CARBONDALE,2011,98,92,6,6,1,19,11,135,1,1,0,7,7,0,31,30,1,10,10,0,3,3,0,0,0,0,2,2,0,0,0,0,2,2,0,0,0,0,15,11,4,20,19,1,1,1,0,1,1,0,4,4,0,2,2,0,0,98,92,6,Illinois,61,Kentucky,10,Missouri,7,1
SOUTHERN METHODIST UNIVERSITY,2011,225,205,20,7,16,11,0,259,3,1,2,3,3,0,60,53,7,13,11,2,16,16,0,13,13,0,2,2,0,10,9,1,29,29,0,0,0,0,46,40,6,14,13,1,6,5,1,7,6,1,3,3,0,3,2,1,0,225,205,20,Texas,204,California,5,Oklahoma,3,0
SOUTHERN UNIVERSITY,2011,114,94,20,3,5,10,0,132,0,0,0,12,12,0,44,36,8,2,2,0,0,0,0,1,1,0,1,1,0,0,0,0,0,0,0,0,0,0,16,11,5,23,21,2,3,3,0,0,0,0,7,2,5,5,5,0,0,114,94,20,Louisiana,91,Texas,4,Alabama,3,1
SOUTHWESTERN UNIVERSITY,2011,262,159,39,5,13,7,14,301,1,1,0,15,15,0,82,53,8,16,11,1,9,9,0,6,5,0,2,2,0,1,1,0,10,9,1,21,1,6,71,33,19,12,10,2,9,4,2,0,0,0,2,2,0,6,4,0,0,262,159,39,California,246,New York,3,Illinois,2,0
ST. JOHN'S UNIVERSITY,2011,256,219,34,0,1,28,7,292,14,1,13,2,2,0,61,56,5,11,10,1,7,7,0,13,12,1,11,10,1,6,6,0,24,24,0,2,2,0,47,37,10,38,37,0,7,6,1,3,3,0,4,4,0,17,3,14,3,256,219,33,New York,226,New Jersey,6,Florida,4,0
ST. LOUIS UNIVERSITY,2011,269,221,43,11,14,23,1,318,17,1,15,14,14,0,48,45,3,25,21,4,3,2,1,7,7,0,20,20,0,10,9,1,7,6,1,0,0,0,50,28,18,39,38,1,28,22,6,6,5,1,8,2,6,4,2,1,0,269,221,43,Missouri,167,Illinois,45,District of Columbia,13,0
ST. MARY'S UNIVERSITY,2011,207,207,0,4,5,16,4,236,3,3,0,27,27,0,90,90,0,3,3,0,2,2,0,0,0,0,2,2,0,0,0,0,0,0,0,9,9,0,23,23,0,30,30,0,12,12,0,2,2,0,6,6,0,1,1,0,0,207,207,0,Texas,192,unknown,5,Kentucky,2,0
ST. THOMAS UNIVERSITY,2011,145,121,23,11,0,40,6,202,1,1,0,10,9,1,64,59,5,14,14,0,1,1,0,3,3,0,8,8,0,0,0,0,0,0,0,4,1,2,14,7,7,10,10,0,8,7,1,1,0,1,5,0,5,2,1,1,1,145,120,23,Florida,114,New York,5,California,4,0
STANFORD UNIVERSITY,2011,169,169,0,4,0,0,1,174,2,2,0,1,1,0,1,1,0,1,1,0,1,1,0,2,2,0,5,5,0,10,10,0,76,76,0,0,0,0,3,3,0,7,7,0,5,5,0,51,51,0,3,3,0,3,3,0,0,169,169,0,California,70,District of Columbia,28,New York,26,3
STATE UNIVERSITY OF NEW YORK AT BUFFALO,2011,230,184,46,17,2,10,6,265,5,1,4,0,0,0,59,48,11,19,13,6,11,11,0,11,11,0,12,11,1,2,2,0,5,5,0,8,3,5,35,25,10,36,32,4,16,13,3,1,1,0,3,3,0,12,6,6,0,230,184,46,New York,180,District of Columbia,14,Maryland,8,3
STETSON UNIVERSITY,2011,264,232,1,11,12,37,13,337,0,0,0,5,5,0,76,66,0,13,12,0,17,16,0,10,10,0,11,10,0,4,3,0,6,6,0,21,14,0,21,18,0,35,35,0,20,19,0,3,3,0,7,7,0,6,5,0,9,264,229,0,Florida,241,Georgia,4,Virginia,3,1
SUFFOLK UNIVERSITY,2011,392,319,43,8,2,64,21,487,8,0,8,10,9,1,106,90,6,22,20,2,9,7,2,7,7,0,7,6,1,7,7,0,18,16,1,4,2,1,97,78,12,56,50,3,11,8,1,2,2,0,8,8,0,23,6,13,5,392,316,43,Massachusetts,312,unknown,13,New Hampshire,7,4
SYRACUSE UNIVERSITY,2011,154,112,42,9,5,7,14,189,5,0,5,0,0,0,26,25,1,9,7,2,6,5,1,0,0,0,8,7,1,5,5,0,4,4,0,0,0,0,42,22,20,20,16,4,16,10,6,2,2,0,8,8,0,8,1,7,0,154,112,42,New York,80,District of Columbia,13,California,9,5
TEMPLE UNIVERSITY,2011,272,212,57,10,3,7,3,295,41,1,40,2,2,0,39,35,4,18,12,6,8,8,0,5,5,0,7,7,0,11,11,0,13,13,0,4,4,0,33,29,4,32,31,1,43,17,26,9,9,0,23,23,0,19,4,15,6,272,210,56,Pennsylvania,194,New Jersey,14,New York,12,3
"TENNESSEE, UNIVERSITY OF",2011,135,105,30,4,8,15,5,167,1,1,0,5,5,0,29,27,2,6,6,0,9,8,1,5,5,0,8,8,0,3,3,0,4,4,0,2,2,0,16,9,7,22,20,2,6,5,1,2,0,2,13,0,13,5,3,2,0,135,105,30,Tennessee,100,Georgia,7,Texas,4,5
"TEXAS AT AUSTIN, UNIVERSITY OF",2011,349,303,46,8,24,11,0,392,24,3,21,0,0,0,27,26,1,22,19,3,6,5,1,7,7,0,10,10,0,25,25,0,76,76,0,5,5,0,39,25,14,54,40,14,24,12,12,41,41,0,11,11,0,2,1,1,0,349,303,46,Texas,238,California,29,New York,23,4
TEXAS SOUTHERN UNIVERSITY,2011,107,91,13,4,18,6,7,142,2,2,0,26,25,1,28,27,1,1,1,0,2,2,0,0,0,0,0,0,0,0,0,0,0,0,0,6,4,0,22,14,8,10,10,0,4,4,0,1,0,1,2,0,2,4,4,0,1,107,91,13,Texas,90,New York,4,Georgia,3,2
TEXAS TECH UNIVERSITY,2011,196,162,33,8,4,1,1,210,6,0,6,6,6,0,57,49,8,16,16,0,7,7,0,2,2,0,4,4,0,1,1,0,4,4,0,8,3,5,35,24,10,38,31,7,5,4,1,3,3,0,7,6,1,3,2,1,0,196,162,33,Texas,173,New Mexico,5,Virginia,4,0
TEXAS WESLEYAN UNIVERSITY,2011,154,89,16,2,9,31,41,237,0,0,0,16,7,1,49,27,4,8,8,0,4,4,0,0,0,0,0,0,0,0,0,0,0,0,0,4,1,0,40,19,7,21,17,2,4,3,0,1,0,1,1,0,1,4,3,0,2,154,89,16,Texas,140,Missouri,2,Pennsylvania,2,0
THOMAS JEFFERSON SCHOOL OF LAW,2011,151,102,34,7,2,19,42,221,2,0,2,13,13,0,42,29,10,5,5,0,2,1,1,6,4,1,1,1,0,0,0,0,5,3,2,19,13,3,28,19,6,15,8,5,2,2,0,2,0,2,1,0,1,7,3,3,3,151,101,34,California,105,New York,5,Nevada,3,2
THOMAS M. COOLEY LAW SCHOOL,2011,586,375,61,22,32,132,155,927,4,3,1,86,62,1,163,110,7,22,15,3,8,6,0,5,3,0,9,6,2,2,1,0,2,1,1,8,3,1,103,63,20,88,68,5,17,9,1,1,0,0,20,4,10,16,10,2,36,586,361,53,Michigan,233,Illinois,47,unknown,47,10
"TOLEDO, UNIVERSITY OF",2011,145,84,44,2,1,13,0,161,3,2,1,7,7,0,28,21,7,4,4,0,2,2,0,2,1,1,4,3,1,1,1,0,0,0,0,7,3,3,35,13,14,17,13,4,11,4,6,2,2,0,6,5,0,7,4,2,12,145,83,38,Ohio,88,Michigan,19,District of Columbia,5,3
TOURO COLLEGE,2011,136,117,19,2,11,31,5,185,2,2,0,1,1,0,68,60,8,6,6,0,3,3,0,3,3,0,1,1,0,1,1,0,3,3,0,0,0,0,17,15,2,16,16,0,3,2,1,1,1,0,10,2,8,3,3,0,0,136,117,19,New York,122,New Jersey,8,Connecticut,1,1
TULANE UNIVERSITY,2011,215,174,41,11,5,16,5,252,3,2,1,8,8,0,38,32,6,14,13,1,10,8,2,9,7,2,3,3,0,11,11,0,14,13,1,5,2,3,36,18,18,30,25,5,14,14,0,7,7,0,8,8,0,6,4,2,2,215,173,40,Louisiana,95,Texas,30,New York,10,4
"TULSA, UNIVERSITY OF",2011,122,118,3,3,3,3,1,132,3,0,3,5,5,0,38,38,0,7,7,0,4,4,0,1,1,0,3,3,0,0,0,0,0,0,0,4,4,0,26,26,0,20,19,1,7,7,0,1,1,0,0,0,0,5,3,2,1,122,118,3,Oklahoma,78,Texas,11,District of Columbia,4,4
UNIVERISTY OF NEVADA - LAS VEGAS,2011,136,126,10,1,7,2,0,146,3,3,0,8,8,0,45,42,3,3,3,0,5,4,1,4,4,0,4,4,0,3,3,0,2,2,0,1,1,0,12,9,3,12,10,2,7,6,1,3,3,0,24,24,0,3,3,0,0,136,126,10,Nevada,122,California,4,Utah,4,0
UNIVERSITY OF LA VERNE,2011,58,55,3,5,5,29,0,97,1,1,0,2,2,0,24,22,2,5,5,0,1,1,0,1,1,0,1,1,0,0,0,0,2,2,0,0,0,0,15,14,1,4,4,0,0,0,0,1,1,0,0,0,0,2,2,0,0,58,55,3,California,48,Utah,3,Nevada,2,1
UNIVERSITY OF ST. THOMAS,2011,134,97,31,3,2,14,2,155,2,0,2,4,4,0,30,28,2,6,6,0,1,0,1,3,3,0,2,2,0,2,2,0,0,0,0,0,0,0,35,29,3,15,10,5,11,9,2,0,0,0,15,2,13,6,2,4,4,134,97,30,Minnesota,101,California,4,Iowa,4,0
"UTAH, UNIVERSITY OF",2011,115,103,12,4,1,2,4,126,5,2,3,7,7,0,35,30,5,4,4,0,9,9,0,5,4,1,2,2,0,3,3,0,1,1,0,0,0,0,12,10,2,16,15,1,4,2,2,5,5,0,9,9,0,3,2,1,0,115,103,12,Utah,82,Nevada,8,Colorado,4,0
VALPARAISO UNIVERSITY,2011,124,124,0,3,6,43,0,176,1,1,0,4,4,0,40,40,0,9,9,0,4,4,0,1,1,0,3,3,0,2,2,0,1,1,0,1,1,0,25,25,0,21,21,0,5,5,0,0,0,0,0,0,0,2,2,0,6,124,118,0,Indiana,48,Illinois,25,unknown,20,0
VANDERBILT UNIVERSITY,2011,185,162,23,10,3,1,3,202,22,1,21,0,0,0,10,10,0,10,10,0,6,6,0,8,8,0,13,13,0,14,14,0,33,33,0,1,1,0,12,12,0,27,16,11,16,4,12,25,25,0,9,9,0,1,1,0,0,185,162,23,Tennessee,35,New York,19,District of Columbia,18,3
VERMONT LAW SCHOOL,2011,125,65,60,18,6,13,0,162,5,0,5,1,1,0,25,18,7,1,1,0,3,1,2,3,3,0,0,0,0,0,0,0,2,2,0,0,0,0,22,6,16,18,13,5,19,15,4,3,1,2,19,2,17,9,2,7,0,125,65,60,Vermont,21,New York,16,Massachusetts,13,3
VILLANOVA UNIVERSITY,2011,183,153,21,8,7,30,5,233,4,0,4,0,0,0,37,29,7,12,12,0,9,9,0,9,9,0,11,10,1,5,5,0,19,17,1,0,0,0,28,18,6,14,12,2,7,6,0,5,5,0,22,20,0,5,1,4,0,183,153,21,Pennsylvania,102,New Jersey,23,New York,23,1
"VIRGINIA, UNIVERSITY OF",2011,367,327,40,2,3,1,1,374,40,1,39,1,1,0,22,21,1,3,3,0,0,0,0,7,7,0,13,13,0,35,35,0,142,142,0,2,2,0,10,10,0,50,40,10,27,4,23,39,37,2,13,11,2,3,1,2,0,367,327,40,District of Columbia,83,New York,73,Virginia,51,6
WAKE FOREST UNIVERSITY,2011,134,102,30,13,0,6,8,161,11,0,11,1,1,0,23,23,0,10,10,0,4,4,0,5,5,0,6,5,1,6,5,1,6,6,0,1,1,0,24,8,15,17,12,4,13,6,7,7,7,0,7,6,1,4,3,1,0,134,102,30,North Carolina,68,New York,7,Texas,7,1
WASHBURN UNIVERSITY,2011,116,95,21,5,0,11,7,139,1,1,0,11,5,6,32,29,3,5,4,1,2,2,0,0,0,0,2,2,0,2,2,0,1,1,0,0,0,0,12,8,4,26,22,4,13,11,2,2,2,0,5,5,0,2,1,1,1,116,94,21,Kansas,75,Missouri,13,Colorado,4,0
WASHINGTON AND LEE UNIVERSITY,2011,111,97,14,5,0,2,5,123,13,8,5,1,0,1,13,10,3,0,0,0,2,2,0,5,5,0,4,4,0,5,5,0,6,6,0,0,0,0,8,6,2,23,22,1,10,8,2,14,14,0,9,8,1,10,6,4,1,111,96,14,Virginia,34,District of Columbia,17,New York,10,3
WASHINGTON UNIVERSITY,2011,217,194,22,18,3,27,4,269,13,1,12,3,3,0,19,19,0,9,7,2,9,9,0,10,10,0,19,17,2,11,11,0,37,36,1,4,4,0,25,21,3,37,35,2,12,5,7,10,7,3,2,2,0,8,7,1,2,217,193,21,Missouri,60,New York,24,Illinois,23,11
"WASHINGTON, UNIVERSITY OF",2011,169,118,51,2,2,3,0,176,1,1,0,3,2,1,31,18,13,3,3,0,8,7,1,1,1,0,4,4,0,17,11,6,5,5,0,1,0,1,23,7,16,27,24,3,15,8,7,8,8,0,18,18,0,3,2,1,2,169,118,49,Washington,116,California,13,New York,7,5
WAYNE STATE UNIVERSITY,2011,122,98,17,4,1,15,3,145,0,0,0,7,5,2,26,19,7,11,9,2,13,11,2,2,2,0,14,14,0,3,3,0,1,1,0,0,0,0,22,16,0,11,8,3,7,5,1,2,2,0,3,3,0,0,0,0,0,122,98,17,Michigan,113,Ohio,2,Illinois,1,0
WEST VIRGINIA UNIVERSITY,2011,116,112,4,4,4,2,0,126,0,0,0,2,2,0,26,26,0,3,3,0,11,11,0,3,3,0,12,12,0,1,1,0,0,0,0,0,0,0,28,24,4,11,11,0,5,5,0,3,3,0,11,11,0,0,0,0,0,116,112,4,West Virginia,88,Pennsylvania,7,District of Columbia,5,0
WESTERN NEW ENGLAND COLLEGE,2011,124,108,13,9,1,29,10,173,3,3,0,8,8,0,32,28,4,2,2,0,4,2,2,2,2,0,0,0,0,1,1,0,2,2,0,0,0,0,32,24,6,20,18,2,8,8,0,1,1,0,8,8,0,4,4,0,0,124,108,14,Connecticut,42,Massachusetts,42,New York,18,0
WESTERN STATE SCHOOL OF LAW,2011,55,48,6,0,0,19,3,77,1,0,1,2,2,0,32,29,3,5,4,1,0,0,0,2,1,1,1,1,0,0,0,0,1,1,0,0,0,0,5,4,0,4,4,0,1,1,0,0,0,0,0,0,0,2,1,1,0,55,48,6,California,44,Pennsylvania,2,Hawaii,1,1
WHITTIER COLLEGE,2011,118,70,42,4,4,6,6,138,0,0,0,1,0,0,45,31,13,1,0,1,7,5,2,1,1,0,2,2,0,1,0,1,1,1,0,0,0,0,38,18,17,6,3,3,7,4,3,1,1,0,0,0,0,6,4,2,1,118,70,42,California,101,Nevada,3,unknown,3,1
WIDENER UNIVERSITY,2011,195,164,31,10,8,16,25,254,0,0,0,6,4,2,38,31,7,24,24,0,7,7,0,8,7,1,2,2,0,0,0,0,1,1,0,2,2,0,45,27,18,19,18,1,7,7,0,2,2,0,30,30,0,4,2,2,0,195,164,31,Pennsylvania,97,Delaware,45,New Jersey,33,0
WIDENER UNIVERSITY-HARRISBURG,2011,93,69,24,6,10,6,7,122,0,0,0,2,0,2,24,18,6,7,6,1,1,1,0,1,1,0,1,1,0,0,0,0,0,0,0,1,1,0,15,7,8,13,10,3,7,6,1,1,1,0,17,17,0,2,0,2,1,93,69,23,Pennsylvania,67,New Jersey,13,Florida,3,1
WILLAMETTE UNIVERSITY,2011,113,93,20,2,16,2,2,135,4,1,3,15,15,0,41,35,6,4,4,0,3,3,0,1,1,0,1,1,0,0,0,0,0,0,0,8,2,6,17,11,6,12,12,0,4,3,1,0,0,0,5,5,0,2,1,1,0,113,93,20,Oregon,78,Washington,13,California,6,0
WILLIAM AND MARY SCHOOL OF LAW,2011,186,169,17,8,3,9,8,214,2,2,0,1,1,0,23,21,2,8,7,1,5,5,0,4,4,0,9,9,0,9,9,0,17,17,0,0,0,0,18,7,11,41,39,2,9,8,1,13,13,0,26,26,0,3,3,0,0,186,169,17,Virginia,86,District of Columbia,28,Pennsylvania,7,2
WILLIAM MITCHELL COLLEGE OF LAW,2011,264,207,35,1,10,25,0,300,0,0,0,20,17,3,51,44,7,9,7,2,7,5,2,3,3,0,10,10,0,6,6,0,0,0,0,3,1,1,71,53,14,30,22,3,13,11,1,0,0,0,23,23,0,4,4,0,14,264,206,33,Minnesota,208,Wisconsin,10,Virginia,5,0
"WISCONSIN, UNIVERSITY OF",2011,239,220,19,9,1,5,3,257,7,1,6,18,18,0,52,50,2,9,8,1,4,4,0,3,2,1,7,7,0,12,12,0,15,15,0,0,0,0,24,20,4,55,50,5,23,20,3,2,2,0,9,9,0,6,3,3,0,239,220,19,Wisconsin,138,Illinois,19,California,12,6
"WYOMING, UNIVERSITY OF",2011,53,51,2,2,0,12,0,67,0,0,0,0,0,0,28,27,1,4,4,0,0,0,0,2,2,0,0,0,0,0,0,0,0,0,0,0,0,0,6,6,0,7,6,1,4,4,0,1,1,0,1,1,0,0,0,0,0,53,51,2,Wyoming,32,Colorado,6,Arizona,3,2
YALE UNIVERSITY,2011,190,187,3,9,3,4,1,207,19,19,0,0,0,0,1,1,0,0,0,0,2,2,0,1,1,0,5,5,0,4,4,0,52,52,0,3,3,0,8,8,0,19,18,1,20,19,1,62,62,0,7,7,0,6,5,1,0,190,187,3,New York,45,District of Columbia,42,California,17,9
YESHIVA UNIVERSITY,2011,324,233,90,12,18,16,13,383,59,0,59,1,1,0,52,32,20,13,11,2,9,7,2,7,7,0,5,5,0,19,17,2,47,47,0,6,3,3,60,39,20,45,27,18,36,18,18,7,6,1,11,11,0,6,2,4,0,324,233,90,New York,266,New Jersey,17,District of Columbia,8,3